"type","context","n","ratio","blosum62"
"Stop_gain","A[C>A]A",41140,0.0495175231127914,NA
"Missense","A[C>A]A",743989,0.89549082409243,0.0994221688761527
"Synonymous","A[C>A]A",31705,0.0381612316551058,NA
"splice_site","A[C>A]A",13983,0.0168304211396734,NA
"Stop_gain","A[C>G]A",41140,0.0495175231127914,NA
"Missense","A[C>G]A",743989,0.89549082409243,0.411773561168243
"Synonymous","A[C>G]A",31705,0.0381612316551058,NA
"splice_site","A[C>G]A",13983,0.0168304211396734,NA
"Stop_gain","A[C>T]A",73195,0.0881000268410492,NA
"Missense","A[C>T]A",500787,0.602764507707473,0.552973619522871
"Synonymous","A[C>T]A",242852,0.292305044311804,NA
"splice_site","A[C>T]A",13983,0.0168304211396734,NA
"Stop_gain","A[C>A]C",34001,0.0423579213835185,NA
"Missense","A[C>A]C",615440,0.766705659723909,-0.375765306122449
"Synonymous","A[C>A]C",20016,0.0249356240820125,NA
"splice_site","A[C>A]C",133250,0.16600079481056,NA
"Stop_gain","A[C>G]C",34001,0.0423579213835185,NA
"Missense","A[C>G]C",615440,0.766705659723909,0.427440530352268
"Synonymous","A[C>G]C",20016,0.0249356240820125,NA
"splice_site","A[C>G]C",133250,0.16600079481056,NA
"Stop_gain","A[C>T]C",14572,0.018153572847876,NA
"Missense","A[C>T]C",450806,0.561607161766373,-0.13590324884762
"Synonymous","A[C>T]C",204079,0.254238470575191,NA
"splice_site","A[C>T]C",133250,0.16600079481056,NA
"Stop_gain","A[C>A]G",16494,0.0526208326686872,NA
"Missense","A[C>A]G",241851,0.771577604083586,-0.247239002526349
"Synonymous","A[C>A]G",46759,0.149175307066518,NA
"splice_site","A[C>A]G",8346,0.0266262561812091,NA
"Stop_gain","A[C>G]G",16494,0.0526208326686872,NA
"Missense","A[C>G]G",261678,0.834831711596746,-0.228169735323566
"Synonymous","A[C>G]G",26932,0.0859211995533578,NA
"splice_site","A[C>G]G",8346,0.0266262561812091,NA
"Stop_gain","A[C>T]G",8976,0.0286361461158079,NA
"Missense","A[C>T]G",183817,0.586431647790716,0.0630083180554573
"Synonymous","A[C>T]G",112311,0.358305949912267,NA
"splice_site","A[C>T]G",8346,0.0266262561812091,NA
"Stop_gain","A[C>A]T",24483,0.0348871010490497,NA
"Missense","A[C>A]T",606046,0.863586490314601,0.141502460209291
"Synonymous","A[C>A]T",37557,0.0535169241555022,NA
"splice_site","A[C>A]T",33692,0.0480094844808472,NA
"Stop_gain","A[C>G]T",24483,0.0348871010490497,NA
"Missense","A[C>G]T",643603,0.917103414470103,0.925646710782889
"Synonymous","A[C>G]T",0,0,NA
"splice_site","A[C>G]T",33692,0.0480094844808472,NA
"Stop_gain","A[C>T]T",0,0,NA
"Missense","A[C>T]T",370893,0.528504740815472,0.636668796661032
"Synonymous","A[C>T]T",297193,0.423485774703681,NA
"splice_site","A[C>T]T",33692,0.0480094844808472,NA
"Stop_gain","A[T>A]A",20422,0.0466478296721495,NA
"Missense","A[T>A]A",361074,0.824763414506009,0.357369957404853
"Synonymous","A[T>A]A",51271,0.117112960293839,NA
"splice_site","A[T>A]A",5024,0.0114757955280031,NA
"Stop_gain","A[T>C]A",0,0,NA
"Missense","A[T>C]A",315812,0.721376181785372,0.209301736476131
"Synonymous","A[T>C]A",116955,0.267148022686624,NA
"splice_site","A[T>C]A",5024,0.0114757955280031,NA
"Stop_gain","A[T>G]A",20422,0.0466478296721495,NA
"Missense","A[T>G]A",361074,0.824763414506009,-0.847975761201305
"Synonymous","A[T>G]A",51271,0.117112960293839,NA
"splice_site","A[T>G]A",5024,0.0114757955280031,NA
"Stop_gain","A[T>A]C",17423,0.0250254232906069,NA
"Missense","A[T>A]C",588222,0.844889200415965,-1.50496751226578
"Synonymous","A[T>A]C",66936,0.0961431288170845,NA
"splice_site","A[T>A]C",23631,0.0339422474763434,NA
"Stop_gain","A[T>C]C",0,0,NA
"Missense","A[T>C]C",536807,0.771039568407324,-0.268336664760333
"Synonymous","A[T>C]C",135774,0.195018184116332,NA
"splice_site","A[T>C]C",23631,0.0339422474763434,NA
"Stop_gain","A[T>G]C",17423,0.0250254232906069,NA
"Missense","A[T>G]C",588222,0.844889200415965,-0.7055363451214
"Synonymous","A[T>G]C",66936,0.0961431288170845,NA
"splice_site","A[T>G]C",23631,0.0339422474763434,NA
"Stop_gain","A[T>A]G",45165,0.0526682813686173,NA
"Missense","A[T>A]G",650956,0.75909960736388,-0.473918360073492
"Synonymous","A[T>A]G",137307,0.160117872464978,NA
"splice_site","A[T>A]G",24109,0.028114238802524,NA
"Stop_gain","A[T>C]G",0,0,NA
"Missense","A[T>C]G",516457,0.602256229177283,0.35200219960229
"Synonymous","A[T>C]G",316971,0.369629532020193,NA
"splice_site","A[T>C]G",24109,0.028114238802524,NA
"Stop_gain","A[T>G]G",45165,0.0526682813686173,NA
"Missense","A[T>G]G",650956,0.75909960736388,-0.0130438923675333
"Synonymous","A[T>G]G",137307,0.160117872464978,NA
"splice_site","A[T>G]G",24109,0.028114238802524,NA
"Stop_gain","A[T>A]T",16681,0.0260259994757667,NA
"Missense","A[T>A]T",565812,0.882790169377286,-1.11375686623826
"Synonymous","A[T>A]T",48469,0.0756222150105471,NA
"splice_site","A[T>A]T",9974,0.0155616161364005,NA
"Stop_gain","A[T>C]T",0,0,NA
"Missense","A[T>C]T",426232,0.66501491568581,0.58193894404925
"Synonymous","A[T>C]T",204730,0.31942346817779,NA
"splice_site","A[T>C]T",9974,0.0155616161364005,NA
"Stop_gain","A[T>G]T",16681,0.0260259994757667,NA
"Missense","A[T>G]T",583713,0.910719635033763,-0.0125421225842152
"Synonymous","A[T>G]T",30568,0.0476927493540697,NA
"splice_site","A[T>G]T",9974,0.0155616161364005,NA
"Stop_gain","C[C>A]A",57178,0.047312845829034,NA
"Missense","C[C>A]A",797116,0.659586316692718,-0.127720432157929
"Synonymous","C[C>A]A",329652,0.272775792319296,NA
"splice_site","C[C>A]A",24563,0.0203250451589521,NA
"Stop_gain","C[C>G]A",0,0,NA
"Missense","C[C>G]A",854294,0.706899162521752,-0.568409704387483
"Synonymous","C[C>G]A",329652,0.272775792319296,NA
"splice_site","C[C>G]A",24563,0.0203250451589521,NA
"Stop_gain","C[C>T]A",221084,0.182939473351047,NA
"Missense","C[C>T]A",633210,0.523959689170705,-0.195691792612246
"Synonymous","C[C>T]A",329652,0.272775792319296,NA
"splice_site","C[C>T]A",24563,0.0203250451589521,NA
"Stop_gain","C[C>A]C",28251,0.0300740594072054,NA
"Missense","C[C>A]C",618791,0.658722073365333,-2.03630304901009
"Synonymous","C[C>A]C",267837,0.285120733759784,NA
"splice_site","C[C>A]C",24502,0.0260831334676771,NA
"Stop_gain","C[C>G]C",0,0,NA
"Missense","C[C>G]C",647042,0.688796132772538,-1.31602585303582
"Synonymous","C[C>G]C",267837,0.285120733759784,NA
"splice_site","C[C>G]C",24502,0.0260831334676771,NA
"Stop_gain","C[C>T]C",29314,0.0312056556391922,NA
"Missense","C[C>T]C",593913,0.632238676319832,-1.74012860469463
"Synonymous","C[C>T]C",291652,0.310472534573299,NA
"splice_site","C[C>T]C",24502,0.0260831334676771,NA
"Stop_gain","C[C>A]G",10504,0.0196831286130553,NA
"Missense","C[C>A]G",271035,0.507884307277173,-1.38841846993931
"Synonymous","C[C>A]G",240082,0.449882414668653,NA
"splice_site","C[C>A]G",12034,0.0225501494411183,NA
"Stop_gain","C[C>G]G",0,0,NA
"Missense","C[C>G]G",338165,0.633677188445719,-2
"Synonymous","C[C>G]G",183456,0.343772662113163,NA
"splice_site","C[C>G]G",12034,0.0225501494411183,NA
"Stop_gain","C[C>T]G",18574,0.0348052580787213,NA
"Missense","C[C>T]G",319591,0.598871930366997,-1.10569133673977
"Synonymous","C[C>T]G",183456,0.343772662113163,NA
"splice_site","C[C>T]G",12034,0.0225501494411183,NA
"Stop_gain","C[C>A]T",39264,0.0343220683451822,NA
"Missense","C[C>A]T",690770,0.603826791738018,-0.24198503119707
"Synonymous","C[C>A]T",268404,0.234621547272827,NA
"splice_site","C[C>A]T",145549,0.127229592643972,NA
"Stop_gain","C[C>G]T",0,0,NA
"Missense","C[C>G]T",846415,0.739881659494382,-0.216398575167028
"Synonymous","C[C>G]T",152023,0.132888747861645,NA
"splice_site","C[C>G]T",145549,0.127229592643972,NA
"Stop_gain","C[C>T]T",0,0,NA
"Missense","C[C>T]T",449405,0.39284100256384,-0.922339537833357
"Synonymous","C[C>T]T",549033,0.479929404792187,NA
"splice_site","C[C>T]T",145549,0.127229592643972,NA
"Stop_gain","C[T>A]A",14372,0.0351046887670858,NA
"Missense","C[T>A]A",207515,0.506870963644713,-1.71185697419464
"Synonymous","C[T>A]A",139834,0.341555040986409,NA
"splice_site","C[T>A]A",47683,0.116469306601792,NA
"Stop_gain","C[T>C]A",0,0,NA
"Missense","C[T>C]A",262234,0.640526228370998,0.129468337439081
"Synonymous","C[T>C]A",99487,0.24300446502721,NA
"splice_site","C[T>C]A",47683,0.116469306601792,NA
"Stop_gain","C[T>G]A",0,0,NA
"Missense","C[T>G]A",198895,0.485815966624654,-2.07904673320094
"Synonymous","C[T>G]A",162826,0.397714726773554,NA
"splice_site","C[T>G]A",47683,0.116469306601792,NA
"Stop_gain","C[T>A]C",27678,0.0269924985078935,NA
"Missense","C[T>A]C",758224,0.739445053423263,-1.52404698347718
"Synonymous","C[T>A]C",208575,0.20340921946253,NA
"splice_site","C[T>A]C",30919,0.030153228606314,NA
"Stop_gain","C[T>C]C",0,0,NA
"Missense","C[T>C]C",751763,0.733144073119068,-1.83087222967877
"Synonymous","C[T>C]C",242714,0.236702698274618,NA
"splice_site","C[T>C]C",30919,0.030153228606314,NA
"Stop_gain","C[T>G]C",0,0,NA
"Missense","C[T>G]C",726819,0.708817861587133,-0.799299412921236
"Synonymous","C[T>G]C",267658,0.261028909806553,NA
"splice_site","C[T>G]C",30919,0.030153228606314,NA
"Stop_gain","C[T>A]G",30187,0.0201013089456718,NA
"Missense","C[T>A]G",875935,0.58327889658883,-0.499588439781491
"Synonymous","C[T>A]G",468176,0.311755073937418,NA
"splice_site","C[T>A]G",127445,0.0848647205280797,NA
"Stop_gain","C[T>C]G",0,0,NA
"Missense","C[T>C]G",906122,0.603380205534502,-0.931568817444009
"Synonymous","C[T>C]G",468176,0.311755073937418,NA
"splice_site","C[T>C]G",127445,0.0848647205280797,NA
"Stop_gain","C[T>G]G",0,0,NA
"Missense","C[T>G]G",844136,0.562104168289781,-1.24744353990352
"Synonymous","C[T>G]G",530162,0.35303111118214,NA
"splice_site","C[T>G]G",127445,0.0848647205280797,NA
"Stop_gain","C[T>A]T",27844,0.0279951739392721,NA
"Missense","C[T>A]T",790219,0.79450935049266,-0.574668541252488
"Synonymous","C[T>A]T",130967,0.131678061532274,NA
"splice_site","C[T>A]T",45570,0.0458174140357933,NA
"Stop_gain","C[T>C]T",0,0,NA
"Missense","C[T>C]T",578497,0.581637844359542,0.129615192472908
"Synonymous","C[T>C]T",370533,0.372544741604665,NA
"splice_site","C[T>C]T",45570,0.0458174140357933,NA
"Stop_gain","C[T>G]T",0,0,NA
"Missense","C[T>G]T",809112,0.81350492660366,-0.476052759074145
"Synonymous","C[T>G]T",139918,0.140677659360547,NA
"splice_site","C[T>G]T",45570,0.0458174140357933,NA
"Stop_gain","G[C>A]A",30514,0.0317710204230375,NA
"Missense","G[C>A]A",788106,0.820571928344969,0.240942208281627
"Synonymous","G[C>A]A",129738,0.135082540723735,NA
"splice_site","G[C>A]A",12077,0.0125745105082593,NA
"Stop_gain","G[C>G]A",0,0,NA
"Missense","G[C>G]A",818620,0.852342948768006,0.0280472013877013
"Synonymous","G[C>G]A",129738,0.135082540723735,NA
"splice_site","G[C>G]A",12077,0.0125745105082593,NA
"Stop_gain","G[C>T]A",120249,0.125202642552593,NA
"Missense","G[C>T]A",611513,0.636704201741919,0.325065861232713
"Synonymous","G[C>T]A",216596,0.225518645197228,NA
"splice_site","G[C>T]A",12077,0.0125745105082593,NA
"Stop_gain","G[C>A]C",30061,0.0287279100615059,NA
"Missense","G[C>A]C",845381,0.807891598273707,-1.24943073004953
"Synonymous","G[C>A]C",145065,0.138631924189892,NA
"splice_site","G[C>A]C",25897,0.024748567474895,NA
"Stop_gain","G[C>G]C",0,0,NA
"Missense","G[C>G]C",875442,0.836619508335213,-0.599467469004229
"Synonymous","G[C>G]C",145065,0.138631924189892,NA
"splice_site","G[C>G]C",25897,0.024748567474895,NA
"Stop_gain","G[C>T]C",22174,0.0211906682313906,NA
"Missense","G[C>T]C",749902,0.716646725356554,-0.437911887153255
"Synonymous","G[C>T]C",248431,0.23741403893716,NA
"splice_site","G[C>T]C",25897,0.024748567474895,NA
"Stop_gain","G[C>A]G",12460,0.0276044805217823,NA
"Missense","G[C>A]G",279465,0.619140140370777,-0.794883080171041
"Synonymous","G[C>A]G",154380,0.342020842933607,NA
"splice_site","G[C>A]G",5071,0.0112345361738329,NA
"Stop_gain","G[C>G]G",0,0,NA
"Missense","G[C>G]G",338464,0.749849349544504,-1.35643081686679
"Synonymous","G[C>G]G",107841,0.238916114281663,NA
"splice_site","G[C>G]G",5071,0.0112345361738329,NA
"Stop_gain","G[C>T]G",12163,0.0269464925029244,NA
"Missense","G[C>T]G",291090,0.644894721916983,-0.748387096774194
"Synonymous","G[C>T]G",143052,0.31692424940626,NA
"splice_site","G[C>T]G",5071,0.0112345361738329,NA
"Stop_gain","G[C>A]T",20306,0.0195895702372821,NA
"Missense","G[C>A]T",804332,0.775953817004511,-0.220558177469005
"Synonymous","G[C>A]T",177585,0.171319503131476,NA
"splice_site","G[C>A]T",34349,0.0331371096267312,NA
"Stop_gain","G[C>G]T",0,0,NA
"Missense","G[C>G]T",938249,0.905146000470783,0.33941203241357
"Synonymous","G[C>G]T",63974,0.0617168899024863,NA
"splice_site","G[C>G]T",34349,0.0331371096267312,NA
"Stop_gain","G[C>T]T",0,0,NA
"Missense","G[C>T]T",525337,0.50680222888521,0.306224385489695
"Synonymous","G[C>T]T",476886,0.460060661488059,NA
"splice_site","G[C>T]T",34349,0.0331371096267312,NA
"Stop_gain","G[T>A]A",16584,0.0335954687443025,NA
"Missense","G[T>A]A",331037,0.670606800935098,0.535849466978012
"Synonymous","G[T>A]A",58296,0.118094636150377,NA
"splice_site","G[T>A]A",87721,0.177703094170222,NA
"Stop_gain","G[T>C]A",0,0,NA
"Missense","G[T>C]A",338320,0.685360527350001,-0.209431898794041
"Synonymous","G[T>C]A",67597,0.136936378479777,NA
"splice_site","G[T>C]A",87721,0.177703094170222,NA
"Stop_gain","G[T>G]A",0,0,NA
"Missense","G[T>G]A",347621,0.704202269679401,-1.96686046009879
"Synonymous","G[T>G]A",58296,0.118094636150377,NA
"splice_site","G[T>G]A",87721,0.177703094170222,NA
"Stop_gain","G[T>A]C",15826,0.0241698025608445,NA
"Missense","G[T>A]C",555042,0.847671904017203,-1.4194421323071
"Synonymous","G[T>A]C",63841,0.0974993280226762,NA
"splice_site","G[T>A]C",20075,0.0306589653992767,NA
"Stop_gain","G[T>C]C",0,0,NA
"Missense","G[T>C]C",514594,0.78589886130388,-0.576337850810542
"Synonymous","G[T>C]C",120115,0.183442173296843,NA
"splice_site","G[T>C]C",20075,0.0306589653992767,NA
"Stop_gain","G[T>G]C",0,0,NA
"Missense","G[T>G]C",570868,0.871841706578047,-1.45570604763273
"Synonymous","G[T>G]C",63841,0.0974993280226762,NA
"splice_site","G[T>G]C",20075,0.0306589653992767,NA
"Stop_gain","G[T>A]G",43632,0.0485980933668815,NA
"Missense","G[T>A]G",629842,0.701529160303983,-1.28016867722381
"Synonymous","G[T>A]G",164084,0.182759661533081,NA
"splice_site","G[T>A]G",60255,0.0671130847960544,NA
"Stop_gain","G[T>C]G",0,0,NA
"Missense","G[T>C]G",580119,0.646146803398926,-0.356935387394655
"Synonymous","G[T>C]G",257439,0.28674011180502,NA
"splice_site","G[T>C]G",60255,0.0671130847960544,NA
"Stop_gain","G[T>G]G",0,0,NA
"Missense","G[T>G]G",673474,0.750127253670865,-2.06292893266852
"Synonymous","G[T>G]G",164084,0.182759661533081,NA
"splice_site","G[T>G]G",60255,0.0671130847960544,NA
"Stop_gain","G[T>A]T",11464,0.0190691322580055,NA
"Missense","G[T>A]T",527826,0.877981839080077,-1.03921557482958
"Synonymous","G[T>A]T",43534,0.0724141315177958,NA
"splice_site","G[T>A]T",18357,0.0305348971441213,NA
"Stop_gain","G[T>C]T",0,0,NA
"Missense","G[T>C]T",384982,0.640376192860386,0.391044256614595
"Synonymous","G[T>C]T",197842,0.329088909995492,NA
"splice_site","G[T>C]T",18357,0.0305348971441213,NA
"Stop_gain","G[T>G]T",0,0,NA
"Missense","G[T>G]T",561301,0.93366390488056,-0.594712997126319
"Synonymous","G[T>G]T",21523,0.0358011979753186,NA
"splice_site","G[T>G]T",18357,0.0305348971441213,NA
"Stop_gain","T[C>A]A",283325,0.298962218857333,NA
"Missense","T[C>A]A",450647,0.47551902247031,-0.141066067232224
"Synonymous","T[C>A]A",206623,0.218026896839173,NA
"splice_site","T[C>A]A",7100,0.00749186183318473,NA
"Stop_gain","T[C>G]A",108432,0.114416558069843,NA
"Missense","T[C>G]A",736626,0.777281720384723,0.933494066188269
"Synonymous","T[C>G]A",95537,0.100809859712249,NA
"splice_site","T[C>G]A",7100,0.00749186183318473,NA
"Stop_gain","T[C>T]A",83242,0.0878362764391497,NA
"Missense","T[C>T]A",599585,0.632677179894375,0.697258937431724
"Synonymous","T[C>T]A",257768,0.27199468183329,NA
"splice_site","T[C>T]A",7100,0.00749186183318473,NA
"Stop_gain","T[C>A]C",203541,0.196223246469416,NA
"Missense","T[C>A]C",630934,0.608250513596448,-2.01992601444842
"Synonymous","T[C>A]C",179770,0.173306867008647,NA
"splice_site","T[C>A]C",23048,0.0222193729254897,NA
"Stop_gain","T[C>G]C",0,0,NA
"Missense","T[C>G]C",922457,0.889292610670274,0.0654176834258941
"Synonymous","T[C>G]C",91788,0.0884880164042368,NA
"splice_site","T[C>G]C",23048,0.0222193729254897,NA
"Stop_gain","T[C>T]C",28902,0.0278629085513929,NA
"Missense","T[C>T]C",725548,0.699462928989206,-0.473668179086704
"Synonymous","T[C>T]C",259795,0.250454789533912,NA
"splice_site","T[C>T]C",23048,0.0222193729254897,NA
"Stop_gain","T[C>A]G",97633,0.291053430199107,NA
"Missense","T[C>A]G",134004,0.399478904268036,-1.90831616966658
"Synonymous","T[C>A]G",100606,0.2999162311781,NA
"splice_site","T[C>A]G",3204,0.00955143435475649,NA
"Stop_gain","T[C>G]G",0,0,NA
"Missense","T[C>G]G",296402,0.883603072914648,-0.64972908414923
"Synonymous","T[C>G]G",35841,0.106845492730595,NA
"splice_site","T[C>G]G",3204,0.00955143435475649,NA
"Stop_gain","T[C>T]G",14432,0.0430231899525111,NA
"Missense","T[C>T]G",229908,0.685378017987939,0.0509943107677854
"Synonymous","T[C>T]G",87903,0.262047357704794,NA
"splice_site","T[C>T]G",3204,0.00955143435475649,NA
"Stop_gain","T[C>A]T",168297,0.160574491004138,NA
"Missense","T[C>A]T",697770,0.665751989565811,-0.770732476317411
"Synonymous","T[C>A]T",144176,0.137560311918885,NA
"splice_site","T[C>A]T",37850,0.0361132075111655,NA
"Stop_gain","T[C>G]T",0,0,NA
"Missense","T[C>G]T",984551,0.939373700616262,0.428421686636853
"Synonymous","T[C>G]T",25692,0.0245130918725724,NA
"splice_site","T[C>G]T",37850,0.0361132075111655,NA
"Stop_gain","T[C>T]T",0,0,NA
"Missense","T[C>T]T",561214,0.535462024839399,0.373242648971694
"Synonymous","T[C>T]T",449029,0.428424767649436,NA
"splice_site","T[C>T]T",37850,0.0361132075111655,NA
"Stop_gain","T[T>A]A",141856,0.347700762041556,NA
"Missense","T[T>A]A",145408,0.35640700715471,-1.33933483714789
"Synonymous","T[T>A]A",116690,0.286016819328256,NA
"splice_site","T[T>A]A",4029,0.00987541147547815,NA
"Stop_gain","T[T>C]A",0,0,NA
"Missense","T[T>C]A",295914,0.725309632999414,0.554052866711274
"Synonymous","T[T>C]A",108040,0.264814955525108,NA
"splice_site","T[T>C]A",4029,0.00987541147547815,NA
"Stop_gain","T[T>G]A",69730,0.170913984161105,NA
"Missense","T[T>G]A",263016,0.644673920236873,0.156203424886699
"Synonymous","T[T>G]A",71208,0.174536684126544,NA
"splice_site","T[T>G]A",4029,0.00987541147547815,NA
"Stop_gain","T[T>A]C",162187,0.16266800930351,NA
"Missense","T[T>A]C",666209,0.668184822520192,-0.244927642826801
"Synonymous","T[T>A]C",150081,0.150526105694539,NA
"splice_site","T[T>A]C",18566,0.0186210624817586,NA
"Stop_gain","T[T>C]C",0,0,NA
"Missense","T[T>C]C",767395,0.769670916901277,-0.920866046820738
"Synonymous","T[T>C]C",211082,0.211708020616964,NA
"splice_site","T[T>C]C",18566,0.0186210624817586,NA
"Stop_gain","T[T>G]C",0,0,NA
"Missense","T[T>G]C",898524,0.901188815326922,-0.167771812439067
"Synonymous","T[T>G]C",79953,0.0801901221913197,NA
"splice_site","T[T>G]C",18566,0.0186210624817586,NA
"Stop_gain","T[T>A]G",263101,0.320710167363507,NA
"Missense","T[T>A]G",316202,0.385438277850238,-1.5516094142352
"Synonymous","T[T>A]G",230702,0.281217011836123,NA
"splice_site","T[T>A]G",10365,0.0126345429501323,NA
"Stop_gain","T[T>C]G",0,0,NA
"Missense","T[T>C]G",514478,0.627129222180236,0.232960398695377
"Synonymous","T[T>C]G",295527,0.360236234869632,NA
"splice_site","T[T>C]G",10365,0.0126345429501323,NA
"Stop_gain","T[T>G]G",0,0,NA
"Missense","T[T>G]G",667658,0.813849848239209,0.0658450883536182
"Synonymous","T[T>G]G",142347,0.173515608810659,NA
"splice_site","T[T>G]G",10365,0.0126345429501323,NA
"Stop_gain","T[T>A]T",103091,0.111382418624853,NA
"Missense","T[T>A]T",715679,0.773239739443947,-0.236715063596948
"Synonymous","T[T>A]T",97546,0.105391444521635,NA
"splice_site","T[T>A]T",9243,0.00998639740956546,NA
"Stop_gain","T[T>C]T",0,0,NA
"Missense","T[T>C]T",600949,0.649282217557174,0.549497544716773
"Synonymous","T[T>C]T",315367,0.340731385033261,NA
"splice_site","T[T>C]T",9243,0.00998639740956546,NA
"Stop_gain","T[T>G]T",0,0,NA
"Missense","T[T>G]T",897115,0.969268301642575,-0.127538832814076
"Synonymous","T[T>G]T",19201,0.0207453009478596,NA
"splice_site","T[T>G]T",9243,0.00998639740956546,NA
