,signatures.SBSA,signatures.SBSB,contribution.Control,contribution.ENU,reconstructed.Control,reconstructed.ENU
A[C>A]A,9271.42915479519,6324.55634207236,0.0066848544619126,0.020963179451516,63.9998596644867,2763.00034033551
A[C>A]C,4416.3748666864,1493.13545800938,0.00031965959371707,0.40613784876962,30.0001183069191,699.000081693081
A[C>A]G,1011.14830190749,752.954321571494,0.0066848544619126,0.020963179451516,7.00006831018269,327.000131689817
A[C>A]T,5450.17647289224,1772.17426476818,0.00031965959371707,0.40613784876962,37.0001290184964,834.000070981504
C[C>A]A,13200.316161911,2371.80367258893,0.0066848544619126,0.020963179451516,89.000362191964,1239.99983780804
C[C>A]C,4467.38315529475,426.824047897892,0.00031965959371707,0.40613784876962,30.0002446204851,266.999955379515
C[C>A]G,1928.87190857783,331.327829566373,0.0066848544619126,0.020963179451516,13.0001401039008,175.000059896099
C[C>A]T,10301.0905205475,435.950367004189,0.00031965959371707,0.40613784876962,69.0006466460449,392.999553353955
G[C>A]A,12185.407407142,1697.83465321425,0.0066848544619126,0.020963179451516,82.0004042113015,944.999795788699
G[C>A]C,4905.46352695726,650.433987823573,0.00031965959371707,0.40613784876962,33.0002272102172,366.999972789783
G[C>A]G,882.673022972509,311.461896315179,0.0066848544619126,0.020963179451516,6.00010247926212,145.000097520738
G[C>A]T,11345.4018111114,495.309206552908,0.00031965959371707,0.40613784876962,76.0006902589307,438.999509741069
T[C>A]A,10898.9211769529,3573.96881048945,0.0066848544619126,0.020963179451516,74.0001552777059,1680.00004472229
T[C>A]C,9838.5491293092,723.28264078008,0.00031965959371707,0.40613784876962,66.0004732809033,499.999726719097
T[C>A]G,1924.38515470929,425.123734768447,0.0066848544619126,0.020963179451516,13.0001295682323,213.000070431768
T[C>A]T,24205.1448028956,607.137352693449,0.00031965959371707,0.40613784876962,162.00194751637,753.99825248363
A[C>G]A,4028.12496553082,227.897043207458,0.0066848544619126,0.020963179451516,27.0002786252113,176.999921374789
A[C>G]C,2967.98672806281,499.292541316525,0.00031965959371707,0.40613784876962,20.0001629728913,265.000037027109
A[C>G]G,746.289712752093,35.3462697009515,0.0066848544619126,0.020963179451516,5.00013689038232,30.0000631096177
A[C>G]T,4623.1354400914,298.135947971357,0.00031965959371707,0.40613784876962,31.0002895907223,217.999910409278
C[C>G]A,2530.1417889518,270.746023259351,0.0066848544619126,0.020963179451516,17.0001761909416,163.000023809058
C[C>G]C,3278.42374564306,264.131494409256,0.00031965959371707,0.40613784876962,22.000217770293,175.999982229707
C[C>G]G,747.238311222885,15.599489982182,0.0066848544619126,0.020963179451516,5.00016588552024,22.0000341144798
C[C>G]T,3137.92404588032,74.4057347679834,0.00031965959371707,0.40613784876962,21.000350066192,95.999849933808
G[C>G]A,2088.75654496209,116.248776897374,0.0066848544619126,0.020963179451516,14.0001935462321,91.0000064537679
G[C>G]C,2828.060808558,297.226343147675,0.00031965959371707,0.40613784876962,19.0001861667417,180.000013833258
G[C>G]G,297.815907388419,28.9481076138679,0.0066848544619126,0.020963179451516,2.00010953765275,18.0000904623472
G[C>G]T,3284.806940822,130.842081169154,0.00031965959371707,0.40613784876962,22.000281261383,121.999918738617
T[C>G]A,4028.12496553082,227.897043207458,0.0066848544619126,0.020963179451516,27.0002786252113,176.999921374789
T[C>G]C,4012.17898019518,561.119759866615,0.00031965959371707,0.40613784876962,27.0001998722153,312.000000127785
T[C>G]G,147.970800949265,34.2203009932443,0.0066848544619126,0.020963179451516,1.00010211647085,17.0000978835291
T[C>G]T,8819.11737199738,145.572274087792,0.00031965959371707,0.40613784876962,59.001049688319,243.999150311681
A[C>T]A,4826.98932156316,8545.89560794292,0.0066848544619126,0.020963179451516,34.9994986218395,3572.00070137816
A[C>T]C,4186.26739041756,6303.87699697412,0.00031965959371707,0.40613784876962,29.9996830032872,2648.00051699671
A[C>T]G,3095.87074333666,953.126594355665,0.0066848544619126,0.020963179451516,21.0001214120114,452.000078587989
A[C>T]T,2750.51046350078,5045.9247306917,0.00031965959371707,0.40613784876962,19.9997403938103,2107.00045960619
C[C>T]A,6000.0868208671,2785.30860618558,0.0066848544619126,0.020963179451516,41.0000577737663,1257.00014222623
C[C>T]C,6349.00955336136,1745.47782721186,0.00031965959371707,0.40613784876962,43.0001635746021,842.000036425398
C[C>T]G,2523.29279297041,413.908248278824,0.0066848544619126,0.020963179451516,17.0001548282811,221.000045171719
C[C>T]T,4269.59971165586,1434.23150115427,0.00031965959371707,0.40613784876962,29.0001185419986,672.000081458001
G[C>T]A,8298.29231677568,1649.7880314781,0.0066848544619126,0.020963179451516,56.0002469919145,843.999953008086
G[C>T]C,6334.95968603392,2039.20705782463,0.00031965959371707,0.40613784876962,43.0001356228295,961.00006437717
G[C>T]G,1630.48073431042,314.720753659307,0.0066848544619126,0.020963179451516,11.0001299200666,162.000070079933
G[C>T]T,4561.26098175887,1591.53241944806,0.00031965959371707,0.40613784876962,31.0001144324469,742.000085567553
T[C>T]A,5560.60971423125,5718.33519179061,0.0066848544619126,0.020963179451516,38.9997873632792,2439.00041263672
T[C>T]C,6676.1114553159,4289.30160767294,0.00031965959371707,0.40613784876962,45.999949859533,1882.00025014047
T[C>T]G,1913.87719206221,644.803584864388,0.0066848544619126,0.020963179451516,13.0001081388749,302.000091861125
T[C>T]T,7757.25646281548,3578.54703213084,0.00031965959371707,0.40613784876962,53.0000473680408,1616.00015263196
A[T>A]A,1694.16148671527,8365.35159468879,0.0066848544619126,0.020963179451516,13.9992878657277,3433.00091213427
A[T>A]C,1581.03714240702,7602.97833815853,0.00031965959371707,0.40613784876962,12.9993681624846,3121.00083183752
A[T>A]G,908.739093259677,12274.0391014538,0.0066848544619126,0.020963179451516,9.99830293472952,5004.00189706527
A[T>A]T,1643.38247963337,6299.70870948076,0.00031965959371707,0.40613784876962,12.9995350282147,2593.00066497179
C[T>A]A,1274.00194885361,1512.52354369787,0.0066848544619126,0.020963179451516,9.00001027374535,641.000189726255
C[T>A]C,1838.78848009536,2214.6504744551,0.00031965959371707,0.40613784876962,12.9999676465686,938.000232353431
C[T>A]G,3636.59328149323,5285.80602256559,0.0066848544619126,0.020963179451516,25.999755429592,2223.00044457041
C[T>A]T,1856.73429710647,1839.4669351686,0.00031965959371707,0.40613784876962,13.0000018037503,786.00019819625
G[T>A]A,1179.78346042701,3482.23732555676,0.0066848544619126,0.020963179451516,8.99981129824011,1439.00038870176
G[T>A]C,1066.30380531046,2727.26908328592,0.00031965959371707,0.40613784876962,7.99988347780431,1130.0003165222
G[T>A]G,1243.55301732888,5276.36557297066,0.0066848544619126,0.020963179451516,9.99961181187437,2169.00058818813
G[T>A]T,2393.18527736387,3133.9889313882,0.00031965959371707,0.40613784876962,16.9999049080908,1323.00029509191
T[T>A]A,3322.59689622597,2467.99950226477,0.0066848544619126,0.020963179451516,22.999996405061,1072.00020359494
T[T>A]C,2280.29469285003,2366.67921051066,0.00031965959371707,0.40613784876962,15.9999698668646,1009.00023013314
T[T>A]G,1719.89412399742,4700.24164795214,0.0066848544619126,0.020963179451516,12.9997192443779,1945.00048075562
T[T>A]T,2720.97440393781,2535.98613924715,0.00031965959371707,0.40613784876962,18.9999701838575,1087.00022981614
A[T>C]A,6128.34786998157,6358.75430291496,0.0066848544619126,0.020963179451516,42.9997504198153,2711.00044958019
A[T>C]C,2902.71688539649,4991.2862805279,0.00031965959371707,0.40613784876962,20.9997524675709,2088.00044753243
A[T>C]G,4616.536736741,3563.37871964045,0.0066848544619126,0.020963179451516,31.9999443969668,1544.00025560303
A[T>C]T,6211.70102780394,4616.12552534271,0.00031965959371707,0.40613784876962,42.9999061417603,2005.00029385824
C[T>C]A,3499.36018391136,1899.95203697798,0.0066848544619126,0.020963179451516,24.0000514354815,845.000148564519
C[T>C]C,5096.90736101057,6030.34925421559,0.00031965959371707,0.40613784876962,35.9997429067813,2556.00045709322
C[T>C]G,4350.96749165007,2860.58069862319,0.0066848544619126,0.020963179451516,29.9999965141105,1253.00020348589
C[T>C]T,6018.50480408541,2400.25182213245,0.00031965959371707,0.40613784876962,41.0000922159143,1101.00010778409
G[T>C]A,4813.1563490244,5707.67138580629,0.0066848544619126,0.020963179451516,33.9997616119161,2419.00043838808
G[T>C]C,2527.58052682496,6579.08271554182,0.00031965959371707,0.40613784876962,18.9995748704703,2725.00062512953
G[T>C]G,2636.43969078294,4303.29810626841,0.0066848544619126,0.020963179451516,18.999806154787,1803.00039384521
G[T>C]T,3645.56627944191,5098.21424683824,0.00031965959371707,0.40613784876962,25.9997731041523,2147.00042689585
T[T>C]A,5888.84902283422,1983.44251469691,0.0066848544619126,0.020963179451516,40.0001250942322,929.000074905768
T[T>C]C,3554.39973353863,3876.73496786946,0.00031965959371707,0.40613784876962,24.9998804429446,1649.00031955706
T[T>C]G,2791.1042527994,1069.80839574991,0.0066848544619126,0.020963179451516,19.0001002351298,493.00009976487
T[T>C]T,5143.1667600267,1935.75400824687,0.00031965959371707,0.40613784876962,35.0001036039374,894.000096396063
A[T>G]A,1647.97453681096,3076.42722397443,0.0066848544619126,0.020963179451516,11.9998794120349,1284.00032058797
A[T>G]C,1792.62467250159,3179.76080074108,0.00031965959371707,0.40613784876962,12.9998760861892,1329.00032391381
A[T>G]G,1328.33029437785,3504.11654273005,0.0066848544619126,0.020963179451516,9.99981916565177,1451.00038083435
A[T>G]T,4489.95045462321,3082.39329273508,0.00031965959371707,0.40613784876962,30.9999819179864,1346.00021808201
C[T>G]A,274.438774827894,517.674057230869,0.0066848544619126,0.020963179451516,2.00006274724236,216.000137252758
C[T>G]C,1274.71033806408,1497.71366703166,0.00031965959371707,0.40613784876962,9.0000116333616,635.000188366638
C[T>G]G,1585.97031146998,1245.27466863851,0.0066848544619126,0.020963179451516,11.0000447077341,539.000155292266
C[T>G]T,7301.57101685469,595.698472589796,0.00031965959371707,0.40613784876962,49.0003603227187,394.999839677281
G[T>G]A,533.985887020783,1346.35608600242,0.0066848544619126,0.020963179451516,3.99999357889928,558.000206421101
G[T>G]C,0.0116275095798435,3151.62065446979,0.00031965959371707,0.40613784876962,1.00752350616743,1279.99267649383
G[T>G]G,1822.73159913812,2550.34101622578,0.0066848544619126,0.020963179451516,12.9999364364543,1074.00026356355
G[T>G]T,2474.41343535866,1435.78977240023,0.00031965959371707,0.40613784876962,17.0000576692824,635.000142330717
T[T>G]A,2214.98371670507,604.639476516099,0.0066848544619126,0.020963179451516,15.0001225910881,292.000077408912
T[T>G]C,1587.7412664888,1208.24997819788,0.00031965959371707,0.40613784876962,11.0000479867898,524.00015201321
T[T>G]G,4590.8958109974,971.985875018867,0.0066848544619126,0.020963179451516,31.0001749562291,491.000025043771
T[T>G]T,6547.38359892199,725.728791185461,0.00031965959371707,0.40613784876962,44.0002926356462,431.999907364354
