"region","control","enu","group_diff","p_value","p_adjusted","significant_p_adjusted","GO.ID","p_value.adjust"
"ATP metabolic process",0.111111111111111,0.222222222222222,0.111111111111111,0.584829925657286,0.825944017814237,NA,"GO:0046034",0.825944017814237
"COPII vesicle coating",0,0,0,NA,NA,NA,"GO:0048208",NA
"DNA conformation change",0.222222222222222,0.111111111111111,-0.111111111111111,0.584829925657286,0.825944017814237,NA,"GO:0071103",0.825944017814237
"DNA replication",0.111111111111111,0.68554722238248,0.574436111271369,0.104570210318767,0.708518945835672,NA,"GO:0006260",0.708518945835672
"DNA-templated transcription elongation",0,0.287218055635684,0.287218055635684,0.169327297212063,0.708518945835672,NA,"GO:0006354",0.708518945835672
"G0 to G1 transition",0.111111111111111,0.111111111111111,0,1,1,NA,"GO:0045023",1
"GPI anchor biosynthetic process",0,0,0,NA,NA,NA,"GO:0006506",NA
"Golgi localization",0,0,0,NA,NA,NA,"GO:0051645",NA
"Golgi organization",0,0.111111111111111,0.111111111111111,0.374062797490883,0.708518945835672,NA,"GO:0007030",0.708518945835672
"Golgi to plasma membrane protein transport",0,0,0,NA,NA,NA,"GO:0043001",NA
"Golgi vesicle transport",-0.222222222222222,0.111111111111111,0.333333333333333,0.102470434859749,0.708518945835672,NA,"GO:0048193",0.708518945835672
"P-body assembly",0,0,0,NA,NA,NA,"GO:0033962",NA
"RIG-I signaling pathway",0,0,0,NA,NA,NA,"GO:0039529",NA
"RNA localization",0.222222222222222,0.509440277857907,0.287218055635684,0.310513580564336,0.708518945835672,NA,"GO:0006403",0.708518945835672
"RNA transport",0.111111111111111,0.509440277857907,0.398329166746796,0.128190174345108,0.708518945835672,NA,"GO:0050658",0.708518945835672
"Schwann cell differentiation",0,0.111111111111111,0.111111111111111,0.374062797490883,0.708518945835672,NA,"GO:0014037",0.708518945835672
"UV-damage excision repair",0,0,0,NA,NA,NA,"GO:0070914",NA
"Wnt signaling pathway",-0.343678822710165,-0.232567711599054,0.111111111111111,0.88653821037581,0.996793021446661,NA,"GO:0016055",0.996793021446661
"Wnt signaling pathway, planar cell polarity pathway",0.222222222222222,0.111111111111111,-0.111111111111111,0.584829925657286,0.825944017814237,NA,"GO:0060071",0.825944017814237
"actin filament organization",-0.15722638880876,-0.314452777617521,-0.15722638880876,0.699257390544165,0.875066024430673,NA,"GO:0007015",0.875066024430673
"actin filament severing",0,0,0,NA,NA,NA,"GO:0051014",NA
"actin nucleation",0,0.111111111111111,0.111111111111111,0.374062797490883,0.708518945835672,NA,"GO:0045010",0.708518945835672
"activation of GTPase activity",0.333333333333333,0.111111111111111,-0.222222222222222,0.298002226960467,0.708518945835672,NA,"GO:0090630",0.708518945835672
"adherens junction assembly",0.111111111111111,0,-0.111111111111111,0.374062797490883,0.708518945835672,NA,"GO:0034333",0.708518945835672
"alpha-amino acid biosynthetic process",0,0,0,NA,NA,NA,"GO:1901607",NA
"anoikis",0,0,0,NA,NA,NA,"GO:0043276",NA
"antigen processing and presentation of endogenous peptide antigen via MHC class I",0,0,0,NA,NA,NA,"GO:0019885",NA
"antigen processing and presentation of peptide antigen via MHC class I",0,0,0,NA,NA,NA,"GO:0002474",NA
"apoptotic mitochondrial changes",0,0.222222222222222,0.222222222222222,0.168588771574353,0.708518945835672,NA,"GO:0008637",0.708518945835672
"appendage development",0.480214232765262,0.333333333333333,-0.146880899431929,0.653797222423253,0.862797973853638,NA,"GO:0048736",0.862797973853638
"aromatic compound catabolic process",-0.666666666666667,-0.444444444444444,0.222222222222222,0.383898997513032,0.718694634879048,NA,"GO:0019439",0.718694634879048
"autophagosome maturation",0.222222222222222,0,-0.222222222222222,0.168588771574353,0.708518945835672,NA,"GO:0097352",0.708518945835672
"autophagy of mitochondrion",0.111111111111111,0.111111111111111,0,1,1,NA,"GO:0000422",1
"biological process involved in interaction with host",0.509440277857907,0.480214232765262,-0.0292260450926445,1,1,NA,"GO:0051701",1
"body morphogenesis",0.111111111111111,0,-0.111111111111111,0.374062797490883,0.708518945835672,NA,"GO:0010171",0.708518945835672
"branched-chain amino acid catabolic process",0,0,0,NA,NA,NA,"GO:0009083",NA
"carbohydrate derivative catabolic process",0.287218055635684,0,-0.287218055635684,0.169327297212063,0.708518945835672,NA,"GO:1901136",0.708518945835672
"cardiac chamber development",0.444444444444444,0.639431944684831,0.194987500240387,0.613638275978843,0.851687607177532,NA,"GO:0003205",0.851687607177532
"cell communication by electrical coupling involved in cardiac conduction",0.111111111111111,0,-0.111111111111111,0.374062797490883,0.708518945835672,NA,"GO:0086064",0.708518945835672
"cell cycle G1/S phase transition",0.111111111111111,0.333333333333333,0.222222222222222,0.653797222423253,0.862797973853638,NA,"GO:0044843",0.862797973853638
"cell cycle G2/M phase transition",0.287218055635684,0.620551388969018,0.333333333333333,0.241372870131196,0.708518945835672,NA,"GO:0044839",0.708518945835672
"cell cycle checkpoint signaling",0.111111111111111,0.222222222222222,0.111111111111111,0.584829925657286,0.825944017814237,NA,"GO:0000075",0.825944017814237
"cell growth",-0.15139667548719,0.148872222542736,0.300268898029926,0.236964159757242,0.708518945835672,NA,"GO:0016049",0.708518945835672
"cell redox homeostasis",0,0,0,NA,NA,NA,"GO:0045454",NA
"cell-cell signaling by wnt",-0.343678822710165,-0.232567711599054,0.111111111111111,0.88653821037581,0.996793021446661,NA,"GO:0198738",0.996793021446661
"cell-substrate adhesion",-0.0272347219818369,-0.222222222222222,-0.194987500240385,0.579314214182942,0.825944017814237,NA,"GO:0031589",0.825944017814237
"cell-substrate junction assembly",0.333333333333333,0.444444444444444,0.111111111111111,0.676193125728972,0.864024549542576,NA,"GO:0007044",0.864024549542576
"cell-substrate junction organization",0.333333333333333,0.444444444444444,0.111111111111111,0.676193125728972,0.864024549542576,NA,"GO:0150115",0.864024549542576
"cellular carbohydrate metabolic process",0.176106944524573,0.656321177289836,0.480214232765262,0.246498459541589,0.708518945835672,NA,"GO:0044262",0.708518945835672
"cellular component disassembly",-0.297563545012516,-0.379448611030983,-0.0818850660184671,0.847204598694742,0.983884431803879,NA,"GO:0022411",0.983884431803879
"cellular metabolic compound salvage",0,0,0,NA,NA,NA,"GO:0043094",NA
"cellular modified amino acid biosynthetic process",0,0,0,NA,NA,NA,"GO:0042398",NA
"cellular nitrogen compound catabolic process",-0.666666666666667,-0.555555555555556,0.111111111111111,0.676193125728972,0.864024549542576,NA,"GO:0044270",0.864024549542576
"cellular pigmentation",0.287218055635684,0.333333333333333,0.0461152776976488,0.778159686176166,0.934953055778826,NA,"GO:0033059",0.934953055778826
"cellular respiration",0.111111111111111,0.287218055635684,0.176106944524573,0.54029137460742,0.825944017814237,NA,"GO:0045333",0.825944017814237
"cellular response to UV",0.222222222222222,0,-0.222222222222222,0.168588771574353,0.708518945835672,NA,"GO:0034644",0.708518945835672
"cellular response to acid chemical",0.111111111111111,0.287218055635684,0.176106944524573,0.54029137460742,0.825944017814237,NA,"GO:0071229",0.825944017814237
"cellular response to amino acid starvation",0,0.111111111111111,0.111111111111111,0.374062797490883,0.708518945835672,NA,"GO:0034198",0.708518945835672
"cellular response to arsenic-containing substance",0,0,0,NA,NA,NA,"GO:0071243",NA
"cellular response to chemical stress",-0.15722638880876,-0.268337499919872,-0.111111111111111,0.777932411659849,0.934953055778826,NA,"GO:0062197",0.934953055778826
"cellular response to dsRNA",0,0,0,NA,NA,NA,"GO:0071359",NA
"cellular response to environmental stimulus",0.463325000160257,-0.15722638880876,-0.620551388969017,0.129513679678773,0.708518945835672,NA,"GO:0104004",0.708518945835672
"cellular response to epidermal growth factor stimulus",0,0,0,NA,NA,NA,"GO:0071364",NA
"cellular response to external stimulus",0.222222222222222,-0.111111111111111,-0.333333333333333,0.398354857302713,0.728808318474283,NA,"GO:0071496",0.728808318474283
"cellular response to extracellular stimulus",0.444444444444444,0.111111111111111,-0.333333333333333,0.139567966606801,0.708518945835672,NA,"GO:0031668",0.708518945835672
"cellular response to heat",0.111111111111111,0.111111111111111,0,1,1,NA,"GO:0034605",1
"cellular response to insulin stimulus",0.509440277857907,0.222222222222222,-0.287218055635684,0.310513580564336,0.708518945835672,NA,"GO:0032869",0.708518945835672
"cellular response to ketone",0,0.352213889049147,0.352213889049147,0.168588771574353,0.708518945835672,NA,"GO:1901655",0.708518945835672
"cellular response to leukemia inhibitory factor",0.111111111111111,0,-0.111111111111111,0.374062797490883,0.708518945835672,NA,"GO:1990830",0.708518945835672
"cellular response to oxygen levels",0.111111111111111,0.444444444444444,0.333333333333333,0.139567966606801,0.708518945835672,NA,"GO:0071453",0.708518945835672
"cellular response to topologically incorrect protein",0.111111111111111,0.111111111111111,0,1,1,NA,"GO:0035967",1
"cellular senescence",0.111111111111111,0,-0.111111111111111,0.374062797490883,0.708518945835672,NA,"GO:0090398",0.708518945835672
"centrosome localization",0,0,0,NA,NA,NA,"GO:0051642",NA
"ceramide biosynthetic process",0.111111111111111,0.398329166746796,0.287218055635684,0.496769482661183,0.825944017814237,NA,"GO:0046513",0.825944017814237
"cerebellum development",0.222222222222222,0.111111111111111,-0.111111111111111,0.584829925657286,0.825944017814237,NA,"GO:0021549",0.825944017814237
"cerebral cortex development",0,0.111111111111111,0.111111111111111,0.374062797490883,0.708518945835672,NA,"GO:0021987",0.708518945835672
"chaperone-mediated autophagy",0,0,0,NA,NA,NA,"GO:0061684",NA
"chondrocyte differentiation",0.333333333333333,0.222222222222222,-0.111111111111111,0.951472249222705,1,NA,"GO:0002062",1
"chromatin remodeling",-0.444444444444444,0.333333333333333,0.777777777777778,0.0436363515328802,0.708518945835672,NA,"GO:0006338",0.708518945835672
"chromosome localization",0.287218055635684,0.111111111111111,-0.176106944524573,0.54029137460742,0.825944017814237,NA,"GO:0050000",0.825944017814237
"chromosome segregation",-0.601670833253205,-0.333333333333333,0.268337499919872,0.427791831971648,0.76954731784844,NA,"GO:0007059",0.76954731784844
"cilium assembly",-0.444444444444444,0.111111111111111,0.555555555555556,0.0666911816809744,0.708518945835672,NA,"GO:0060271",0.708518945835672
"cilium organization",-0.333333333333333,0,0.333333333333333,0.33414038289231,0.708518945835672,NA,"GO:0044782",0.708518945835672
"circadian regulation of gene expression",0.111111111111111,0.333333333333333,0.222222222222222,0.298002226960467,0.708518945835672,NA,"GO:0032922",0.708518945835672
"clathrin-dependent endocytosis",0.176106944524573,0.222222222222222,0.0461152776976489,0.683091398309609,0.865966260849189,NA,"GO:0072583",0.865966260849189
"connective tissue development",0.222222222222222,0,-0.222222222222222,0.522345715698246,0.825944017814237,NA,"GO:0061448",0.825944017814237
"cortical cytoskeleton organization",0,0.111111111111111,0.111111111111111,0.374062797490883,0.708518945835672,NA,"GO:0030865",0.708518945835672
"cytoplasmic translation",0.287218055635684,0.176106944524573,-0.111111111111111,0.633868022145426,0.862797973853638,NA,"GO:0002181",0.862797973853638
"cytoskeleton-dependent cytokinesis",0.176106944524573,0.111111111111111,-0.0649958334134622,1,1,NA,"GO:0061640",1
"dephosphorylation",-0.490559722142094,0.222222222222222,0.712781944364316,0.0270901326220438,0.708518945835672,NA,"GO:0016311",0.708518945835672
"developmental cell growth",0.287218055635684,0.398329166746796,0.111111111111112,0.921797953781934,1,NA,"GO:0048588",1
"developmental growth involved in morphogenesis",0.666666666666667,0.463325000160258,-0.203341666506409,0.555598947805164,0.825944017814237,NA,"GO:0060560",0.825944017814237
"dicarboxylic acid metabolic process",0.111111111111111,0.111111111111111,0,1,1,NA,"GO:0043648",1
"diol biosynthetic process",0,0,0,NA,NA,NA,"GO:0034312",NA
"double-strand break repair",0.444444444444444,0.509440277857907,0.0649958334134623,0.880168454906725,0.996793021446661,NA,"GO:0006302",0.996793021446661
"endoplasmic reticulum calcium ion homeostasis",0,0.111111111111111,0.111111111111111,0.374062797490883,0.708518945835672,NA,"GO:0032469",0.708518945835672
"epigenetic regulation of gene expression",0.111111111111111,0,-0.111111111111111,0.374062797490883,0.708518945835672,NA,"GO:0040029",0.708518945835672
"establishment of epithelial cell apical/basal polarity",0,0,0,NA,NA,NA,"GO:0045198",NA
"establishment of mitotic spindle localization",0,0,0,NA,NA,NA,"GO:0040001",NA
"establishment of organelle localization",-0.490559722142094,-0.425563888728632,0.0649958334134618,0.839952091839811,0.983884431803879,NA,"GO:0051656",0.983884431803879
"establishment of protein localization to organelle",-0.15722638880876,-0.444444444444444,-0.287218055635684,0.379675343723779,0.714944214497409,NA,"GO:0072594",0.714944214497409
"establishment of tissue polarity",0.222222222222222,0.111111111111111,-0.111111111111111,0.584829925657286,0.825944017814237,NA,"GO:0007164",0.825944017814237
"establishment or maintenance of cell polarity",-0.222222222222222,0.509440277857907,0.731662500080129,0.0175392648217567,0.708518945835672,NA,"GO:0007163",0.708518945835672
"establishment or maintenance of epithelial cell apical/basal polarity",0,0,0,NA,NA,NA,"GO:0045197",NA
"execution phase of apoptosis",0,0.111111111111111,0.111111111111111,0.374062797490883,0.708518945835672,NA,"GO:0097194",0.708518945835672
"exit from host cell",0.176106944524573,0,-0.176106944524573,0.374062797490883,0.708518945835672,NA,"GO:0035891",0.708518945835672
"face development",0.111111111111111,0,-0.111111111111111,0.374062797490883,0.708518945835672,NA,"GO:0060324",0.708518945835672
"fat cell differentiation",0.398329166746796,0.666666666666667,0.268337499919871,0.336435078561986,0.708518945835672,NA,"GO:0045444",0.708518945835672
"fatty acid beta-oxidation",0.111111111111111,0.111111111111111,0,1,1,NA,"GO:0006635",1
"fibroblast apoptotic process",0,0,0,NA,NA,NA,"GO:0044346",NA
"fibroblast migration",0.222222222222222,0,-0.222222222222222,0.374062797490883,0.708518945835672,NA,"GO:0010761",0.708518945835672
"fibroblast proliferation",0,0.222222222222222,0.222222222222222,0.168588771574353,0.708518945835672,NA,"GO:0048144",0.708518945835672
"glycogen metabolic process",0.111111111111111,0.287218055635684,0.176106944524573,0.54029137460742,0.825944017814237,NA,"GO:0005977",0.825944017814237
"glycosaminoglycan biosynthetic process",0,0.398329166746796,0.398329166746796,0.0768812049087053,0.708518945835672,NA,"GO:0006024",0.708518945835672
"glycosyl compound biosynthetic process",0.111111111111111,0,-0.111111111111111,0.374062797490883,0.708518945835672,NA,"GO:1901659",0.708518945835672
"glycosylation",0.222222222222222,0.398329166746796,0.176106944524573,0.85555167982946,0.983884431803879,NA,"GO:0070085",0.983884431803879
"hematopoietic progenitor cell differentiation",0.509440277857907,0.176106944524573,-0.333333333333333,0.302279454383906,0.708518945835672,NA,"GO:0002244",0.708518945835672
"hepatocyte apoptotic process",0.111111111111111,0,-0.111111111111111,0.374062797490883,0.708518945835672,NA,"GO:0097284",0.708518945835672
"heterochromatin formation",0.111111111111111,0,-0.111111111111111,0.374062797490883,0.708518945835672,NA,"GO:0031507",0.708518945835672
"heterocycle catabolic process",-0.555555555555556,-0.555555555555556,0,1,1,NA,"GO:0046700",1
"histone modification",-0.490559722142094,-0.15722638880876,0.333333333333333,0.339450188601078,0.708518945835672,NA,"GO:0016570",0.708518945835672
"in utero embryonic development",-0.888888888888889,0.146880899431929,1.03576978832082,0.00595058838550312,0.688384440335033,NA,"GO:0001701",0.688384440335033
"inositol phosphate catabolic process",0,0,0,NA,NA,NA,"GO:0071545",NA
"intracellular lipid transport",0.222222222222222,0.398329166746796,0.176106944524573,0.3955931471306,0.727891390720305,NA,"GO:0032365",0.727891390720305
"intraciliary transport",0,0,0,NA,NA,NA,"GO:0042073",NA
"iron-sulfur cluster assembly",0,0.111111111111111,0.111111111111111,0.374062797490883,0.708518945835672,NA,"GO:0016226",0.708518945835672
"kidney development",-0.268337499919872,-0.268337499919872,0,0.962357007940577,1,NA,"GO:0001822",1
"kinetochore organization",0.111111111111111,0.111111111111111,0,1,1,NA,"GO:0051383",1
"lamellipodium assembly",0.111111111111111,0.111111111111111,0,1,1,NA,"GO:0030032",1
"lamellipodium morphogenesis",0,0.111111111111111,0.111111111111111,0.374062797490883,0.708518945835672,NA,"GO:0072673",0.708518945835672
"lamellipodium organization",0.111111111111111,0.222222222222222,0.111111111111111,0.584829925657286,0.825944017814237,NA,"GO:0097581",0.825944017814237
"limb development",0.480214232765262,0.333333333333333,-0.146880899431929,0.653797222423253,0.862797973853638,NA,"GO:0060173",0.862797973853638
"lung morphogenesis",0.333333333333333,0.287218055635684,-0.0461152776976488,1,1,NA,"GO:0060425",1
"lysosomal lumen acidification",0.111111111111111,0,-0.111111111111111,0.374062797490883,0.708518945835672,NA,"GO:0007042",0.708518945835672
"lysosomal protein catabolic process",0,0.111111111111111,0.111111111111111,0.374062797490883,0.708518945835672,NA,"GO:1905146",0.708518945835672
"mRNA export from nucleus",0,0.287218055635684,0.287218055635684,0.169327297212063,0.708518945835672,NA,"GO:0006406",0.708518945835672
"macroautophagy",0.111111111111111,0.666666666666667,0.555555555555556,0.112750218861283,0.708518945835672,NA,"GO:0016236",0.708518945835672
"macromolecule deacylation",0.333333333333333,0,-0.333333333333333,0.075796236022892,0.708518945835672,NA,"GO:0098732",0.708518945835672
"macromolecule glycosylation",0.222222222222222,0.398329166746796,0.176106944524573,0.85555167982946,0.983884431803879,NA,"GO:0043413",0.983884431803879
"maintenance of cell number",0.398329166746796,0.574436111271369,0.176106944524573,0.612194480979391,0.851687607177532,NA,"GO:0098727",0.851687607177532
"maintenance of protein location",0.111111111111111,0.111111111111111,0,1,1,NA,"GO:0045185",1
"maintenance of protein location in cell",0,0,0,NA,NA,NA,"GO:0032507",NA
"mammary gland epithelial cell proliferation",0,0.287218055635684,0.287218055635684,0.169327297212063,0.708518945835672,NA,"GO:0033598",0.708518945835672
"melanosome localization",0.111111111111111,0.111111111111111,0,1,1,NA,"GO:0032400",1
"membrane assembly",0.287218055635684,0,-0.287218055635684,0.169327297212063,0.708518945835672,NA,"GO:0071709",0.708518945835672
"membrane biogenesis",0.287218055635684,0,-0.287218055635684,0.169327297212063,0.708518945835672,NA,"GO:0044091",0.708518945835672
"membrane docking",0.287218055635684,0.111111111111111,-0.176106944524573,0.54029137460742,0.825944017814237,NA,"GO:0022406",0.825944017814237
"membrane fission",0,0.111111111111111,0.111111111111111,0.374062797490883,0.708518945835672,NA,"GO:0090148",0.708518945835672
"membrane protein proteolysis",0,0.111111111111111,0.111111111111111,0.374062797490883,0.708518945835672,NA,"GO:0033619",0.708518945835672
"mesenchymal cell differentiation",0.222222222222222,0.593316666987182,0.37109444476496,0.327824814282609,0.708518945835672,NA,"GO:0048762",0.708518945835672
"metallo-sulfur cluster assembly",0,0.111111111111111,0.111111111111111,0.374062797490883,0.708518945835672,NA,"GO:0031163",0.708518945835672
"methylation",0.352213889049146,0.398329166746796,0.0461152776976498,1,1,NA,"GO:0032259",1
"miRNA processing",0.398329166746796,0.222222222222222,-0.176106944524573,0.951472249222705,1,NA,"GO:0035196",1
"microtubule cytoskeleton organization involved in mitosis",0.176106944524573,0.111111111111111,-0.0649958334134622,1,1,NA,"GO:1902850",1
"microtubule depolymerization",0,0.222222222222222,0.222222222222222,0.168588771574353,0.708518945835672,NA,"GO:0007019",0.708518945835672
"microtubule organizing center localization",0,0,0,NA,NA,NA,"GO:0061842",NA
"microtubule polymerization",0.111111111111111,0.287218055635684,0.176106944524573,0.54029137460742,0.825944017814237,NA,"GO:0046785",0.825944017814237
"microvillus assembly",0,0,0,NA,NA,NA,"GO:0030033",NA
"mitochondrial gene expression",0.111111111111111,0.222222222222222,0.111111111111111,0.584829925657286,0.825944017814237,NA,"GO:0140053",0.825944017814237
"mitochondrial genome maintenance",0,0,0,NA,NA,NA,"GO:0000002",NA
"mitochondrial membrane organization",0,0.111111111111111,0.111111111111111,0.374062797490883,0.708518945835672,NA,"GO:0007006",0.708518945835672
"mitochondrial respiratory chain complex assembly",0.111111111111111,0,-0.111111111111111,0.374062797490883,0.708518945835672,NA,"GO:0033108",0.708518945835672
"mitochondrial transmembrane transport",0,0,0,NA,NA,NA,"GO:1990542",NA
"mitochondrial transport",0,0.222222222222222,0.222222222222222,0.168588771574353,0.708518945835672,NA,"GO:0006839",0.708518945835672
"mitochondrion localization",0,0,0,NA,NA,NA,"GO:0051646",NA
"mitochondrion morphogenesis",0,0,0,NA,NA,NA,"GO:0070584",NA
"mitotic cell cycle phase transition",-0.601670833253205,-0.268337499919872,0.333333333333333,0.350715388343387,0.708518945835672,NA,"GO:0044772",0.708518945835672
"monosaccharide metabolic process",0.287218055635684,0.620551388969018,0.333333333333333,0.241372870131196,0.708518945835672,NA,"GO:0005996",0.708518945835672
"morphogenesis of a branching structure",0.666666666666667,0.555555555555556,-0.111111111111111,0.88263409660115,0.996793021446661,NA,"GO:0001763",0.996793021446661
"morphogenesis of a polarized epithelium",0.222222222222222,0.111111111111111,-0.111111111111111,0.584829925657286,0.825944017814237,NA,"GO:0001738",0.825944017814237
"movement in host",0.398329166746796,0.480214232765262,0.0818850660184666,0.737222620237707,0.9002879997432,NA,"GO:0044000",0.9002879997432
"mucopolysaccharide metabolic process",0.352213889049147,0.398329166746796,0.0461152776976489,0.822420050519802,0.977192827554894,NA,"GO:1903510",0.977192827554894
"multicellular organism growth",0.111111111111111,0.222222222222222,0.111111111111111,0.584829925657286,0.825944017814237,NA,"GO:0035264",0.825944017814237
"muscle cell differentiation",-0.20334166650641,-0.379448611030983,-0.176106944524573,0.70340811490235,0.875066024430673,NA,"GO:0042692",0.875066024430673
"myeloid cell homeostasis",0.444444444444444,0.222222222222222,-0.222222222222222,0.573137913384076,0.825944017814237,NA,"GO:0002262",0.825944017814237
"ncRNA processing",0.0188805557158129,0.287218055635684,0.268337499919872,0.31390625499508,0.708518945835672,NA,"GO:0034470",0.708518945835672
"negative regulation of catabolic process",-0.111111111111111,0.10076562173428,0.211876732845391,0.46026659463958,0.818816814773175,NA,"GO:0009895",0.818816814773175
"negative regulation of cell projection organization",0.333333333333333,0.111111111111111,-0.222222222222222,0.298002226960467,0.708518945835672,NA,"GO:0031345",0.708518945835672
"negative regulation of cysteine-type endopeptidase activity involved in apoptotic process",0.222222222222222,0,-0.222222222222222,0.168588771574353,0.708518945835672,NA,"GO:0043154",0.708518945835672
"negative regulation of growth",0.376924158086528,0.68554722238248,0.308623064295952,0.486839429169379,0.825944017814237,NA,"GO:0045926",0.825944017814237
"negative regulation of mitotic nuclear division",0.333333333333333,0,-0.333333333333333,0.169327297212063,0.708518945835672,NA,"GO:0045839",0.708518945835672
"negative regulation of phosphorus metabolic process",-0.0103454893768316,-0.0272347219818369,-0.0168892326050053,0.672279420355412,0.864024549542576,NA,"GO:0010563",0.864024549542576
"negative regulation of transferase activity",0.0649958334134618,0.398329166746796,0.333333333333334,0.393628063563255,0.727891390720305,NA,"GO:0051348",0.727891390720305
"neural tube formation",0.434098955067613,0.574436111271369,0.140337156203756,0.561506455928471,0.825944017814237,NA,"GO:0001841",0.825944017814237
"neuron apoptotic process",0.111111111111111,0.907769444604702,0.796658333493591,0.0791084701688871,0.708518945835672,NA,"GO:0051402",0.708518945835672
"neuron death",-0.601670833253205,0.230757288561204,0.832428121814409,0.0963766238717706,0.708518945835672,NA,"GO:0070997",0.708518945835672
"neuron projection extension",0.620551388969018,0.398329166746796,-0.222222222222222,0.45693770466105,0.817410782782545,NA,"GO:1990138",0.817410782782545
"neuron projection organization",0.111111111111111,0,-0.111111111111111,0.374062797490883,0.708518945835672,NA,"GO:0106027",0.708518945835672
"neurotransmitter secretion",0.287218055635684,0.111111111111111,-0.176106944524573,0.54029137460742,0.825944017814237,NA,"GO:0007269",0.825944017814237
"neurotrophin signaling pathway",0,0,0,NA,NA,NA,"GO:0038179",NA
"non-membrane-bounded organelle assembly",-0.555555555555556,-0.15722638880876,0.398329166746795,0.228191632142306,0.708518945835672,NA,"GO:0140694",0.708518945835672
"nuclear chromosome segregation",0.0649958334134622,0.222222222222222,0.15722638880876,0.624857000922998,0.862797973853638,NA,"GO:0098813",0.862797973853638
"nuclear envelope organization",0,0.111111111111111,0.111111111111111,0.374062797490883,0.708518945835672,NA,"GO:0006998",0.708518945835672
"nuclear migration",0,0.111111111111111,0.111111111111111,0.374062797490883,0.708518945835672,NA,"GO:0007097",0.708518945835672
"nuclear transport",0.222222222222222,0.574436111271369,0.352213889049147,0.485845317616836,0.825944017814237,NA,"GO:0051169",0.825944017814237
"nuclear-transcribed mRNA catabolic process",0.222222222222222,0,-0.222222222222222,0.168588771574353,0.708518945835672,NA,"GO:0000956",0.708518945835672
"nucleic acid transport",0.111111111111111,0.509440277857907,0.398329166746796,0.128190174345108,0.708518945835672,NA,"GO:0050657",0.708518945835672
"nucleocytoplasmic transport",0.222222222222222,0.574436111271369,0.352213889049147,0.485845317616836,0.825944017814237,NA,"GO:0006913",0.825944017814237
"nucleosome assembly",0,0.222222222222222,0.222222222222222,0.168588771574353,0.708518945835672,NA,"GO:0006334",0.708518945835672
"nucleosome organization",0,0.222222222222222,0.222222222222222,0.168588771574353,0.708518945835672,NA,"GO:0034728",0.708518945835672
"nucleotide catabolic process",0,0,0,NA,NA,NA,"GO:0009166",NA
"nucleus organization",0.111111111111111,0.111111111111111,0,1,1,NA,"GO:0006997",1
"oligosaccharide-lipid intermediate biosynthetic process",0,0,0,NA,NA,NA,"GO:0006490",NA
"organelle fission",-0.333333333333333,-0.444444444444444,-0.111111111111111,1,1,NA,"GO:0048285",1
"organelle fusion",0.574436111271369,0.222222222222222,-0.352213889049147,0.265551370759423,0.708518945835672,NA,"GO:0048284",0.708518945835672
"organelle inheritance",0,0.111111111111111,0.111111111111111,0.374062797490883,0.708518945835672,NA,"GO:0048308",0.708518945835672
"organelle localization by membrane tethering",0.287218055635684,0.111111111111111,-0.176106944524573,0.54029137460742,0.825944017814237,NA,"GO:0140056",0.825944017814237
"organophosphate catabolic process",0.222222222222222,0.222222222222222,0,1,1,NA,"GO:0046434",1
"ossification",-0.260516463487494,0.0735308997524426,0.334047363239936,0.426957453826749,0.76954731784844,NA,"GO:0001503",0.76954731784844
"osteoblast differentiation",0.200817213561956,0.593316666987182,0.392499453425226,0.224159594132311,0.708518945835672,NA,"GO:0001649",0.708518945835672
"oxidative phosphorylation",0.111111111111111,0.287218055635684,0.176106944524573,0.54029137460742,0.825944017814237,NA,"GO:0006119",0.825944017814237
"pentose-phosphate shunt",0,0,0,NA,NA,NA,"GO:0006098",NA
"peptidyl-lysine modification",-0.333333333333333,0.129991666826924,0.463325000160257,0.169327297212063,0.708518945835672,NA,"GO:0018205",0.708518945835672
"peroxisome organization",0,0,0,NA,NA,NA,"GO:0007031",NA
"phospholipid biosynthetic process",0.333333333333333,0,-0.333333333333333,0.169327297212063,0.708518945835672,NA,"GO:0008654",0.708518945835672
"pigmentation",0.287218055635684,0.444444444444444,0.15722638880876,0.653797222423253,0.862797973853638,NA,"GO:0043473",0.862797973853638
"placenta development",0.111111111111111,0.953884722302351,0.84277361119124,0.00641351963045062,0.688384440335033,NA,"GO:0001890",0.688384440335033
"plasma membrane tubulation",0,0.111111111111111,0.111111111111111,0.374062797490883,0.708518945835672,NA,"GO:0097320",0.708518945835672
"platelet dense granule organization",0,0,0,NA,NA,NA,"GO:0060155",NA
"platelet-derived growth factor receptor signaling pathway",0,0,0,NA,NA,NA,"GO:0048008",NA
"pore complex assembly",0,0.111111111111111,0.111111111111111,0.374062797490883,0.708518945835672,NA,"GO:0046931",0.708518945835672
"positive regulation by host of viral process",0.176106944524573,0,-0.176106944524573,0.374062797490883,0.708518945835672,NA,"GO:0044794",0.708518945835672
"positive regulation of amide metabolic process",0.222222222222222,0.111111111111111,-0.111111111111111,0.584829925657286,0.825944017814237,NA,"GO:0034250",0.825944017814237
"positive regulation of cartilage development",0.222222222222222,0.222222222222222,0,0.683091398309609,0.865966260849189,NA,"GO:0061036",0.865966260849189
"positive regulation of cell projection organization",-0.777777777777778,-0.555555555555556,0.222222222222222,0.573137913384076,0.825944017814237,NA,"GO:0031346",0.825944017814237
"positive regulation of epithelial cell migration",0.656321177289836,0.222222222222222,-0.434098955067613,0.265906774670061,0.708518945835672,NA,"GO:0010634",0.708518945835672
"positive regulation of establishment of protein localization",0.0188805557158133,-0.111111111111111,-0.129991666826924,0.815152022095094,0.972144263387482,NA,"GO:1904951",0.972144263387482
"positive regulation of growth",0.352213889049147,0.574436111271369,0.222222222222222,0.590662505513097,0.830538544869944,NA,"GO:0045927",0.830538544869944
"positive regulation of kinase activity",0.0435908247531951,-0.601670833253204,-0.6452616580064,0.048264143224971,0.708518945835672,NA,"GO:0033674",0.708518945835672
"positive regulation of mitochondrial fission",0,0,0,NA,NA,NA,"GO:0090141",NA
"positive regulation of mitotic cell cycle",0.111111111111111,0,-0.111111111111111,0.374062797490883,0.708518945835672,NA,"GO:0045931",0.708518945835672
"positive regulation of neuron migration",0,0,0,NA,NA,NA,"GO:2001224",NA
"positive regulation of protein autophosphorylation",0.222222222222222,0,-0.222222222222222,0.168588771574353,0.708518945835672,NA,"GO:0031954",0.708518945835672
"positive regulation of protein localization",-0.425563888728632,-0.232567711599054,0.192996177129578,0.701871793762767,0.875066024430673,NA,"GO:1903829",0.875066024430673
"positive regulation of viral process",0.111111111111111,0.111111111111111,0,1,1,NA,"GO:0048524",1
"postsynapse organization",0.111111111111111,0,-0.111111111111111,0.374062797490883,0.708518945835672,NA,"GO:0099173",0.708518945835672
"presynaptic endocytosis",0.176106944524573,0,-0.176106944524573,0.374062797490883,0.708518945835672,NA,"GO:0140238",0.708518945835672
"proteasome-mediated ubiquitin-dependent protein catabolic process",-0.888888888888889,-0.379448611030982,0.509440277857907,0.128190174345108,0.708518945835672,NA,"GO:0043161",0.708518945835672
"protein folding",0,0.369103121654151,0.369103121654151,0.169327297212063,0.708518945835672,NA,"GO:0006457",0.708518945835672
"protein glycosylation",0.222222222222222,0.398329166746796,0.176106944524573,0.85555167982946,0.983884431803879,NA,"GO:0006486",0.983884431803879
"protein localization to nucleus",0.111111111111111,0.555555555555556,0.444444444444444,0.302520785782043,0.708518945835672,NA,"GO:0034504",0.708518945835672
"protein localization to plasma membrane",-0.268337499919872,0.555555555555556,0.823893055475427,0.0283727153460289,0.708518945835672,NA,"GO:0072659",0.708518945835672
"protein maturation",-0.222222222222222,0.398329166746796,0.620551388969018,0.104600319490195,0.708518945835672,NA,"GO:0051604",0.708518945835672
"protein neddylation",0,0.176106944524573,0.176106944524573,0.374062797490883,0.708518945835672,NA,"GO:0045116",0.708518945835672
"protein polyubiquitination",0.287218055635684,0.509440277857907,0.222222222222222,0.426461541855605,0.76954731784844,NA,"GO:0000209",0.76954731784844
"protein targeting",0,0.620551388969018,0.620551388969018,0.0417401597880847,0.708518945835672,NA,"GO:0006605",0.708518945835672
"protein transport to vacuole involved in ubiquitin-dependent protein catabolic process via the multivesicular body sorting pathway",0,0,0,NA,NA,NA,"GO:0043328",NA
"protein-DNA complex assembly",0.222222222222222,0.620551388969018,0.398329166746796,0.149820836066893,0.708518945835672,NA,"GO:0065004",0.708518945835672
"protein-DNA complex subunit organization",0.222222222222222,0.620551388969018,0.398329166746796,0.149820836066893,0.708518945835672,NA,"GO:0071824",0.708518945835672
"protein-containing complex localization",0.176106944524573,0.111111111111111,-0.0649958334134622,1,1,NA,"GO:0031503",1
"proton transmembrane transport",0.111111111111111,0,-0.111111111111111,0.374062797490883,0.708518945835672,NA,"GO:1902600",0.708518945835672
"pteridine-containing compound metabolic process",0,0,0,NA,NA,NA,"GO:0042558",NA
"pyruvate metabolic process",0,0.111111111111111,0.111111111111111,0.374062797490883,0.708518945835672,NA,"GO:0006090",0.708518945835672
"quinone biosynthetic process",0.111111111111111,0,-0.111111111111111,0.374062797490883,0.708518945835672,NA,"GO:1901663",0.708518945835672
"rRNA metabolic process",0.222222222222222,0.509440277857907,0.287218055635684,0.310513580564336,0.708518945835672,NA,"GO:0016072",0.708518945835672
"receptor metabolic process",0.398329166746796,0.222222222222222,-0.176106944524573,0.573137913384076,0.825944017814237,NA,"GO:0043112",0.825944017814237
"regulation of ATP metabolic process",0,0.111111111111111,0.111111111111111,0.374062797490883,0.708518945835672,NA,"GO:1903578",0.708518945835672
"regulation of DNA repair",0.444444444444444,0.509440277857907,0.0649958334134623,0.880168454906725,0.996793021446661,NA,"GO:0006282",0.996793021446661
"regulation of DNA replication",0,0.333333333333333,0.333333333333333,0.169327297212063,0.708518945835672,NA,"GO:0006275",0.708518945835672
"regulation of G0 to G1 transition",0.111111111111111,0,-0.111111111111111,0.374062797490883,0.708518945835672,NA,"GO:0070316",0.708518945835672
"regulation of GTPase activity",-0.268337499919872,-0.20334166650641,0.0649958334134618,0.92430668338224,1,NA,"GO:0043087",1
"regulation of Golgi organization",0,0,0,NA,NA,NA,"GO:1903358",NA
"regulation of actin filament organization",0.111111111111111,0.398329166746796,0.287218055635684,0.491690254620143,0.825944017814237,NA,"GO:0110053",0.825944017814237
"regulation of actin filament-based process",-0.333333333333333,-0.379448611030983,-0.0461152776976493,0.919944380817007,1,NA,"GO:0032970",1
"regulation of anatomical structure size",-0.0272347219818364,-0.888888888888889,-0.861654166907052,0.0174169002456113,0.708518945835672,NA,"GO:0090066",0.708518945835672
"regulation of apoptotic signaling pathway",-0.289742508580138,-0.601670833253205,-0.311928324673067,0.577866868718877,0.825944017814237,NA,"GO:2001233",0.825944017814237
"regulation of autophagy",-0.222222222222222,0.322987843956502,0.545210066178724,0.156965175042545,0.708518945835672,NA,"GO:0010506",0.708518945835672
"regulation of axonogenesis",0.222222222222222,0.111111111111111,-0.111111111111111,0.584829925657286,0.825944017814237,NA,"GO:0050770",0.825944017814237
"regulation of binding",0.129991666826924,-0.0733499996794862,-0.20334166650641,0.581018323775405,0.825944017814237,NA,"GO:0051098",0.825944017814237
"regulation of carbohydrate metabolic process",0.287218055635684,0.398329166746796,0.111111111111111,0.694497839955629,0.875066024430673,NA,"GO:0006109",0.875066024430673
"regulation of cell cycle phase transition",-0.444444444444444,-0.222222222222222,0.222222222222222,0.842449236936416,0.983884431803879,NA,"GO:1901987",0.983884431803879
"regulation of cell growth",-0.067520286357916,0.0838763891292742,0.15139667548719,0.487827864865291,0.825944017814237,NA,"GO:0001558",0.825944017814237
"regulation of cell morphogenesis",0.0188805557158124,0.463325000160258,0.444444444444445,0.355885247931513,0.708518945835672,NA,"GO:0022604",0.708518945835672
"regulation of cell projection assembly",0.222222222222222,0,-0.222222222222222,0.168588771574353,0.708518945835672,NA,"GO:0060491",0.708518945835672
"regulation of cell-substrate adhesion",0.287218055635684,0.398329166746796,0.111111111111111,0.733431207582504,0.9002879997432,NA,"GO:0010810",0.9002879997432
"regulation of cell-substrate junction assembly",0.111111111111111,0.222222222222222,0.111111111111111,0.584829925657286,0.825944017814237,NA,"GO:0090109",0.825944017814237
"regulation of cell-substrate junction organization",0.111111111111111,0.222222222222222,0.111111111111111,0.584829925657286,0.825944017814237,NA,"GO:0150116",0.825944017814237
"regulation of cellular component size",-0.249456944204059,-1,-0.750543055795941,0.0135579134385528,0.708518945835672,NA,"GO:0032535",0.708518945835672
"regulation of cellular response to oxidative stress",0.111111111111111,0,-0.111111111111111,0.374062797490883,0.708518945835672,NA,"GO:1900407",0.708518945835672
"regulation of chromatin organization",0,0.111111111111111,0.111111111111111,0.374062797490883,0.708518945835672,NA,"GO:1902275",0.708518945835672
"regulation of chromosome organization",0.444444444444444,0.222222222222222,-0.222222222222222,0.358705244781348,0.708518945835672,NA,"GO:0033044",0.708518945835672
"regulation of chromosome segregation",0.222222222222222,0.111111111111111,-0.111111111111111,0.584829925657286,0.825944017814237,NA,"GO:0051983",0.825944017814237
"regulation of cysteine-type endopeptidase activity involved in apoptotic process",0.222222222222222,0.555555555555556,0.333333333333333,0.310513580564336,0.708518945835672,NA,"GO:0043281",0.708518945835672
"regulation of cytokinesis",0,0.222222222222222,0.222222222222222,0.168588771574353,0.708518945835672,NA,"GO:0032465",0.708518945835672
"regulation of defense response to virus",0.111111111111111,0.287218055635684,0.176106944524573,0.54029137460742,0.825944017814237,NA,"GO:0050688",0.825944017814237
"regulation of dephosphorylation",0.333333333333333,0.444444444444444,0.111111111111111,0.676193125728972,0.864024549542576,NA,"GO:0035303",0.864024549542576
"regulation of developmental growth",0.352213889049146,0.444444444444444,0.0922305553952982,0.888445953898111,0.996793021446661,NA,"GO:0048638",0.996793021446661
"regulation of embryonic development",0.111111111111111,0.111111111111111,0,1,1,NA,"GO:0045995",1
"regulation of endocytosis",0.574436111271369,0.222222222222222,-0.352213889049147,0.265551370759423,0.708518945835672,NA,"GO:0030100",0.708518945835672
"regulation of extracellular matrix organization",0.222222222222222,0.287218055635684,0.0649958334134623,0.951472249222705,1,NA,"GO:1903053",1
"regulation of fibroblast migration",0.176106944524573,0,-0.176106944524573,0.374062797490883,0.708518945835672,NA,"GO:0010762",0.708518945835672
"regulation of fibroblast proliferation",0,0.222222222222222,0.222222222222222,0.168588771574353,0.708518945835672,NA,"GO:0048145",0.708518945835672
"regulation of focal adhesion assembly",0.111111111111111,0.222222222222222,0.111111111111111,0.584829925657286,0.825944017814237,NA,"GO:0051893",0.825944017814237
"regulation of gene silencing by RNA",0.333333333333333,0,-0.333333333333333,0.169327297212063,0.708518945835672,NA,"GO:0060966",0.708518945835672
"regulation of generation of precursor metabolites and energy",0,0.222222222222222,0.222222222222222,0.168588771574353,0.708518945835672,NA,"GO:0043467",0.708518945835672
"regulation of intracellular protein transport",0.444444444444444,0.333333333333333,-0.111111111111111,0.914985646886051,1,NA,"GO:0033157",1
"regulation of intracellular steroid hormone receptor signaling pathway",0,0,0,NA,NA,NA,"GO:0033143",NA
"regulation of intracellular transport",0.176106944524573,0,-0.176106944524573,0.854120899782005,0.983884431803879,NA,"GO:0032386",0.983884431803879
"regulation of membrane permeability",0,0.111111111111111,0.111111111111111,0.374062797490883,0.708518945835672,NA,"GO:0090559",0.708518945835672
"regulation of microtubule cytoskeleton organization",0.111111111111111,0.222222222222222,0.111111111111111,0.584829925657286,0.825944017814237,NA,"GO:0070507",0.825944017814237
"regulation of microtubule depolymerization",0,0.111111111111111,0.111111111111111,0.374062797490883,0.708518945835672,NA,"GO:0031114",0.708518945835672
"regulation of microtubule polymerization",0.111111111111111,0.111111111111111,0,1,1,NA,"GO:0031113",1
"regulation of microtubule-based process",0.222222222222222,0.333333333333333,0.111111111111111,0.649407708557344,0.862797973853638,NA,"GO:0032886",0.862797973853638
"regulation of mitochondrial membrane permeability",0,0.111111111111111,0.111111111111111,0.374062797490883,0.708518945835672,NA,"GO:0046902",0.708518945835672
"regulation of mitochondrial membrane potential",0,0.222222222222222,0.222222222222222,0.168588771574353,0.708518945835672,NA,"GO:0051881",0.708518945835672
"regulation of ncRNA transcription",0.111111111111111,0,-0.111111111111111,0.374062797490883,0.708518945835672,NA,"GO:0140747",0.708518945835672
"regulation of nervous system development",-0.379448611030983,-0.268337499919872,0.111111111111111,0.774304622140312,0.934953055778826,NA,"GO:0051960",0.934953055778826
"regulation of neurogenesis",-0.379448611030983,-0.314452777617521,0.0649958334134618,0.848214191615462,0.983884431803879,NA,"GO:0050767",0.983884431803879
"regulation of neuron apoptotic process",0.111111111111111,0.796658333493591,0.68554722238248,0.0499739936539634,0.708518945835672,NA,"GO:0043523",0.708518945835672
"regulation of neuron death",-0.490559722142094,0.907769444604702,1.3983291667468,0.00576183698034373,0.688384440335033,NA,"GO:1901214",0.688384440335033
"regulation of neuron projection development",-0.555555555555556,-0.666666666666667,-0.111111111111111,0.676193125728972,0.864024549542576,NA,"GO:0010975",0.864024549542576
"regulation of oxidative stress-induced cell death",0.111111111111111,0,-0.111111111111111,0.374062797490883,0.708518945835672,NA,"GO:1903201",0.708518945835672
"regulation of protein catabolic process",-0.712781944364316,-0.0461152776976493,0.666666666666667,0.0408385603816651,0.708518945835672,NA,"GO:0042176",0.708518945835672
"regulation of protein dephosphorylation",0.222222222222222,0.333333333333333,0.111111111111111,0.649407708557344,0.862797973853638,NA,"GO:0035304",0.862797973853638
"regulation of protein modification by small protein conjugation or removal",0,0.333333333333333,0.333333333333333,0.075796236022892,0.708518945835672,NA,"GO:1903320",0.708518945835672
"regulation of protein stability",0.620551388969017,0.333333333333333,-0.287218055635684,0.253088754408316,0.708518945835672,NA,"GO:0031647",0.708518945835672
"regulation of protein-containing complex assembly",-0.268337499919872,-0.111111111111111,0.15722638880876,0.706575050782531,0.875066024430673,NA,"GO:0043254",0.875066024430673
"regulation of response to DNA damage stimulus",0.333333333333333,0.287218055635684,-0.0461152776976488,0.885023832966309,0.996793021446661,NA,"GO:2001020",0.996793021446661
"regulation of response to oxidative stress",0.111111111111111,0,-0.111111111111111,0.374062797490883,0.708518945835672,NA,"GO:1902882",0.708518945835672
"regulation of stem cell differentiation",0.287218055635684,0.111111111111111,-0.176106944524573,0.54029137460742,0.825944017814237,NA,"GO:2000736",0.825944017814237
"regulation of stem cell population maintenance",0.111111111111111,0.398329166746796,0.287218055635684,0.273321678292298,0.708518945835672,NA,"GO:2000036",0.708518945835672
"regulation of sulfur metabolic process",0,0,0,NA,NA,NA,"GO:0042762",NA
"regulation of supramolecular fiber organization",-0.444444444444444,-0.0461152776976493,0.398329166746795,0.271968762725547,0.708518945835672,NA,"GO:1902903",0.708518945835672
"regulation of translational fidelity",0,0,0,NA,NA,NA,"GO:0006450",NA
"regulation of type I interferon-mediated signaling pathway",0,0,0,NA,NA,NA,"GO:0060338",NA
"regulation of ubiquitin-protein transferase activity",0,0,0,NA,NA,NA,"GO:0051438",NA
"regulation of vacuole organization",0.111111111111111,0.111111111111111,0,1,1,NA,"GO:0044088",1
"release of cytochrome c from mitochondria",0,0.111111111111111,0.111111111111111,0.374062797490883,0.708518945835672,NA,"GO:0001836",0.708518945835672
"respiratory system development",0.369103121654151,0.398329166746796,0.0292260450926445,0.839738596851065,0.983884431803879,NA,"GO:0060541",0.983884431803879
"response to UV",0.222222222222222,0,-0.222222222222222,0.168588771574353,0.708518945835672,NA,"GO:0009411",0.708518945835672
"response to amino acid",0.111111111111111,0.287218055635684,0.176106944524573,0.54029137460742,0.825944017814237,NA,"GO:0043200",0.825944017814237
"response to amino acid starvation",0,0.111111111111111,0.111111111111111,0.374062797490883,0.708518945835672,NA,"GO:1990928",0.708518945835672
"response to arsenic-containing substance",0.176106944524573,0,-0.176106944524573,0.374062797490883,0.708518945835672,NA,"GO:0046685",0.708518945835672
"response to endoplasmic reticulum stress",0.111111111111111,0.463325000160258,0.352213889049147,0.248482719615349,0.708518945835672,NA,"GO:0034976",0.708518945835672
"response to epidermal growth factor",0,0,0,NA,NA,NA,"GO:0070849",NA
"response to fluid shear stress",0.111111111111111,0,-0.111111111111111,0.374062797490883,0.708518945835672,NA,"GO:0034405",0.708518945835672
"response to hydrogen peroxide",0.333333333333333,0.287218055635684,-0.0461152776976488,0.778159686176166,0.934953055778826,NA,"GO:0042542",0.934953055778826
"response to insulin",0.398329166746796,0.222222222222222,-0.176106944524573,0.541311823837062,0.825944017814237,NA,"GO:0032868",0.825944017814237
"response to ionizing radiation",0.111111111111111,0.111111111111111,0,1,1,NA,"GO:0010212",1
"response to leukemia inhibitory factor",0.111111111111111,0,-0.111111111111111,0.374062797490883,0.708518945835672,NA,"GO:1990823",0.708518945835672
"response to oxidative stress",-0.379448611030983,-0.490559722142094,-0.111111111111111,0.658457856807967,0.864024549542576,NA,"GO:0006979",0.864024549542576
"response to oxygen levels",-0.555555555555556,-0.249456944204059,0.306098611351496,0.33414038289231,0.708518945835672,NA,"GO:0070482",0.708518945835672
"response to topologically incorrect protein",0.111111111111111,0.111111111111111,0,1,1,NA,"GO:0035966",1
"ribonucleoprotein complex assembly",0.398329166746796,0,-0.398329166746796,0.0768812049087053,0.708518945835672,NA,"GO:0022618",0.708518945835672
"ribonucleoprotein complex biogenesis",-0.268337499919872,0.0188805557158124,0.287218055635684,0.389079071456825,0.724181855543916,NA,"GO:0022613",0.724181855543916
"ribonucleoprotein complex subunit organization",0.509440277857907,0,-0.509440277857907,0.0331689576920775,0.708518945835672,NA,"GO:0071826",0.708518945835672
"ribonucleotide biosynthetic process",0.509440277857907,0.111111111111111,-0.398329166746796,0.128190174345108,0.708518945835672,NA,"GO:0009260",0.708518945835672
"ribose phosphate biosynthetic process",0.509440277857907,0.111111111111111,-0.398329166746796,0.128190174345108,0.708518945835672,NA,"GO:0046390",0.708518945835672
"ribosomal subunit export from nucleus",0,0,0,NA,NA,NA,"GO:0000054",NA
"ribosome assembly",0,0,0,NA,NA,NA,"GO:0042255",NA
"ribosome localization",0,0,0,NA,NA,NA,"GO:0033750",NA
"roof of mouth development",0,0.287218055635684,0.287218055635684,0.169327297212063,0.708518945835672,NA,"GO:0060021",0.708518945835672
"ruffle assembly",0.111111111111111,0,-0.111111111111111,0.374062797490883,0.708518945835672,NA,"GO:0097178",0.708518945835672
"ruffle organization",0.111111111111111,0,-0.111111111111111,0.374062797490883,0.708518945835672,NA,"GO:0031529",0.708518945835672
"seminiferous tubule development",0.111111111111111,0.111111111111111,0,1,1,NA,"GO:0072520",1
"signal release from synapse",0.287218055635684,0.111111111111111,-0.176106944524573,0.54029137460742,0.825944017814237,NA,"GO:0099643",0.825944017814237
"sister chromatid segregation",0.222222222222222,0.333333333333333,0.111111111111111,0.649407708557344,0.862797973853638,NA,"GO:0000819",0.862797973853638
"small GTPase mediated signal transduction",-0.473670489537089,-0.0733499996794862,0.400320489857603,0.229157947282357,0.708518945835672,NA,"GO:0007264",0.708518945835672
"small molecule catabolic process",0,0.333333333333333,0.333333333333333,0.195008839889221,0.708518945835672,NA,"GO:0044282",0.708518945835672
"spindle localization",0.111111111111111,0,-0.111111111111111,0.374062797490883,0.708518945835672,NA,"GO:0051653",0.708518945835672
"stem cell differentiation",0.398329166746795,0.574436111271369,0.176106944524574,0.70408334982338,0.875066024430673,NA,"GO:0048863",0.875066024430673
"stem cell population maintenance",0.398329166746796,0.574436111271369,0.176106944524573,0.612194480979391,0.851687607177532,NA,"GO:0019827",0.851687607177532
"substantia nigra development",0.176106944524573,0,-0.176106944524573,0.374062797490883,0.708518945835672,NA,"GO:0021762",0.708518945835672
"substrate adhesion-dependent cell spreading",0.333333333333333,0.111111111111111,-0.222222222222222,0.298002226960467,0.708518945835672,NA,"GO:0034446",0.708518945835672
"sulfur amino acid biosynthetic process",0,0,0,NA,NA,NA,"GO:0000097",NA
"sulfur amino acid metabolic process",0.111111111111111,0,-0.111111111111111,0.374062797490883,0.708518945835672,NA,"GO:0000096",0.708518945835672
"sulfur compound metabolic process",0.352213889049146,0.509440277857907,0.15722638880876,0.738124322770822,0.9002879997432,NA,"GO:0006790",0.9002879997432
"suppression of viral release by host",0,0,0,NA,NA,NA,"GO:0044790",NA
"telomerase RNA localization to Cajal body",0,0,0,NA,NA,NA,"GO:0090671",NA
"telomere maintenance",0.333333333333333,0.222222222222222,-0.111111111111111,0.649407708557344,0.862797973853638,NA,"GO:0000723",0.862797973853638
"telomere organization",0.333333333333333,0.222222222222222,-0.111111111111111,0.649407708557344,0.862797973853638,NA,"GO:0032200",0.862797973853638
"trabecula morphogenesis",0.222222222222222,0.111111111111111,-0.111111111111111,0.584829925657286,0.825944017814237,NA,"GO:0061383",0.825944017814237
"tube closure",0.369103121654151,0.398329166746796,0.0292260450926445,0.736591889708093,0.9002879997432,NA,"GO:0060606",0.9002879997432
"ubiquinone biosynthetic process",0.111111111111111,0,-0.111111111111111,0.374062797490883,0.708518945835672,NA,"GO:0006744",0.708518945835672
"ubiquinone metabolic process",0.111111111111111,0,-0.111111111111111,0.374062797490883,0.708518945835672,NA,"GO:0006743",0.708518945835672
"ubiquitin recycling",0,0,0,NA,NA,NA,"GO:0010992",NA
"vacuolar transport",0.333333333333333,0.444444444444444,0.111111111111111,0.676193125728972,0.864024549542576,NA,"GO:0007034",0.864024549542576
"vacuole organization",0.333333333333333,0.222222222222222,-0.111111111111111,0.649407708557344,0.862797973853638,NA,"GO:0007033",0.862797973853638
"vesicle localization",0.111111111111111,0.333333333333333,0.222222222222222,0.298002226960467,0.708518945835672,NA,"GO:0051648",0.708518945835672
"vesicle organization",0.176106944524573,0.0649958334134618,-0.111111111111112,0.78270586153567,0.936919284068721,NA,"GO:0016050",0.936919284068721
"viral gene expression",0.333333333333333,0,-0.333333333333333,0.075796236022892,0.708518945835672,NA,"GO:0019080",0.708518945835672
"viral release from host cell",0.176106944524573,0,-0.176106944524573,0.374062797490883,0.708518945835672,NA,"GO:0019076",0.708518945835672
