"","ID","Description","setSize","enrichmentScore","NES","pvalue","p.adjust","qvalue","rank","leading_edge","core_enrichment"
"GO:0000070","GO:0000070","mitotic sister chromatid segregation",176,0.738557210473039,2.53432820202862,1e-10,1.73483870967742e-08,1.5320882852292e-08,958,"tags=35%, list=7%, signal=33%","4605/5347/9319/332/891/991/9055/55143/983/9787/701/699/9212/11065/1062/64151/4085/3833/55055/113130/81620/7272/11130/51203/29127/10615/24137/29781/64105/1063/54892/3832/11004/9928/3835/26271/23397/10051/54627/146909/22974/57082/9493/10403/23310/147841/3619/4751/10459/54908/81930/83903/23636/83540/152185/2491/90417/84722/1843/79003/10592"
"GO:0000819","GO:0000819","sister chromatid segregation",215,0.709434808347825,2.50899515783333,1e-10,1.73483870967742e-08,1.5320882852292e-08,958,"tags=31%, list=7%, signal=29%","4605/5347/9319/332/891/991/990/9055/55143/983/9787/701/699/9212/11065/1062/64151/4085/10460/3833/55055/113130/81620/7272/7153/11130/51203/29127/10615/24137/29781/64105/1063/54892/3832/11004/116028/9928/3835/26271/23397/10051/54627/146909/22974/57082/9493/10403/23310/147841/3619/6599/4751/10459/54908/81930/83903/23636/83540/152185/2491/90417/84722/1843/79003/10592"
"GO:0140014","GO:0140014","mitotic nuclear division",250,0.698950068822496,2.48031852985044,1e-10,1.73483870967742e-08,1.5320882852292e-08,961,"tags=31%, list=7%, signal=29%","4605/8877/5347/9088/9319/332/891/991/9055/55143/983/9787/4288/701/699/9212/11065/1062/64151/4085/3833/55055/113130/81620/27338/7272/11130/51203/83987/29127/10615/24137/29781/64105/23363/1063/3552/54892/3832/995/6790/11004/3553/157313/9928/3835/26271/23397/10051/54627/146909/22974/57082/9493/10403/23310/147841/9585/54443/3619/4781/4751/10459/54908/81930/83903/23636/83540/152185/1111/2491/90417/84722/1843/79003/10592/5902"
"GO:0098813","GO:0098813","nuclear chromosome segregation",269,0.690589296233942,2.46681638087583,1e-10,1.73483870967742e-08,1.5320882852292e-08,958,"tags=29%, list=7%, signal=27%","4605/5347/9319/332/891/991/990/9055/55143/983/9787/701/699/9212/11065/1062/64151/4085/2669/10460/3833/151648/55055/113130/259266/81620/7272/7153/11130/9133/51203/29127/10615/24137/29781/64105/1063/54892/3832/83990/6790/11004/116028/9928/3835/26271/23397/55706/10051/54627/146909/2177/22974/57082/9493/29893/10403/23310/147841/3619/9232/6599/4751/81610/10459/54908/81930/83903/23636/83540/152185/2491/10919/90417/84722/1843/79003/10592"
"GO:0007088","GO:0007088","regulation of mitotic nuclear division",102,0.761762718747072,2.44460531816556,1e-10,1.73483870967742e-08,1.5320882852292e-08,887,"tags=40%, list=7%, signal=38%","8877/5347/9088/9319/332/891/991/55143/9787/4288/701/699/9212/11065/4085/55055/7272/11130/51203/83987/23363/1063/3552/995/6790/3553/157313/26271/57082/10403/147841/9585/3619/4751/10459/54908/83903/23636/83540/1111/1843"
"GO:0007059","GO:0007059","chromosome segregation",374,0.657575485789983,2.42933270682131,1e-10,1.73483870967742e-08,1.5320882852292e-08,958,"tags=27%, list=7%, signal=26%","4605/5347/9319/332/891/991/990/9055/55143/983/9787/4288/79682/701/699/9212/11065/1062/221150/64151/29899/4085/2669/10460/3833/151648/55055/113130/259266/81620/7272/7153/11130/220134/9133/51203/29127/387103/10615/24137/55839/29781/64105/1063/54892/55355/3832/83990/6790/11004/157313/116028/9928/79172/3835/26271/23397/55706/10051/54627/79019/146909/2177/22974/57082/9493/151246/29893/10403/23310/64946/147841/157570/56271/6491/3619/9232/6599/4751/81610/10459/54908/91687/81930/83903/203068/23636/83540/152185/8841/54069/2491/10919/90417/84722/1843/55732/55559/93323/79003/201254/10592"
"GO:0051983","GO:0051983","regulation of chromosome segregation",122,0.73418367166951,2.41005882703008,1e-10,1.73483870967742e-08,1.5320882852292e-08,958,"tags=34%, list=7%, signal=32%","5347/9319/332/891/991/990/55143/983/9787/4288/701/699/9212/11065/1062/64151/4085/10460/55055/7272/11130/29781/1063/54892/11004/157313/116028/26271/23397/10051/57082/10403/23310/147841/3619/6599/10459/54908/83903/83540/1843/10592"
"GO:1905818","GO:1905818","regulation of chromosome separation",71,0.786631078239098,2.40541277433236,1e-10,1.73483870967742e-08,1.5320882852292e-08,958,"tags=46%, list=7%, signal=43%","5347/9319/332/891/991/55143/9787/701/699/9212/11065/64151/4085/55055/7272/11130/29781/1063/54892/26271/23397/10051/57082/10403/23310/147841/3619/10459/54908/83903/83540/1843/10592"
"GO:0051304","GO:0051304","chromosome separation",77,0.774244936841462,2.3986003785758,1e-10,1.73483870967742e-08,1.5320882852292e-08,958,"tags=43%, list=7%, signal=40%","5347/9319/332/891/991/55143/9787/701/699/9212/11065/64151/4085/55055/7272/11130/29781/1063/54892/26271/23397/10051/57082/10403/23310/147841/3619/10459/54908/83903/83540/1843/10592"
"GO:0051783","GO:0051783","regulation of nuclear division",119,0.728987864004736,2.39469998045764,1e-10,1.73483870967742e-08,1.5320882852292e-08,887,"tags=36%, list=7%, signal=34%","8877/5347/9088/9319/332/891/991/55143/9787/4288/701/699/9212/11065/4085/55055/7272/11130/51203/83987/23363/1063/5139/3552/995/6790/3553/157313/26271/57082/10635/10403/147841/9585/3619/4751/10459/54908/83903/23636/83540/1111/1843"
"GO:0000280","GO:0000280","nuclear division",353,0.648800835545533,2.38578091277657,1e-10,1.73483870967742e-08,1.5320882852292e-08,1174,"tags=29%, list=9%, signal=27%","4605/8877/5347/9088/9319/332/891/991/9055/55143/983/9787/4288/701/699/9212/11065/1062/64151/4085/3833/151648/55055/113130/259266/81620/27338/5888/7272/7153/11130/9133/51203/83987/29127/10615/24137/29781/64105/23363/1063/5139/3552/54892/3832/995/83990/6790/11004/3553/157313/9928/3835/26271/23397/55706/10051/54627/146909/2177/22974/57082/10635/9493/63979/29893/10403/2175/23310/147841/9585/8438/54443/3619/9232/4781/4751/10459/54908/81930/83903/23636/83540/25788/152185/1111/2491/10919/90417/84722/1843/4603/79003/201254/10018/10592/5902/23236/148479/994/84142/2069/7314"
"GO:0006260","GO:0006260","DNA replication",261,0.666271359781849,2.36902324707739,1e-10,1.73483870967742e-08,1.5320882852292e-08,1505,"tags=35%, list=11%, signal=32%","374393/3399/890/990/94/6241/983/9401/4173/4172/4176/2237/5983/81620/4175/5888/5424/4171/51514/641/84296/8318/10036/10535/23594/63922/5982/7083/79733/9837/116028/26271/11073/10926/4174/6749/11277/8914/79915/64785/4998/29803/5928/4678/5984/157570/55388/9768/51053/79075/8317/3978/8208/4781/2736/54107/51659/5426/5985/10714/5932/5425/6117/25939/1111/80174/1854/10919/1017/11169/10293/2735/1663/5427/201254/1763/83743/91607/4796/84515/2069/79892/10856/580/6418/10498/1877/672/4798/378708/9134/79596"
"GO:0051306","GO:0051306","mitotic sister chromatid separation",60,0.796678578639211,2.36832910081857,1e-10,1.73483870967742e-08,1.5320882852292e-08,887,"tags=45%, list=7%, signal=42%","5347/9319/332/891/991/55143/9787/701/699/9212/11065/4085/55055/7272/11130/29781/1063/26271/57082/10403/147841/3619/10459/54908/83903/83540/1843"
"GO:0048285","GO:0048285","organelle fission",397,0.636866906888121,2.36483748419737,1e-10,1.73483870967742e-08,1.5320882852292e-08,1174,"tags=27%, list=9%, signal=26%","4605/8877/5347/9088/9319/332/891/991/9055/55143/983/9787/4288/701/699/9212/11065/1062/64151/4085/3833/151648/55055/113130/259266/81620/27338/5888/7272/7153/11130/9133/51203/83987/29127/10615/24137/29781/664/64105/23363/1063/5139/3552/54892/3832/995/83990/6790/11004/3553/157313/9928/3835/26271/23397/55706/10051/54627/146909/2177/22974/57082/51537/10635/9493/63979/29893/10403/2175/23310/147841/9585/8438/54443/3619/9232/4781/4751/10459/54908/81930/83903/23636/120892/83540/25788/152185/1111/2491/10919/90417/84722/1843/113115/4603/79003/201254/10018/10592/5902/80179/23236/192111/148479/994/84142/2069/7314"
"GO:0033045","GO:0033045","regulation of sister chromatid segregation",100,0.727288827008079,2.32710658421132,1e-10,1.73483870967742e-08,1.5320882852292e-08,887,"tags=32%, list=7%, signal=30%","5347/9319/332/891/991/990/55143/983/9787/701/699/9212/11065/1062/4085/10460/55055/7272/11130/1063/116028/26271/57082/10403/147841/3619/6599/10459/54908/83903/83540/1843"
"GO:0006261","GO:0006261","DNA-templated DNA replication",152,0.688043513132576,2.31099956752239,1e-10,1.73483870967742e-08,1.5320882852292e-08,1491,"tags=40%, list=11%, signal=36%","990/9401/4173/4172/4176/2237/5983/81620/4175/5888/5424/4171/641/84296/8318/23594/63922/5982/7083/79733/9837/26271/11073/10926/4174/8914/79915/64785/4998/5984/55388/51053/79075/8317/3978/54107/51659/5426/5985/10714/5932/5425/6117/25939/80174/1017/11169/10293/1663/5427/201254/1763/91607/4796/84515/79892/580/10498/672/378708/9134"
"GO:0007091","GO:0007091","metaphase/anaphase transition of mitotic cell cycle",91,0.728559987780033,2.29379580410954,1e-10,1.73483870967742e-08,1.5320882852292e-08,887,"tags=33%, list=7%, signal=31%","5347/9319/332/891/991/990/55143/9787/701/699/9212/11065/1062/4085/10460/55055/7272/11130/1063/26271/57082/10403/147841/3619/6599/10459/54908/83903/83540/1843"
"GO:0006275","GO:0006275","regulation of DNA replication",113,0.697733902963667,2.27777205565565,1e-10,1.73483870967742e-08,1.5320882852292e-08,1170,"tags=33%, list=9%, signal=30%","3399/890/990/94/983/4173/4172/4176/5983/81620/4175/4171/641/63922/5982/79733/26271/10926/4174/8914/79915/5984/157570/51053/79075/8317/2736/54107/5985/80174/10919/1017/2735/1763/91607/2069/10856"
"GO:1902850","GO:1902850","microtubule cytoskeleton organization involved in mitosis",156,0.664066211761464,2.24262415588325,1e-10,1.73483870967742e-08,1.5320882852292e-08,870,"tags=26%, list=6%, signal=25%","4605/5347/332/891/991/9055/55143/983/9787/9212/1062/29899/4085/10460/3833/89958/284403/7272/51203/79187/29127/24137/3925/3832/6790/54627/22974/1058/9493/10403/64946/6491/3619/4751/54908/10252/23636/83540/152185/8841/84722"
"GO:0033044","GO:0033044","regulation of chromosome organization",240,0.623185099326306,2.21368304251634,1e-10,1.73483870967742e-08,1.5320882852292e-08,2113,"tags=32%, list=16%, signal=28%","5347/9319/332/891/991/990/55143/983/9787/701/699/9212/11065/1062/64151/4085/10460/2237/55055/7272/7153/11130/29781/1063/84250/54892/116028/26271/23397/10051/57082/10403/23310/147841/3619/6599/4751/10459/54908/83903/83540/1017/1843/1663/10592/493861/10856/548593/79008/201161/10664/10576/51548/6602/3020/3021/9918/4798/57492/9735/9274/4137/65057/9183/7517/57405/5570/8193/3178/54780/22948/79913/2067/4216/7515/54984/10783/142"
"GO:0090068","GO:0090068","positive regulation of cell cycle process",205,0.61011066161477,2.13716078242159,1e-10,1.73483870967742e-08,1.5320882852292e-08,1143,"tags=30%, list=8%, signal=28%","8877/332/891/991/990/6241/55143/983/9787/699/9212/11065/64151/29899/4085/10733/2237/113130/2146/51514/51203/29127/10615/29781/84250/3552/54892/995/6790/79733/3553/9928/26271/23397/10926/10051/54627/10635/9493/79915/10403/23310/9585/6491/3619/1019/8317/81610/23636/5087/79447/80174/2735/1663/993/10592/5902/11113/23236/994/6909/2069"
"GO:0006310","GO:0006310","DNA recombination",281,0.59426102106775,2.13301629183122,1e-10,1.73483870967742e-08,1.5320882852292e-08,2347,"tags=40%, list=17%, signal=33%","9319/3148/9401/4173/4172/4176/3838/2237/4175/3014/5888/4171/7153/29128/641/84296/8318/84250/83990/3146/116028/11073/2177/4174/11277/6929/10635/8914/9156/79915/63979/29893/3149/55010/7040/8438/7516/8317/6421/10459/51659/118460/25788/5932/79447/8971/6117/25939/1111/4436/7374/201254/4796/51444/79840/84515/328/493861/10856/23529/23028/8089/548593/79008/580/51548/84542/22976/7468/115004/116138/672/4798/378708/78995/5890/4841/54556/7517/56893/55135/55257/64710/253714/54780/158880/5423/84057/58493/3005/79913/2067/2521/80314/7334/675/57820/7515/11144/142/64110/83695/27301/6118/126549/10721/2956/283899/165918/5885/113510"
"GO:1901988","GO:1901988","negative regulation of cell cycle phase transition",233,0.590830066650014,2.08692915742792,1e-10,1.73483870967742e-08,1.5320882852292e-08,1246,"tags=28%, list=9%, signal=26%","678/5347/9088/9319/332/891/991/990/55143/983/701/699/9212/4085/55055/81620/2146/3014/5888/7272/11130/51339/51514/641/8318/1063/83990/1869/26271/11073/2177/57082/11277/8914/10403/63967/4998/147841/79858/79968/3619/51512/10459/54908/5933/83903/83540/6347/5932/1111/835/1017/4436/1843/22809/1763/2273/91607/60672/84446/84142/9894/10116/9314/580"
"GO:0006302","GO:0006302","double-strand break repair",285,0.579709956807685,2.08032412023353,1e-10,1.73483870967742e-08,1.5320882852292e-08,2195,"tags=34%, list=16%, signal=29%","9319/3148/9401/4173/4172/4176/2237/113130/4175/3014/5888/4171/2305/29128/641/84296/8318/84250/83990/3146/116028/2177/4174/10635/8914/63979/4255/55010/64858/157570/8438/7516/8317/6599/6421/10459/51659/25788/5932/6117/25939/1111/55775/4436/1663/1763/4796/51444/91419/79840/84515/84142/493861/10856/23028/8089/548593/79008/51548/4968/6602/7468/115004/672/5536/57492/5890/9274/7157/54556/7517/5422/56893/55135/55257/64710/8193/253714/54780/158880/5423/58493/79913/2067/2521/286257/80314/7334/675/7515/11144/142/64110/23411/6118/27339/126549/10721"
"GO:0010948","GO:0010948","negative regulation of cell cycle process",269,0.569818528441425,2.03541770449002,1e-10,1.73483870967742e-08,1.5320882852292e-08,1246,"tags=26%, list=9%, signal=24%","678/5347/9088/9319/332/891/991/990/55143/983/701/699/9212/4085/55055/81620/2146/3014/5888/7272/11130/51339/51514/641/8318/1063/83990/79733/1869/26271/11073/2177/57082/11277/8914/10403/63967/4998/147841/79858/79968/3619/51512/899/4751/10432/10459/54908/5933/83903/83540/6347/5932/1111/835/1017/4436/1843/22809/1763/2273/91607/60672/84446/84142/9894/10116/9314/580"
"GO:0044770","GO:0044770","cell cycle phase transition",487,0.53531109118817,2.02553816504335,1e-10,1.73483870967742e-08,1.5320882852292e-08,1901,"tags=31%, list=14%, signal=27%","678/5347/9088/9319/332/891/991/890/990/6241/55143/983/9787/701/699/9212/11065/1062/4085/10460/55055/128239/113130/81620/2146/27338/3014/5888/2305/7272/11130/1163/51339/9133/51514/641/8318/56892/1063/995/83990/1033/6790/1869/9833/9928/26271/11073/10926/79616/2177/57082/11277/8914/79915/10403/63967/4998/54619/147841/79858/6491/79968/54443/3619/1019/8317/51512/23194/899/4781/6599/81610/1031/10459/54908/1870/5933/83903/5426/83540/6347/5087/5932/79447/5128/1111/80174/835/1017/4436/1843/22809/2735/993/1763/2273/91607/7023/23236/5218/10983/60672/994/84446/6909/84142/801/9894/10116/9314/6502/1876/580/1028/6602/22976/672/163786/808/9134/57492/55920/9735/5890/9274/57646/815/8462/1978/11331/8558/5569/9183/7157/4774/7027/7517/57405/4296/8193/10657/29997/58493/6240/58190/1104/84444/1871"
"GO:0044772","GO:0044772","mitotic cell cycle phase transition",402,0.543105026207248,2.00937764956705,1e-10,1.73483870967742e-08,1.5320882852292e-08,1901,"tags=32%, list=14%, signal=28%","678/5347/9088/9319/332/891/991/890/990/6241/55143/983/9787/701/699/9212/11065/1062/4085/10460/55055/128239/113130/2146/27338/2305/7272/11130/1163/51339/9133/51514/641/1063/995/1033/6790/1869/9833/9928/26271/11073/10926/79616/57082/11277/79915/10403/63967/4998/54619/147841/79858/6491/54443/3619/1019/8317/51512/23194/899/4781/6599/1031/10459/54908/1870/5933/83903/5426/83540/6347/5087/5932/5128/1111/80174/835/1017/1843/993/2273/91607/7023/23236/5218/10983/60672/994/84446/84142/801/9314/6502/1876/580/1028/6602/672/163786/808/9134/57492/55920/9735/5890/9274/815/8462/1978/11331/8558/5569/9183/7157/4774/7027/7517/57405/8193/10657/29997/58493/6240/58190/1104/1871"
"GO:0045786","GO:0045786","negative regulation of cell cycle",330,0.545146513623156,1.98686981341501,1e-10,1.73483870967742e-08,1.5320882852292e-08,1202,"tags=25%, list=9%, signal=23%","678/5347/9088/9319/332/891/991/5743/990/55143/983/701/699/9212/4085/55055/81620/2146/3014/5888/7272/11130/388/51339/51514/641/8318/1063/83990/79733/1869/26271/11073/2177/57082/23368/11277/8914/10403/63967/4998/7040/147841/79858/93649/11162/51053/3164/79968/3619/51512/899/4751/10432/10459/54908/5933/83903/54475/83540/6347/5932/1111/835/1017/4436/1843/22809/1763/6839/694/2273/91607/7023/60672/84446/84142/9894/10116/2619/9314"
"GO:1901987","GO:1901987","regulation of cell cycle phase transition",381,0.533754739198112,1.97387807807891,1e-10,1.73483870967742e-08,1.5320882852292e-08,1729,"tags=29%, list=13%, signal=26%","678/5347/9088/9319/332/891/991/990/6241/55143/983/9787/701/699/9212/11065/1062/4085/55055/113130/81620/2146/3014/5888/7272/11130/51339/51514/641/8318/56892/1063/995/83990/6790/1869/9928/26271/11073/10926/2177/57082/11277/8914/79915/10403/63967/4998/147841/79858/6491/79968/54443/3619/1019/8317/51512/6599/81610/1031/10459/54908/5933/83903/83540/6347/5087/5932/79447/1111/80174/835/1017/4436/1843/22809/2735/993/1763/2273/91607/7023/23236/60672/994/84446/6909/84142/9894/10116/9314/580/1028/6602/22976/672/163786/57492/55920/9735/5890/9274/57646/11331/8558/5569/9183/7157/7027/7517/57405"
"GO:0007346","GO:0007346","regulation of mitotic cell cycle",428,0.520413296571799,1.94479471170267,1e-10,1.73483870967742e-08,1.5320882852292e-08,1729,"tags=27%, list=13%, signal=24%","8877/678/5347/9088/9319/332/891/991/990/6241/55143/983/9787/4288/701/699/9212/11065/1062/4085/55055/113130/2146/7272/11130/1163/51339/51514/51203/83987/641/23363/1063/4212/3552/995/6790/3553/1869/157313/9928/26271/11073/2177/57082/11277/79915/10403/63967/4998/147841/79858/9585/51053/6491/23326/54443/3619/1019/8317/51512/6599/4751/1031/10459/54908/5933/83903/23636/54475/83540/6347/5087/5932/8841/1111/80174/835/1017/4436/1843/993/694/2273/91607/415116/7023/23236/60672/994/84446/84142/2069/2619/9314/580/1028/6602/1877/672/163786/57492/55920/9735/5890/9274/1978/11331/8558/5569/9183/7157/7027/7517/57405"
"GO:0051052","GO:0051052","regulation of DNA metabolic process",466,0.512540410595616,1.93551653883651,1e-10,1.73483870967742e-08,1.5320882852292e-08,2268,"tags=28%, list=17%, signal=24%","1545/3399/890/990/94/983/4173/4172/9212/4176/3838/5983/81620/4175/3014/5888/4171/2305/641/7398/3776/84250/63922/5982/79733/3146/116028/26271/10926/4174/10635/8914/79915/63979/4255/55010/7040/5984/157570/6877/51053/23326/79075/8317/6599/4751/2736/83443/54107/10459/5985/50507/118460/54069/8971/1111/80174/10919/1017/4436/2735/1663/1763/10629/91607/56970/84142/493861/2069/3182/10856/23529/23028/9314/8089/548593/79008/580/10576/51548/4968/6602/22976/7468/115004/672/4798/57492/79596/25865/9274/53615/65057/7157/54556/7027/56893/55135/55257/64710/5570/8193/5111/3178/54780/158880/3005/22948/10474/79913/2067/2521/4216/80314/5515/7334/7515/54984/142/64110/23411/8313/6118/126549/10721/26354/4221/2956/4862/1025/283899"
"GO:0065004","GO:0065004","protein-DNA complex assembly",166,0.625659006899699,2.12397518011622,3.49734579206093e-10,5.37392161991534e-08,4.74587194399366e-08,2462,"tags=39%, list=18%, signal=32%","3148/55723/9787/1062/81620/3014/5888/4171/387103/55839/8318/10036/64105/1063/85453/55355/3146/79172/23234/6749/1058/55506/5928/4678/64946/6877/51053/10025/8208/8520/6662/54107/54069/8971/2491/6925/79003/201254/10629/83743/152485/201161/6418/3020/3021/401541/90390/9735/11339/7157/3005/23421/6882/64425/7343/11144/9013/6837/10541/6878/6047/6908/4676/54108/11198"
"GO:0071103","GO:0071103","DNA conformation change",88,0.717213977675119,2.25354142074811,6.79275458841082e-10,8.91010589670082e-08,7.86878272218475e-08,1170,"tags=36%, list=9%, signal=33%","3148/9401/4173/4172/4176/5983/4175/5888/4171/7153/641/84296/8318/63922/5982/83990/9837/3146/4174/11277/64785/3149/5984/79075/51659/5985/25788/1663/1763/22907/84515/10856"
"GO:0051321","GO:0051321","meiotic cell cycle",195,0.5821978672185,2.02004288712641,8.29850051924844e-09,6.76202057462396e-07,5.97174391432998e-07,2560,"tags=43%, list=19%, signal=35%","5347/9088/9319/991/151648/259266/3014/5888/7272/7153/9133/29781/5139/995/83990/6790/26271/23397/55706/10051/2177/10635/9156/151246/63979/29893/10403/2175/23310/8438/3619/7516/9232/4751/81930/83540/25788/5932/6117/10919/1017/1843/4603/201254/993/10018/55329/10592/23236/994/2069/7314/284338/2827/1909/4487/116138/9918/378708/9134/5890/9183/84057/5515/675/57820/51441/11144/54888/3976/126549/10609/2956/10734/201164/5885/10927/1164/7156/51343/9700/9633/10426"
"GO:0050000","GO:0050000","chromosome localization",105,0.672841656045421,2.16858487542075,3.19498293342921e-08,2.42008707267356e-06,2.13725174138363e-06,924,"tags=30%, list=7%, signal=29%","332/891/55143/9787/9212/1062/2669/3833/151648/55055/113130/81620/29127/10615/1063/11004/9928/3835/57082/10403/147841/3619/4751/81610/54908/81930/23636/83540/152185/90417/84722/79003"
"GO:0090150","GO:0090150","establishment of protein localization to membrane",239,-0.532087271823006,-1.91651839503527,3.15509562398783e-07,2.06928100802519e-05,1.82744434601195e-05,1763,"tags=27%, list=13%, signal=24%","51201/6734/65125/23163/285966/25945/25782/481/55176/6711/51114/11261/6729/6844/23255/158234/3875/22930/9581/6745/537/55625/54557/11031/9141/27113/63971/55831/161176/9694/9747/340481/254359/64108/4864/6809/2181/51308/1956/5621/116444/23065/10133/56851/5584/7095/54543/7485/84896/54499/22883/673/2803/112755/4905/64374/283820/6505/23471/23420/23499/408050/2040/57214"
"GO:0051383","GO:0051383","kinetochore organization",21,0.859731082808563,2.08924295117344,1.09163361125214e-06,6.67136995603865e-05,5.89168762436562e-05,958,"tags=62%, list=7%, signal=58%","9787/1062/387103/64105/1063/10051/1058/10403/64946/83540/79003/201254/10592"
"GO:0140694","GO:0140694","non-membrane-bounded organelle assembly",341,0.470135025418403,1.72021213339977,1.18662543599749e-06,7.17041752224101e-05,6.33241155200553e-05,1553,"tags=22%, list=11%, signal=20%","4605/5347/332/991/9055/55143/9787/9212/1062/29899/10733/3833/259266/284403/9133/29127/387103/10615/24137/64105/23363/1063/3832/6790/26271/54627/22974/1058/9493/10403/64946/6624/388524/1466/6491/54443/3619/6234/4751/10432/6147/203068/6209/23636/54475/152185/8841/55794/6193/1465/1017/285590/55559/93323/79003/201254/6134/22907/84142/27258/116840/51116/115106/7840/56342/84154/84033/23212/672/163786/708/25804/9735/440145"
"GO:0052547","GO:0052547","regulation of peptidase activity",207,-0.541223326147523,-1.90325855951418,1.81779846862002e-06,0.000104001278342962,9.18466594671168e-05,1686,"tags=24%, list=12%, signal=21%","2896/2934/5698/1471/2149/5721/6774/5271/5366/327657/9026/23786/331/8434/9141/65992/27113/1893/7076/4057/340485/7077/444/55031/653145/57333/857/4035/9451/2152/1509/728113/7078/2537/2621/22861/5054/1514/4217/10550/1718/355/55075/960/23385/64065/64115/112399/6695"
"GO:0034502","GO:0034502","protein localization to chromosome",97,0.633566909855945,2.00974206344449,1.86901074338591e-06,0.000105805681872942,9.34401825391384e-05,2550,"tags=45%, list=19%, signal=37%","5347/983/701/9212/55055/2146/7272/84250/1058/57082/55506/157570/7443/54908/83903/6117/4436/4796/152485/84515/10856/10664/10576/51548/55920/9735/65057/9183/55135/253714/91272/22948/675/54984/142/6118/26354/1025/222229/5885/6047/26277/112869/23137"
"GO:0048566","GO:0048566","embryonic digestive tract development",22,0.850957121715795,2.10263424274125,1.98023787622732e-06,0.000109790920601552,9.69596668208102e-05,1298,"tags=59%, list=10%, signal=54%","6664/6299/91461/2294/348093/5915/5125/2736/3576/2737/2295/6943/5919"
"GO:0000281","GO:0000281","mitotic cytokinesis",83,0.651099347211856,2.03215806801775,2.02384884384258e-06,0.000111063868185565,9.80838451494921e-05,1140,"tags=27%, list=8%, signal=24%","5347/332/55143/9212/128239/55165/10112/388/51203/29127/24137/3925/26586/1058/9493/9585/54443/3619/23636/4628/11113/116840"
"GO:0051302","GO:0051302","regulation of cell division",136,0.574122988421387,1.8954606117507,3.11592271784883e-06,0.00016757432376591,0.000147989929504568,1486,"tags=24%, list=11%, signal=22%","4192/5347/332/990/9055/55143/9212/259266/10112/79187/29127/641/3552/6790/79733/3553/9928/54627/146909/9493/7040/9585/3619/23636/11113/80179/994/801/2069/201161/11091/9903/808"
"GO:0098727","GO:0098727","maintenance of cell number",151,0.553412567894463,1.85278882763455,3.91950051679301e-06,0.000206657586071694,0.000182505534899588,1710,"tags=25%, list=13%, signal=22%","7071/678/5396/259266/2146/6608/1000/2177/5928/3815/140467/26147/2624/4781/6599/22823/607/6662/182/6497/10629/1994/9079/6659/9314/84678/29998/51548/6602/79595/90390/3621/9274/6926/65980/79685/2176"
"GO:0050801","GO:0050801","monoatomic ion homeostasis",377,-0.454825876669704,-1.70176986600349,4.37256064303866e-06,0.000228307098429727,0.000201624870939095,1749,"tags=23%, list=13%, signal=21%","1534/27069/65125/811/220002/2896/27020/2149/113235/481/5311/10479/4907/11261/90550/7466/27347/133308/1649/2034/331/537/7184/493/148867/51463/5663/1815/25998/1317/84286/5291/5910/525/535/4669/79572/1236/368/771/5621/9777/79901/857/7922/6648/3077/1182/3709/6558/6786/477/286097/2247/2132/23479/9472/57620/53373/538/54499/9497/56172/4891/523/51463/3708/130733/567/254428/3357/1230/3074/2898/23312/83959/858/6505/341208/10159/8614/351/84561/84679/5332/3778/57214"
"GO:0055082","GO:0055082","intracellular chemical homeostasis",452,-0.428512996419992,-1.62928487443952,7.54657369628471e-06,0.000379303489145973,0.000334974328751959,2140,"tags=26%, list=16%, signal=22%","27032/57142/57468/1760/20/488/57130/2044/817/23315/91942/9990/55334/84649/1203/435/4756/56833/5562/55088/1534/27069/65125/811/220002/2896/27020/10497/2149/113235/481/5311/10479/6814/3480/5290/11261/90550/7466/27347/133308/1649/26137/537/9368/100381270/7184/8660/2744/493/148867/51463/5663/1815/25998/1317/84286/5291/5910/525/535/4669/79572/1236/368/5621/9777/8609/79901/857/7922/6648/3077/1182/3709/6558/6786/477/286097/2247/54795/23479/9472/57620/53373/538/2621/54499/9497/4891/5007/9213/523/51463/3708/130733/567/254428/3357/3383/1230/3074/2898/23312/83959/858/6505/341208/10159/8614/351/84679/3099/5332/3778/57214"
"GO:0098662","GO:0098662","inorganic cation transmembrane transport",465,-0.421678499404634,-1.60497046303363,7.62815748647574e-06,0.000379853990391357,0.0003354604929725,2165,"tags=28%, list=16%, signal=24%","7220/162514/2859/27032/1497/57468/93380/246329/27094/488/57130/817/4509/23315/9990/55334/610/529/84102/302/6575/5664/27069/65125/4513/201266/54822/2149/113235/481/5311/10479/81/57380/6574/81671/81033/81832/51393/11261/206358/196527/6844/90550/27347/10142/133308/9424/24145/1649/3775/537/493/8604/148867/10057/6948/5663/1815/26503/7782/3781/23704/25998/2745/53827/1317/4057/84286/3685/525/528/535/6335/9551/64078/1236/4540/130507/514/5621/116444/857/4734/7922/3077/1182/57463/3709/967/6558/6786/781/477/286097/7402/2247/54795/23479/9472/57620/53373/57185/538/2621/54499/9497/3688/4891/114780/523/123606/3708/254428/3357/84061/79026/55240/83959/1528/6505/10159/5026/84561/84679/5332/3778/57214"
"GO:0019827","GO:0019827","stem cell population maintenance",149,0.543728783364183,1.81910134676686,1.03420176769994e-05,0.000492206823600908,0.000434682661934058,1710,"tags=24%, list=13%, signal=21%","7071/678/5396/259266/6608/1000/2177/5928/3815/140467/26147/2624/4781/6599/22823/607/6662/182/6497/10629/1994/9079/6659/9314/84678/29998/51548/6602/79595/90390/3621/9274/6926/65980/79685/2176"
"GO:0030001","GO:0030001","metal ion transport",480,-0.412244018067008,-1.57823627734391,2.26444581483402e-05,0.00100646194976673,0.000888836843543377,2186,"tags=29%, list=16%, signal=25%","5187/55640/7220/162514/2859/27032/57468/93380/1760/246329/27094/488/57130/10269/817/23315/9990/55334/610/6583/84102/302/124565/80208/6575/5664/27069/65125/201266/55238/54822/2149/113235/481/5311/10479/81/57380/6574/81671/81033/81832/51393/11261/196527/6844/90550/7466/81539/27347/10142/133308/9424/24145/1649/3775/9368/55652/493/148867/10057/6948/5663/1815/7782/3781/23704/25998/2745/53827/1317/4057/84286/3685/525/1213/6335/64078/1236/10267/154215/130507/5621/3958/116444/6526/79901/857/4734/7922/51669/3077/57463/3709/967/6558/6584/6786/781/477/286097/7402/2247/54795/23479/9472/57620/53373/57185/538/2621/54499/9497/3688/4891/114780/123606/3708/567/4905/254428/3357/1230/84061/79026/55240/83959/54407/6505/341208/8614/5026/4638/54602/84561/84679/5332/3778/57214"
"GO:0006897","GO:0006897","endocytosis",496,-0.410112953711244,-1.5689478168625,2.32899058865352e-05,0.00102666486768677,0.000906678648490482,2133,"tags=25%, list=16%, signal=22%","8987/3953/4983/6453/10239/10079/20/9711/10487/113419/23301/3988/133/9910/4040/4627/27342/94134/302/311/7057/6517/80208/7804/27/54497/720/1130/57488/811/2934/8218/8406/4643/2348/6272/5290/196527/6844/50618/133308/6093/9026/5168/5286/23208/11031/57720/23317/10960/3339/1815/26119/23184/4908/4864/55788/23433/22848/84286/3685/5291/1213/26020/8867/7301/8650/10267/9522/1803/7436/3958/9777/857/4734/4035/4240/3077/284297/51554/26585/23011/1182/950/967/975/375056/6609/53373/399687/84896/2621/84162/3688/5054/1514/8674/112755/977/961/257364/567/7087/3357/23345/3673/4233/3482/301/4043/5795/25938/1601/858/9844/10347/8411/4646/351/3949/57007/4973/92737"
"GO:0006334","GO:0006334","nucleosome assembly",63,0.644323609897985,1.93623496042262,4.97115686076984e-05,0.00202536981797123,0.00178866505229613,1388,"tags=32%, list=10%, signal=29%","3148/55723/3014/4171/10036/85453/23234/6749/55506/5928/4678/8208/8520/6662/54107/8971/83743/6418/3020/3021"
"GO:0009100","GO:0009100","glycoprotein metabolic process",276,-0.467284588143732,-1.70849672053326,6.81580625842959e-05,0.00263707957250607,0.00232888434971862,2399,"tags=37%, list=18%, signal=31%","5806/11041/9953/4245/3703/8693/84899/4125/1650/22906/727936/55624/10724/5589/20/4247/29071/56913/7841/79586/58505/347734/6184/56983/23333/8509/8473/8985/1471/147991/10565/442117/2673/11261/283464/84572/23275/63917/8813/54928/29940/650/2218/55757/10585/9375/55454/23193/286148/4864/340485/2801/4669/64132/124872/1236/54790/23071/138050/56548/10267/55568/23213/4248/8869/55741/6185/4249/4126/175/79158/2132/3423/2683/538/9528/2589/6448/3073/3425/80267/10610/2720/1514/2651/374378/11253/659/56886/5074/4124/3074/84061/10905/2590/83857/11227/23385/10347/8707/117248/51301"
"GO:0010256","GO:0010256","endomembrane system organization",484,-0.400516259390445,-1.5347061807699,8.88796333003016e-05,0.00336615963302128,0.00297275689733848,2411,"tags=31%, list=18%, signal=26%","79188/60684/23271/128989/57003/164/22878/51271/6810/23423/346653/282991/5205/51062/222068/25956/27348/57142/93380/1760/10239/64689/9697/5862/488/10269/51014/9554/27243/727909/23315/4627/8560/10162/302/50999/79628/25946/101059918/9145/55161/84272/10564/1130/65125/163590/57488/643699/84376/2934/64753/2149/25782/81555/10565/8615/6711/81671/10228/2348/162427/84313/50807/10959/196527/6812/10142/22930/10972/116068/537/9368/23208/7110/23317/9321/55831/3998/9694/157680/55654/55971/7905/400/10015/535/2801/6809/4669/440026/51510/440270/9788/64645/8867/51308/8773/653145/9144/8729/25923/857/26509/9451/23065/10075/1182/950/2352/10133/56851/27314/728113/375056/6609/400451/7485/54732/399979/399687/54499/5578/23175/2804/64398/221035/5007/1639/8674/112755/523/257364/728047/8436/4905/23345/5339/79026/7357/283820/858/23471/10347/8411/10159/9659/23420/5552/408050/367"
"GO:1901615","GO:1901615","organic hydroxy compound metabolic process",360,-0.410494372878359,-1.51998649883105,0.000106344840430893,0.0039020721225983,0.00344603734848868,1388,"tags=18%, list=10%, signal=16%","8813/256356/134429/4047/2034/51635/54884/650/253430/3156/1815/4779/26119/2224/4864/340485/3029/51360/10901/1595/8867/57103/3422/9464/7436/221/6526/2232/51573/23780/2247/6609/5959/538/1717/11160/11161/26031/3269/5007/9693/2629/231/22949/1718/3157/427/3638/1601/6309/6713/6505/1734/1508/2625/6307/351/51706/3949/51301/56603/55/157506"
"GO:0007507","GO:0007507","heart development",456,0.390775922686156,1.47234589872344,0.000106657605433609,0.0039020721225983,0.00344603734848868,1707,"tags=20%, list=13%, signal=18%","6664/1829/57538/26011/3399/9353/1901/54567/94/10060/3764/983/5999/1363/2006/4091/1301/6299/6608/3776/23363/3552/22873/8463/3276/11277/221662/27295/2294/3037/7040/2050/5915/93649/6491/10848/6615/8642/2242/5125/2736/56950/2737/5463/6662/182/4776/10252/6497/9242/53834/50507/8841/23768/23767/32/285590/2735/4092/23462/64236/8321/6909/6659/64598/9215/27101/8829/5997/51548/1909/23135/7468/4487/1948/56999/3791/27129/64783/9794/4211/2931/6926/3091/53615/409/5914/27086/5604/7157/1856"
"GO:0032200","GO:0032200","telomere organization",163,0.500440525644861,1.6982990668728,0.000125577947973548,0.00447257088875326,0.00394986198157302,2294,"tags=29%, list=17%, signal=24%","9401/9212/2237/2146/5888/641/84250/9156/64858/4751/8520/10459/6117/1763/152485/328/9894/493861/10856/548593/79008/10576/51548/3020/3021/4798/9134/65057/7517/55135/5570/5111/3178/54780/84444/22948/79913/2067/4216/675/7515/54984/142/6118/26354/283899/55651"
"GO:0007292","GO:0007292","female gamete generation",103,0.551798167238671,1.76765738535549,0.000144040689040154,0.00503726590998424,0.00444856115281535,2165,"tags=30%, list=16%, signal=26%","4192/5347/9319/259266/7272/7153/9133/29781/5139/6790/54852/26271/23397/10403/10919/994/84515/2069/7314/1909/8061/3020/3021/78995/10766/2067/11218/675/51441/11144/23411"
"GO:0051445","GO:0051445","regulation of meiotic cell cycle",48,0.683182079645743,1.94127629271162,0.000149079026702795,0.00507434813675718,0.00448130958349775,1373,"tags=31%, list=10%, signal=28%","9088/9319/991/259266/7272/5139/995/26271/10635/1843/993/23236/994/2827/4487"
"GO:1903533","GO:1903533","regulation of protein targeting",69,-0.656301305431409,-2.01668056529278,0.000153131111548962,0.00517949130761207,0.00457416468261449,1988,"tags=29%, list=15%, signal=25%","55294/6721/5562/285966/3305/11261/23255/9141/3998/9747/9520/7855/5621/93974/10075/54543/54741/6505/2040/57214"
"GO:0006986","GO:0006986","response to unfolded protein",126,-0.553819336346449,-1.85532320126042,0.000165764902740931,0.00557177279337953,0.00492060027083605,2663,"tags=37%, list=20%, signal=30%","57414/90993/51283/9927/5610/5611/11153/581/5771/84899/7009/23376/27348/8720/7057/55161/23645/79139/3305/10959/7466/92305/1649/65992/467/3310/84236/51360/4690/23071/79956/22926/55741/9451/10133/1388/80267/27248/8988/10956/153222/51768/23471/10347/11080/22824/8614"
"GO:0043413","GO:0043413","macromolecule glycosylation",155,-0.52164627419242,-1.78048152073247,0.000175961939454649,0.00580566448090248,0.00512715706050615,2327,"tags=37%, list=17%, signal=31%","4245/3703/8693/84899/1650/22906/727936/55624/10724/20/4247/29071/56913/7841/58505/6184/56983/23333/8473/8985/147991/10565/442117/2673/11261/283464/23275/63917/8813/2218/55757/10585/286148/4864/340485/2801/124872/54790/10267/55568/4248/8869/6185/4249/2683/9528/2589/10610/2651/374378/56886/84061/2590/83857/11227/8707/117248/51301"
"GO:0072091","GO:0072091","regulation of stem cell proliferation",58,0.650076569132011,1.91980833745635,0.000179880358470399,0.00586300950214427,0.00517780017491827,773,"tags=22%, list=6%, signal=21%","6664/3200/3148/5396/4254/2192/7040/5915/4781/1031/2737/6662/5087"
"GO:0070085","GO:0070085","glycosylation",174,-0.499087357737342,-1.7124978584927,0.000179585869557834,0.00586300950214427,0.00517780017491827,2420,"tags=36%, list=18%, signal=30%","9488/11041/4245/3703/8693/84899/1650/22906/727936/55624/10724/20/4247/29071/56913/7841/58505/1203/6184/56983/23333/8473/8985/147991/10565/442117/2673/11261/283464/23275/63917/8813/2218/55757/10585/286148/4864/340485/2801/124872/54790/10267/55568/4248/8869/6185/4249/2683/9528/2589/10610/2651/2629/374378/56886/84061/2590/83857/11227/8707/117248/51301"
"GO:0098780","GO:0098780","response to mitochondrial depolarisation",20,-0.815483950329073,-1.98878207796927,0.000183849651332373,0.00595628569196086,0.0052601751858698,820,"tags=40%, list=6%, signal=38%","54832/93974/10075/10133/54543/22863/2629/3099"
"GO:0034728","GO:0034728","nucleosome organization",81,0.589776152512224,1.8455040177394,0.000189595083610569,0.00603338674353632,0.00532826544534965,1388,"tags=28%, list=10%, signal=26%","3148/55723/3014/4171/10036/85453/23234/6749/55506/5928/4678/8208/6599/8520/6662/54107/8971/83743/132660/6418/6602/3020/3021"
"GO:0006605","GO:0006605","protein targeting",295,-0.446954582598239,-1.63744325142751,0.000188632607324576,0.00603338674353632,0.00532826544534965,1804,"tags=18%, list=13%, signal=16%","5562/9145/51201/6734/23163/285966/55176/6272/3305/51114/11261/6729/23255/158234/84572/6745/55625/23431/54557/28972/8239/9141/3998/9747/340481/254359/9520/64108/7855/54832/5621/93974/4734/10075/83752/950/79158/9472/5584/7095/54543/22863/54741/55275/10956/55187/23303/64374/60559/6505/23471/84709/2040/57214"
"GO:0022412","GO:0022412","cellular process involved in reproduction in multicellular organism",257,0.4373236298978,1.55631263469812,0.000191541113976284,0.0060594594762615,0.00535129106043959,1388,"tags=19%, list=10%, signal=17%","9353/4192/5347/9319/3148/259266/338773/7272/7153/9133/29781/5139/83990/6790/54852/22873/1788/26271/23397/57082/58494/63979/10403/2175/246777/3815/5730/81930/10919/4436/2189/2735/4603/55329/994/55342/2069/7314/79989/147912/10664/1028/1909/8061/91978/1080/23762/3020/3021"
"GO:0010466","GO:0010466","negative regulation of peptidase activity",79,-0.612394297278273,-1.9209673543143,0.000195905099145498,0.0061254512977005,0.00540957042438485,1395,"tags=24%, list=10%, signal=22%","5271/327657/331/8434/1893/7076/4057/7077/55031/653145/4035/728113/7078/2537/2621/5054/1718/960/6695"
"GO:0019882","GO:0019882","antigen processing and presentation",74,-0.619641143005675,-1.9271530037042,0.000225130787408451,0.00688450553356628,0.00607991406851521,1523,"tags=35%, list=11%, signal=31%","2923/54842/3108/51128/6891/3105/1236/80328/6892/3077/1509/100507436/6890/3106/10437/1514/2629/3140/567/968/3107/3383/4012/64167/3133/10875"
"GO:0006026","GO:0006026","aminoglycan catabolic process",21,-0.799531928413013,-1.96736865600241,0.000246067816325953,0.00731134097348606,0.00645686529376389,1094,"tags=52%, list=8%, signal=48%","2799/1486/2247/3423/6448/3073/3425/2720/3074/960/57214"
"GO:0048511","GO:0048511","rhythmic process",221,0.452310114613456,1.59627103674723,0.000297154040646762,0.00863834827350424,0.00762878538491146,2168,"tags=25%, list=16%, signal=21%","7071/1545/3399/9353/4192/983/2146/7153/51514/5798/8914/3037/285382/6421/10062/5730/7298/8841/54551/835/22809/6478/6839/3615/8851/79723/112464/1958/2069/23373/55269/5501/51548/2560/4704/11335/22871/5599/2/3751/4841/7157/5608/1960/4800/9456/5111/2063/1390/6092/83759/150094/142/23411/1454"
"GO:0051101","GO:0051101","regulation of DNA binding",68,0.604162360500935,1.8259248395445,0.000302170749139153,0.00873695854231379,0.0077158710815838,1949,"tags=37%, list=14%, signal=32%","6664/3148/81620/602/6608/3725/55355/3146/1869/117854/7114/7040/55906/10459/6497/7023/23462/23028/5599/171392/6612/65057/3005/84444/4792"
"GO:0051235","GO:0051235","maintenance of location",244,-0.444784034190761,-1.60901448740953,0.000344256466532473,0.00969325275922324,0.00856040329013236,1993,"tags=24%, list=15%, signal=21%","817/55294/6721/3988/8760/84649/1500/27069/811/10577/2934/55704/2149/5311/10959/10142/7295/1649/134429/6672/7184/148867/5663/25998/4864/3685/7405/4669/3569/1236/54832/857/158747/3709/57674/5797/477/2247/9472/6500/53373/57146/3073/4052/2200/10956/55187/23761/2629/3708/3357/23345/3074/3638/6713/5552/3099/5332/57214"
"GO:0016125","GO:0016125","sterol metabolic process",102,-0.551296366823719,-1.79108382840889,0.000372500335205712,0.0102733682191606,0.00907272071496988,1328,"tags=27%, list=10%, signal=25%","134429/4047/3156/4779/26119/2224/4864/51360/1595/3422/7436/2232/23780/6609/1717/11160/11161/2629/1718/3157/3638/6309/6713/6307/351/51706/3949/56603"
"GO:0042060","GO:0042060","wound healing",281,-0.429108311716604,-1.57005535919183,0.000398841645417763,0.0109437263727384,0.00966473417897394,1927,"tags=26%, list=14%, signal=23%","4627/3572/302/7057/7094/2677/4853/2149/10627/6814/10565/199731/2923/4763/5290/3491/196527/6812/1606/50808/23189/23208/9060/60681/5327/3998/4488/7076/160851/5291/51510/3569/58189/966/2776/8526/7301/653145/2335/857/26509/221477/2152/6558/8837/2247/375056/1026/6609/2683/50848/2621/5578/3688/5054/977/1605/1832/135228/8323/2065/667/3673/5339/301/79026/114897/5493/960/6385/23499/4638/2151"
"GO:0009219","GO:0009219","pyrimidine deoxyribonucleotide metabolic process",19,0.776307854554883,1.85715928664506,0.000409019136595331,0.0111263776123327,0.00982603898667964,1587,"tags=47%, list=12%, signal=42%","1890/1841/6470/7298/1854/7374/8930/4968/79077"
"GO:1904923","GO:1904923","regulation of autophagy of mitochondrion in response to mitochondrial depolarization",14,-0.852700918301114,-1.93109859643411,0.000466108235385367,0.0123484240881897,0.0109052650145646,820,"tags=50%, list=6%, signal=47%","54832/93974/10075/10133/54543/2629/3099"
"GO:2000177","GO:2000177","regulation of neural precursor cell proliferation",59,0.617872849237759,1.83550736619143,0.000464521750744294,0.0123484240881897,0.0109052650145646,1224,"tags=31%, list=9%, signal=28%","4192/54567/79801/259266/284403/6608/1000/8326/1462/9289/50937/2624/2737/27185/120892/2735/23028/84678"
"GO:1905477","GO:1905477","positive regulation of protein localization to membrane",79,-0.591453174346133,-1.85527893478768,0.000496459918506414,0.0130242021547683,0.0115020649668854,1628,"tags=30%, list=12%, signal=27%","285966/6711/5290/11261/3675/23255/493/9141/27113/9747/23184/6809/2181/1956/5621/3958/6526/25921/4035/975/5584/3688/2040/57214"
"GO:0042770","GO:0042770","signal transduction in response to DNA damage",180,0.470338763817356,1.61800756965159,0.000499289278501312,0.0130348433969906,0.011511462568206,1799,"tags=26%, list=13%, signal=22%","5347/983/3090/4282/3014/5888/602/2305/51514/641/83990/1869/11073/2177/11277/79915/972/63967/79858/79968/6615/51512/56950/10459/1111/835/1017/4436/7023/84446/6659/84142/9894/10116/23028/580/55702/22976/4487/672/57646/9521/7157/5608/22925/29997"
"GO:0072089","GO:0072089","stem cell proliferation",83,0.563297602482832,1.75811843842638,0.000513062300089288,0.0133297055549768,0.0117718642156261,773,"tags=16%, list=6%, signal=15%","6664/3200/3148/5396/4254/2192/7040/5915/4781/1031/2737/6662/5087"
"GO:0043534","GO:0043534","blood vessel endothelial cell migration",100,0.54062736999026,1.72984578559352,0.000592568372215497,0.0151034725392178,0.0133383312319098,1746,"tags=27%, list=13%, signal=24%","1545/9353/54567/5743/94/154796/5335/161198/3146/3728/348/7114/7040/2050/3164/23616/2624/22846/9314/8829/7428/1948/3791/25865/3091/3162/1960"
"GO:0045596","GO:0045596","negative regulation of cell differentiation",458,0.373580655794264,1.4095510135788,0.000712977662702202,0.0179744438697114,0.015873772433528,1700,"tags=21%, list=12%, signal=19%","6664/678/4037/3399/4192/94/5999/374/4091/8651/259266/2146/338773/862/6431/6608/3202/11173/4212/4038/3552/3553/3146/1869/117854/3276/972/55223/6405/7040/3707/348093/5915/93649/6615/7538/5802/2624/9759/6599/2737/10062/6662/182/10459/4776/10252/6497/23461/5087/8841/25937/4092/5725/3690/10500/23462/166379/9655/6659/10507/2069/25987/7041/8829/5997/10683/84959/29998/7428/54910/6602/4487/93166/7001/11007/171392/64783/2047/1949/865/80149/4211/2931/9274/6926/283659/117581/6522/5914/65980/27086/26022/7157/54949"
"GO:0055074","GO:0055074","calcium ion homeostasis",193,-0.459266475495993,-1.59991905098088,0.000740980411391285,0.018449040057696,0.0162929026130481,1735,"tags=22%, list=13%, signal=20%","27069/811/27020/2149/481/5311/4907/90550/7466/1649/7184/493/5663/1815/25998/5291/5910/525/79572/1236/368/857/3709/6786/477/286097/2247/9472/57620/53373/54499/56172/3708/130733/3357/1230/3074/2898/858/8614/351/5332/57214"
"GO:0035590","GO:0035590","purinergic nucleotide receptor signaling pathway",12,-0.867618042805956,-1.87083688234456,0.000753680423947271,0.0186787710598545,0.0164957849762313,66,"tags=33%, list=0%, signal=33%","196527/5026/136/55"
"GO:0042403","GO:0042403","thyroid hormone metabolic process",13,-0.855871689028051,-1.89452013918797,0.000768511874842099,0.0188724057666704,0.0166667896144559,110,"tags=46%, list=1%, signal=46%","1497/7038/1734/1508/2625/51301"
"GO:0000723","GO:0000723","telomere maintenance",150,0.492884335078347,1.64785475988019,0.000816919203097174,0.0198888819394523,0.0175644703197841,2550,"tags=30%, list=19%, signal=25%","9401/9212/2237/5888/641/84250/9156/64858/4751/10459/6117/1763/152485/328/9894/493861/10856/548593/79008/10576/51548/4798/9134/65057/7517/55135/5570/5111/3178/54780/22948/79913/2067/4216/675/7515/54984/142/6118/26354/283899/55651/26277/54537/23137"
"GO:0000079","GO:0000079","regulation of cyclin-dependent protein serine/threonine kinase activity",70,0.583821582809683,1.77776651842908,0.000825858696627923,0.0200066129300224,0.0176684421013997,1061,"tags=30%, list=8%, signal=28%","5347/9088/891/890/990/9133/641/995/1033/79616/54619/93649/899/9077/1031/29950/84722/993/8851/7023/10983"
"GO:0006516","GO:0006516","glycoprotein catabolic process",26,-0.739786513612402,-1.87751350471555,0.000831571212233319,0.0200546635847121,0.0177108770809381,936,"tags=46%, list=7%, signal=43%","4669/138050/55741/4126/3423/6448/3425/80267/2720/1514/11253/10905"
"GO:0019885","GO:0019885","antigen processing and presentation of endogenous peptide antigen via MHC class I",18,-0.821027279204467,-1.95494447345576,0.00102847334279344,0.024366209857018,0.0215185333766936,1193,"tags=67%, list=9%, signal=61%","6891/3105/80328/6892/3077/100507436/6890/3106/567/3107/64167/3133"
"GO:0016570","GO:0016570","histone modification",110,0.512491356658576,1.66301311574653,0.00107908717263852,0.0252318731063042,0.0222830266496339,3156,"tags=38%, list=23%, signal=30%","9212/29128/26053/5928/2624/55167/9759/56950/8841/84108/10919/6839/7469/56970/10856/8089/3054/6418/11091/10498/23135/672/4800/55257/23067/84444/6871/9739/7334/54531/23411/112869/9219/3066/9070/10445/8464/10013/10514/79813/6880/84148"
"GO:0022613","GO:0022613","ribonucleoprotein complex biogenesis",458,0.368826880882407,1.39161462382895,0.00110048217233236,0.0256207494493655,0.0226264550538328,3693,"tags=35%, list=27%, signal=27%","2091/6431/92856/6633/388524/91582/6234/50628/6147/83443/6632/6209/54475/118460/9136/55794/6193/56915/81875/9775/83743/6839/10248/6936/6217/3669/6426/6134/22907/10528/401466/51116/6205/113000/7536/10856/2971/9816/57819/1662/55702/25926/56342/84154/23212/27042/5433/112479/708/25804/79050/11340/6210/63899/6227/23404/57647/55695/10199/5901/29997/8568/79033/84811/23246/64745/6636/23481/11218/51729/51441/728689/27339/84365/56949/4927/6201/64216/10885/6175/55651/64794/8575/55636/9221/6191/51631/55006/26155/6130/22827/54853/1964/57418/10772/11052/55164/8175/6202/6189/51386/10262/10556/54606/51042/10728/5393/79707/6634/25980/6154/55011/79029/6228/51154/8562/10514/10436/27292/65080/10978/55027/55759/79753/25929/6880/11056/84135/5394/28987/3921/8886/51081/51010/92345/11137/6628/26284/10607/55272/51602/6128/11168/7520/83640/54512/10171/1660/1736/8487/79039/115939/10557/163859/79869/153443/10291/81887/27341/11103/10360/10600"
"GO:0007600","GO:0007600","sensory perception",243,-0.428215463232772,-1.54716601450585,0.00113301857310199,0.0260400593424893,0.022996760242178,2401,"tags=26%, list=18%, signal=21%","114781/9860/51109/390190/390191/57731/84899/3913/5205/4942/23621/55624/2140/4882/219960/123016/1203/259290/10893/7020/8322/728/2149/2202/5876/51393/7466/4060/4311/1649/25794/2034/9368/836/343171/2743/64108/525/6335/51308/368/130507/22926/950/7045/128338/7078/5959/3073/259236/51473/567/390059/24139/54532/3673/3074/2898/4646/55/157506/57214"
"GO:0045814","GO:0045814","negative regulation of gene expression, epigenetic",103,0.512611938768613,1.64212629396757,0.00115240857977187,0.0262612429746319,0.0231920941656141,2034,"tags=32%, list=15%, signal=27%","4001/2146/29128/3146/1788/55506/84823/26147/9759/8520/54107/57673/1111/1017/6839/3070/79723/5987/23028/201161/10664/51548/11335/3020/3021/672/2931/53615/3005/22955/84444/80314/90378"
"GO:0006874","GO:0006874","intracellular calcium ion homeostasis",181,-0.468162998740308,-1.61677530359967,0.00115129306621654,0.0262612429746319,0.0231920941656141,1735,"tags=22%, list=13%, signal=19%","27069/811/27020/2149/481/5311/90550/7466/1649/7184/493/5663/1815/25998/5291/5910/79572/1236/857/3709/6786/477/286097/2247/9472/57620/53373/54499/3708/130733/3357/1230/3074/2898/858/8614/351/5332/57214"
"GO:0031055","GO:0031055","chromatin remodeling at centromere",10,0.860010293360782,1.78726881947016,0.0011669948310997,0.0263701605111521,0.0232882825206628,1914,"tags=100%, list=14%, signal=86%","387103/55839/55355/1058/4678/54069/2491/401541/11339/23421"
"GO:0044409","GO:0044409","entry into host",112,-0.509061914199419,-1.66109530603544,0.00120083080870451,0.0270212053941959,0.0238632398541058,1119,"tags=28%, list=8%, signal=26%","290/7706/5817/4864/3685/7405/7301/1803/1956/857/950/975/6609/53373/50848/682/2621/3688/1514/9213/1605/3916/2519/3383/3673/25893/10346/858/4179/1508/3949"
"GO:0003382","GO:0003382","epithelial cell morphogenesis",20,-0.755396612997271,-1.84224256661511,0.00124231044244939,0.0276080395020364,0.0243814907191459,408,"tags=25%, list=3%, signal=24%","23022/4233/2195/367/57493"
"GO:0051346","GO:0051346","negative regulation of hydrolase activity",139,-0.497535370745978,-1.68947732235012,0.00133994621052466,0.0292936208138278,0.0258700783135956,1773,"tags=25%, list=13%, signal=22%","23645/65125/1471/132864/10565/9734/6272/11261/10959/5271/327657/6093/331/8434/1893/7076/2932/4057/7077/55031/653145/3958/93974/4035/4249/728113/7078/2537/2621/5365/5054/1718/301/960/6695"
"GO:1905165","GO:1905165","regulation of lysosomal protein catabolic process",10,-0.883863936611679,-1.80953719284347,0.00135711273538924,0.0294296463343683,0.0259902065453152,759,"tags=50%, list=6%, signal=47%","4248/256471/4035/2629/3949"
"GO:0010952","GO:0010952","positive regulation of peptidase activity",120,-0.494351219620318,-1.63948162052847,0.00143508823824423,0.0309956005834436,0.0273731478797631,1686,"tags=22%, list=12%, signal=20%","2896/2934/2149/5721/6774/5366/9026/23786/9141/65992/27113/340485/444/57333/9451/2152/1509/22861/1514/4217/10550/355/55075/23385/64065/64115/112399"
"GO:0034764","GO:0034764","positive regulation of transmembrane transport",132,-0.482979205115204,-1.62720979949194,0.00171773326339034,0.0356637145423633,0.0314956998326796,1660,"tags=25%, list=12%, signal=22%","8218/2149/481/5311/81/81671/23596/11261/196527/81539/27347/10142/9368/2180/8660/5663/1815/9747/2745/23433/857/57463/6786/781/9472/5584/57620/673/5243/3688/8140/5026/57214"
"GO:0014003","GO:0014003","oligodendrocyte development",29,0.706386147269901,1.83298052127881,0.00174765849195108,0.0360111393475591,0.0318025211360488,84,"tags=14%, list=1%, signal=14%","6664/26011/56978/745"
"GO:0048024","GO:0048024","regulation of mRNA splicing, via spliceosome",84,0.531180319605953,1.6575635283273,0.00182185453093885,0.0371133851037467,0.0327759475422491,2778,"tags=33%, list=20%, signal=27%","6431/29890/221662/6428/6434/6432/5725/7536/29896/4857/64783/708/27316/10921/55147/10657/494115/3178/5935/11338/27339/26528/22827/10772/10262/3191/10656/79171"
"GO:0061351","GO:0061351","neural precursor cell proliferation",109,0.495905476222228,1.60664091512651,0.00207173843610713,0.040962534225677,0.0361752469958025,1702,"tags=28%, list=13%, signal=24%","4192/54567/79801/259266/284403/29127/84858/6608/1000/9833/9928/8326/5915/1462/9289/50937/2624/4781/2737/27185/120892/22809/2735/23028/84678/9253/2047/3091/7157/4774"
"GO:0040001","GO:0040001","establishment of mitotic spindle localization",36,0.649625034119141,1.74995871228375,0.00215884407533033,0.0418081576478111,0.0369220424941621,783,"tags=28%, list=6%, signal=26%","5347/29899/4085/89958/51203/1058/10403/54908/10252/8841"
"GO:0044403","GO:0044403","biological process involved in symbiotic interaction",222,-0.421858019305582,-1.49766905706876,0.00214774929691752,0.0418081576478111,0.0369220424941621,1153,"tags=18%, list=8%, signal=17%","25827/290/7706/5817/4864/4057/64848/3685/7405/440026/51510/7301/1803/1956/2335/857/950/975/6609/53373/50848/682/2621/3688/1514/9213/1605/3916/2519/3383/3673/3482/25893/10346/858/4179/1508/8411/3949/2040"
"GO:0070193","GO:0070193","synaptonemal complex organization",12,0.818445653065544,1.7636358281587,0.00217085990506315,0.0418454644065578,0.0369549892157893,854,"tags=25%, list=6%, signal=23%","5347/9319/10919"
"GO:0043392","GO:0043392","negative regulation of DNA binding",28,0.696214554934284,1.80725968180813,0.0021984445849073,0.0422258392058267,0.0372909096507584,1559,"tags=39%, list=11%, signal=35%","6664/6608/3725/1869/7114/10459/7023/23462/23028/171392/6612"
"GO:0021772","GO:0021772","olfactory bulb development",20,0.740993459919661,1.78240412055917,0.00229457429109146,0.0432322256126948,0.0381796797800942,898,"tags=35%, list=7%, signal=33%","9353/6299/9928/23287/6497/120892/22809"
"GO:0086005","GO:0086005","ventricular cardiac muscle cell action potential",19,0.73664189911372,1.76226652331802,0.00229907335909831,0.0432322256126948,0.0381796797800942,298,"tags=21%, list=2%, signal=21%","1829/3764/23327/3728"
"GO:0006022","GO:0006022","aminoglycan metabolic process",85,-0.535333409227947,-1.69632621008376,0.00228866693955534,0.0432322256126948,0.0381796797800942,1357,"tags=26%, list=10%, signal=23%","54928/29940/10057/2799/55454/1213/4669/64132/1486/56548/2247/2132/3423/6448/3073/3425/2720/2651/3074/960/11227/57214"
"GO:0007033","GO:0007033","vacuole organization",208,-0.423035455686819,-1.48563856380245,0.00227090318293082,0.0432322256126948,0.0381796797800942,2410,"tags=25%, list=18%, signal=21%","115201/57533/54664/2475/10533/157807/8987/8720/9821/4882/488/9554/27243/3988/1203/302/23341/411/80208/84376/2896/8406/25782/81671/1200/8897/22930/340061/89849/537/5663/23673/84286/535/4669/440026/51510/256471/1509/950/79158/22863/3073/23710/523/2629/4124/3074/1947/94241/10159/55"
"GO:0032259","GO:0032259","methylation",243,0.411359496198765,1.45949866327519,0.00241418294319285,0.0450815134322609,0.0398128415193207,3770,"tags=39%, list=28%, signal=28%","56978/2146/2091/26053/29890/1788/3276/4255/6633/56950/57412/63935/6632/7298/57673/54069/10919/9836/6839/3070/7469/79723/54931/10664/3054/118881/110599564/11091/10498/7468/93166/64783/53615/2353/63899/55695/57604/23067/84705/84444/85002/113802/64745/6636/115708/54815/79609/9739/55170/10400/10196/27037/142/54888/115286/90853/11108/64216/55006/1787/9219/55783/64863/207/5870/9070/10445/6634/196483/221078/10436/27292/1786/6419/79813/114826/84148/55152/6628/10785/3176/79823/83640/64754/63977/8623/8623/55039/4234/56257/51108/152992/84787/645332"
"GO:0048146","GO:0048146","positive regulation of fibroblast proliferation",42,0.614962164218711,1.6925728436983,0.00247915580047639,0.0453975074671147,0.0400919053632972,1303,"tags=29%, list=10%, signal=26%","8877/891/890/990/4282/1869/972/1019/3690/57124/2069/51548"
"GO:0042157","GO:0042157","lipoprotein metabolic process",110,-0.499495887564798,-1.6394001450603,0.00245553888140474,0.0453975074671147,0.0400919053632972,3007,"tags=39%, list=22%, signal=31%","64924/5494/23390/23556/1622/253832/347/79844/54344/9487/9488/9397/55650/10533/472/9821/94005/3988/8542/51201/25782/84720/51114/22930/8813/55625/340481/254359/3685/80833/25921/5495/1509/58489/23780/10026/65258/51604/2629/54872/7357/3949/4973"
"GO:0072567","GO:0072567","chemokine (C-X-C motif) ligand 2 production",15,0.793162353683153,1.78116541758053,0.00251114717384211,0.0456248293950096,0.0402926602004822,1652,"tags=60%, list=12%, signal=53%","4282/3146/10631/972/7040/4940/9314/4615/27086"
"GO:2000341","GO:2000341","regulation of chemokine (C-X-C motif) ligand 2 production",15,0.793162353683153,1.78116541758053,0.00251114717384211,0.0456248293950096,0.0402926602004822,1652,"tags=60%, list=12%, signal=53%","4282/3146/10631/972/7040/4940/9314/4615/27086"
"GO:0048144","GO:0048144","fibroblast proliferation",91,0.516086018274617,1.62484347635534,0.00263967099241377,0.0476380892523532,0.0420706305820238,1143,"tags=22%, list=8%, signal=20%","8877/891/890/990/10060/3764/983/4282/1163/79733/1869/972/54331/1019/2495/6497/2950/3690/57124/2069"
"GO:0097553","GO:0097553","calcium ion transmembrane import into cytosol",108,-0.512019544253629,-1.67793663100521,0.00274396739120646,0.0490575883196543,0.0433242329369713,1735,"tags=20%, list=13%, signal=18%","27069/2149/5311/51393/1649/493/25998/6335/1236/5621/857/3709/781/477/2247/9472/53373/3708/3357/5026/5332/57214"
"GO:1901136","GO:1901136","carbohydrate derivative catabolic process",132,-0.474022726900053,-1.59703444418414,0.0027578684861911,0.0491119758898535,0.0433722642373449,1176,"tags=21%, list=9%, signal=20%","669/2799/22978/8876/4669/1486/2581/138050/55741/4126/2247/3423/6448/3073/3425/80267/2720/9583/1514/10846/2629/11253/2519/3074/8654/10905/960/57214"
"GO:0044000","GO:0044000","movement in host",135,-0.479105836784176,-1.62076298752055,0.00280844587152458,0.0497702849423323,0.0439536367774761,1119,"tags=24%, list=8%, signal=22%","290/7706/5817/4864/3685/7405/51510/7301/1803/1956/857/950/975/6609/53373/50848/682/2621/3688/1514/9213/1605/3916/2519/3383/3673/25893/10346/858/4179/1508/3949"
"GO:0034620","GO:0034620","cellular response to unfolded protein",81,-0.560006626558968,-1.76439949980448,0.00292517630913864,0.0515790104608118,0.0455509767276394,2735,"tags=41%, list=20%, signal=33%","10488/57414/90993/51283/5610/11153/581/5771/84899/7009/23376/8720/55161/23645/79139/10959/7466/1649/65992/467/84236/51360/4690/79956/22926/9451/10133/1388/27248/10956/51768/10347/8614"
"GO:0031145","GO:0031145","anaphase-promoting complex-dependent catabolic process",22,0.712977372321314,1.76169938424131,0.0029614152438725,0.052047356802439,0.0459645874797136,144,"tags=18%, list=1%, signal=18%","5347/991/11065/27338"
"GO:0001556","GO:0001556","oocyte maturation",25,0.703165633287642,1.77939420516757,0.00309363521693609,0.0539337322810371,0.047630502447014,2103,"tags=48%, list=15%, signal=41%","9319/5139/6790/26271/994/2069/1909/3020/3021/675/51441/11144"
"GO:0001916","GO:0001916","positive regulation of T cell mediated cytotoxicity",21,-0.730459505407788,-1.79740556236542,0.00316161565384023,0.054672569087951,0.0482829914710683,1193,"tags=67%, list=9%, signal=61%","4277/3592/8417/6891/3105/5817/80328/3077/100507436/3106/3140/567/3107/3133"
"GO:0048260","GO:0048260","positive regulation of receptor-mediated endocytosis",38,-0.68245753786079,-1.84947166893346,0.00326221845517076,0.0558732829678609,0.0493433780413358,1102,"tags=29%, list=8%, signal=27%","26119/4908/3077/26585/23011/967/84896/5054/567/23345/1601"
"GO:0016072","GO:0016072","rRNA metabolic process",258,0.396564753095853,1.41213493136214,0.00351311749681117,0.0594282943623315,0.0524829156138732,3671,"tags=39%, list=27%, signal=29%","2091/92856/55506/6234/50628/6209/118460/9136/56915/1663/9775/6839/10248/6217/3669/10528/9329/113000/2971/9191/1662/25926/56342/84154/23212/27042/112479/79050/11340/9328/4137/63899/6227/23404/7157/57647/55695/10199/29997/8568/79033/23246/79002/23481/64425/51729/51441/84365/6201/64216/10885/55651/10927/55636/9221/55006/6130/54853/57418/55164/6202/10556/54606/5393/79707/6154/55011/51154/10436/27292/6598/65080/55759/11056/84135/10849/5394/28987/8886/51010/92345/11137/10607/55272/51602/54512/10171/1736/79039/115939/115752/10557/163859/84172/146857/153443/81887/27341/11103/10360"
"GO:0007034","GO:0007034","vacuolar transport",148,-0.459451106792067,-1.5682376247996,0.00353414475532088,0.0595819137746573,0.0526185815410256,2948,"tags=36%, list=22%, signal=29%","65018/6845/6845/55293/143187/23484/29082/9737/23230/81609/154/4074/3920/164/54664/51271/80762/9842/5660/22906/10239/23339/27243/3988/411/151636/1130/84376/2896/23163/84313/6272/84572/63971/4864/22898/51510/63910/138050/54832/4734/4035/950/79158/757/22863/54741/55275/55187/23585/3916/3482/57724/54602"
"GO:0043414","GO:0043414","macromolecule methylation",186,0.430762487887822,1.48997231107043,0.00367750714336142,0.0616125651619867,0.0544119109062034,3182,"tags=34%, list=23%, signal=26%","2146/2091/26053/29890/1788/3276/4255/6633/56950/63935/6632/57673/54069/10919/9836/3070/7469/54931/10664/3054/11091/10498/64783/53615/2353/63899/55695/57604/23067/84705/84444/85002/113802/6636/115708/54815/79609/9739/55170/27037/142/54888/115286/90853/64216/55006/1787/9219/55783/64863/207/5870/9070/10445/6634/196483/221078/10436/27292/1786/79813/84148/55152"
"GO:0072697","GO:0072697","protein localization to cell cortex",10,0.823463637955972,1.71131775450595,0.00369676315310793,0.0617428330354487,0.054526954386476,362,"tags=40%, list=3%, signal=39%","5347/29899/89958/2035"
"GO:0051642","GO:0051642","centrosome localization",29,0.680750691829193,1.76645983615703,0.00378539063362436,0.0628328111963944,0.0554895469100491,370,"tags=21%, list=3%, signal=20%","9787/29899/4085/259266/6790/29109"
"GO:0061842","GO:0061842","microtubule organizing center localization",29,0.680750691829193,1.76645983615703,0.00378539063362436,0.0628328111963944,0.0554895469100491,370,"tags=21%, list=3%, signal=20%","9787/29899/4085/259266/6790/29109"
"GO:0001574","GO:0001574","ganglioside biosynthetic process",11,0.792808528526223,1.66636236237638,0.00381348258637853,0.0631043364601345,0.055729339043692,779,"tags=27%, list=6%, signal=26%","81849/256435/6483"
"GO:0009913","GO:0009913","epidermal cell differentiation",114,-0.473886764098895,-1.55765056899125,0.00383715806500114,0.0632710488282519,0.0558765677542175,1555,"tags=25%, list=11%, signal=22%","4926/23596/6093/9368/836/4488/2627/8202/8609/8837/27152/2247/360/1026/9497/23022/1832/135228/427/5339/301/8754/51384/5493/7357/4646/54206/56603"
"GO:0062009","GO:0062009","secondary palate development",19,0.718823469578535,1.71963954010441,0.00386784023026367,0.0633956651912833,0.0559866202155116,275,"tags=11%, list=2%, signal=10%","6664/2615"
"GO:0042307","GO:0042307","positive regulation of protein import into nucleus",34,0.645083513242354,1.70789399368177,0.00387823983784533,0.0633956651912833,0.0559866202155116,783,"tags=21%, list=6%, signal=19%","5743/983/6608/3728/7040/2737/8841"
"GO:0032310","GO:0032310","prostaglandin secretion",10,0.820751126880209,1.7056806284092,0.00390024914322171,0.0635622420977162,0.0561337292957459,2184,"tags=80%, list=16%, signal=67%","5743/4282/3552/3553/5321/5608/9536/5025"
"GO:0045444","GO:0045444","fat cell differentiation",180,0.430982985378709,1.48262015887039,0.00392406222288143,0.0637571197421641,0.0563058316096072,1574,"tags=20%, list=12%, signal=18%","678/4037/5743/3764/1051/84935/4091/8651/862/664/83643/1869/7040/3164/3589/7538/8013/2624/182/4929/22809/25937/79969/23236/166379/9314/7041/5997/5919/51548/10498/11007/10603/51320/80149/2869"
"GO:0010992","GO:0010992","ubiquitin recycling",12,0.799033838321699,1.72180608437108,0.00408832099320357,0.0656328068699964,0.0579623073726143,341,"tags=25%, list=3%, signal=24%","11065/27338/117854"
"GO:0072710","GO:0072710","response to hydroxyurea",11,0.790269315346164,1.66102532433875,0.00415703066654043,0.0660822630215594,0.0583592356292255,908,"tags=45%, list=7%, signal=42%","5888/641/11277/8914/1663"
"GO:0043270","GO:0043270","positive regulation of monoatomic ion transport",121,-0.473955842057661,-1.57423145967005,0.0041654680484025,0.0660822630215594,0.0583592356292255,1646,"tags=22%, list=12%, signal=20%","2149/481/5311/81/81671/51393/11261/196527/7466/27347/10142/9368/1815/9747/2745/3958/857/57463/6786/781/9472/57620/5243/1230/5026/4638/57214"
"GO:0032388","GO:0032388","positive regulation of intracellular transport",175,-0.435382471962483,-1.49606661035612,0.0041344326832774,0.0660822630215594,0.0583592356292255,1628,"tags=20%, list=12%, signal=18%","285966/6342/4926/3305/11261/6844/23255/51614/51128/9141/27113/5663/9747/26119/2932/9520/7855/51366/5621/9777/4734/55741/23011/10075/975/54543/54741/2621/4193/10178/1601/1778/55754/2040/57214"
"GO:0075509","GO:0075509","endocytosis involved in viral entry into host cell",10,-0.848937276802507,-1.73803174123655,0.00426395586614245,0.0666614960700992,0.0588707737699962,824,"tags=50%, list=6%, signal=47%","1803/857/53373/1514/858"
"GO:0014706","GO:0014706","striated muscle tissue development",180,0.429387210317062,1.47713054940625,0.00424835778493895,0.0666614960700992,0.0588707737699962,1652,"tags=23%, list=12%, signal=21%","1829/57538/26011/1901/54567/3764/983/5999/1301/3776/23363/1063/3276/11277/7040/5915/93649/10848/2242/6497/9242/50507/8841/2735/4092/23462/6909/9215/5997/51548/1909/23135/4487/1948/56999/9794/4211/2931/6926/409/5914/27086"
"GO:0048663","GO:0048663","neuron fate commitment",31,0.652117952082205,1.70603986987108,0.00439578159259886,0.0679325097844731,0.0599932442401877,854,"tags=26%, list=6%, signal=24%","54567/5396/2624/4781/2736/2737/6662/10919"
"GO:0051438","GO:0051438","regulation of ubiquitin-protein transferase activity",36,0.623061411743086,1.67840167558515,0.00447566844132868,0.0684966793131968,0.0604914793331788,1152,"tags=28%, list=8%, signal=25%","5347/991/11065/4085/27338/26271/55527/10459/4092/10116"
"GO:0070301","GO:0070301","cellular response to hydrogen peroxide",60,0.547973747019188,1.62899092098955,0.00456082756206232,0.0692885046010485,0.0611907640797657,763,"tags=17%, list=6%, signal=16%","8877/1545/983/2146/51157/388/664/5598/10365/10276"
"GO:0016188","GO:0016188","synaptic vesicle maturation",23,-0.71110351151118,-1.7718642782883,0.00485644788300851,0.0727520242752639,0.064249502560136,3126,"tags=65%, list=23%, signal=50%","9296/51382/534/253832/8301/529/10497/6812/537/525/528/535/1182/523/10159"
"GO:0042445","GO:0042445","hormone metabolic process",127,-0.462349872607497,-1.55252527434544,0.00485375554038926,0.0727520242752639,0.064249502560136,2050,"tags=31%, list=15%, signal=26%","5781/10269/7038/133/3169/84649/9159/5972/81555/3480/4311/51635/54884/650/9060/59338/223/10901/4669/1522/51144/1803/3077/59342/5959/1889/1717/1514/231/1601/102/1734/1508/2625/10159/8614/51301/56603/157506"
"GO:1904427","GO:1904427","positive regulation of calcium ion transmembrane transport",47,-0.590306805913083,-1.67331772701135,0.00497786795325793,0.0741578223064298,0.065491005117655,755,"tags=15%, list=6%, signal=14%","857/6786/781/9472/57620/5026/57214"
"GO:0060563","GO:0060563","neuroepithelial cell differentiation",24,0.689368832526455,1.73070122261565,0.00512634514421221,0.0759489922467584,0.0670728412083094,1097,"tags=33%, list=8%, signal=31%","6664/1051/1000/7040/2624/182/203068/6659"
"GO:0050686","GO:0050686","negative regulation of mRNA processing",21,0.68643669431599,1.66811815194754,0.00516525478477549,0.0761061376233496,0.0672116210206403,2981,"tags=57%, list=22%, signal=45%","6431/6432/5725/580/708/27316/10921/11338/79882/10772/79171/6429"
"GO:0031623","GO:0031623","receptor internalization",86,-0.503643383972141,-1.59847058159138,0.00527401156608004,0.0768662173506191,0.0678828703070978,1225,"tags=23%, list=9%, signal=21%","11031/1815/26119/4908/55788/1213/8650/10267/857/4734/4035/26585/967/975/84896/3688/3357/23345/4043/57007"
"GO:0032355","GO:0032355","response to estradiol",79,0.496944713063339,1.54861872174972,0.00533499620493038,0.0775448907840961,0.0684822272450807,1307,"tags=23%, list=10%, signal=21%","3485/1545/890/5743/374/2146/3015/1788/2821/10631/7040/1410/2890/81930/6751/8930/10856/4968"
"GO:0002089","GO:0002089","lens morphogenesis in camera-type eye",19,0.703992367798316,1.6841591334066,0.00564769217068233,0.080565751973288,0.0711500406927787,729,"tags=16%, list=5%, signal=15%","6664/5818/6497"
"GO:0032496","GO:0032496","response to lipopolysaccharide",206,0.409447015438553,1.43404532462446,0.00562024626252677,0.080565751973288,0.0711500406927787,1652,"tags=19%, list=12%, signal=17%","9590/3148/5743/3764/1051/4282/4091/3552/3553/3146/117854/11213/57088/10949/3164/1019/7538/2919/29108/3576/10062/6347/654/54/2950/5734/2921/55122/5731/4615/2920/5732/5599/7001/80149/4314/2353/5914/27086"
"GO:0072001","GO:0072001","renal system development",236,0.397265149970579,1.40541944602151,0.0056044347535021,0.080565751973288,0.0711500406927787,1639,"tags=24%, list=12%, signal=21%","6664/3399/9353/3764/9955/4091/2146/6299/6608/1063/4038/11277/9244/55959/4357/2294/3037/5915/139285/25789/2028/93649/79902/8642/55083/5125/2736/2737/6662/182/10252/54475/120892/5087/26249/25937/654/10018/4092/3070/3690/1958/4811/6659/6943/8829/6382/1028/1909/8772/1948/65266/26108/25976/57122/5914"
"GO:0072595","GO:0072595","maintenance of protein localization in organelle",39,-0.647928821571392,-1.76864552698916,0.00570075290570587,0.0811075373727147,0.0716285076873987,1470,"tags=36%, list=11%, signal=32%","23568/129685/65018/11015/23353/11079/10959/7295/6672/6500/10956/23345/3638/3099"
"GO:0061158","GO:0061158","3'-UTR-mediated mRNA destabilization",17,0.739167663042622,1.72659337299299,0.00574323583522395,0.0814963649652623,0.0719718930385515,1569,"tags=29%, list=12%, signal=26%","678/221662/7538/8570/80149"
"GO:0032816","GO:0032816","positive regulation of natural killer cell activation",20,-0.696099864661106,-1.69763112413947,0.00579647884945095,0.0816059247443645,0.0720686485773566,504,"tags=35%, list=4%, signal=34%","3606/51561/164/3592/2621/3916/3133"
"GO:0016126","GO:0016126","sterol biosynthetic process",52,-0.601892019630402,-1.74057003679159,0.00582441348934374,0.0817851063856153,0.0722268892783261,2099,"tags=46%, list=15%, signal=39%","6647/2222/7108/8720/6721/3988/10162/5562/4047/3156/2224/51360/1595/3422/1717/11160/11161/1718/3157/3638/6309/6713/6307/51706"
"GO:0071902","GO:0071902","positive regulation of protein serine/threonine kinase activity",104,-0.479976176133328,-1.56964648283974,0.00586256466940495,0.0820169807584031,0.0724316645166301,1218,"tags=16%, list=9%, signal=15%","493/1815/4908/4057/146433/1956/2247/22924/51347/10961/9693/4217/10178/3357/8754/894/57214"
"GO:0060412","GO:0060412","ventricular septum morphogenesis",34,0.63062146587013,1.66960492980659,0.00590466208821688,0.082267545881944,0.072652946119538,1964,"tags=35%, list=14%, signal=30%","6664/9353/53834/4092/23462/8321/6659/7468/64783/6926/2535/6092"
"GO:0001912","GO:0001912","positive regulation of leukocyte mediated cytotoxicity",28,-0.699434452070223,-1.77144725685864,0.00600902708957326,0.0831340135384678,0.0734181497887234,1193,"tags=57%, list=9%, signal=52%","164/4277/3592/8417/6891/3105/5817/80328/3077/100507436/3106/3140/567/3916/3107/3133"
"GO:0040020","GO:0040020","regulation of meiotic nuclear division",20,0.71146489642209,1.71137537860783,0.0060199726914994,0.0831340135384678,0.0734181497887234,1373,"tags=40%, list=10%, signal=36%","9319/991/5139/26271/10635/23236/2827/4487"
"GO:0032303","GO:0032303","regulation of icosanoid secretion",10,0.80365032242489,1.67014182750554,0.00607077765448164,0.0831340135384678,0.0734181497887234,2184,"tags=80%, list=16%, signal=67%","4282/3552/3553/5321/5608/22925/9536/5025"
"GO:0032305","GO:0032305","positive regulation of icosanoid secretion",10,0.80365032242489,1.67014182750554,0.00607077765448164,0.0831340135384678,0.0734181497887234,2184,"tags=80%, list=16%, signal=67%","4282/3552/3553/5321/5608/22925/9536/5025"
"GO:0043408","GO:0043408","regulation of MAPK cascade",431,-0.350335157993908,-1.32416689743161,0.00611389717247269,0.0834531446537009,0.0736999840828127,1504,"tags=20%, list=11%, signal=18%","4763/3480/3491/11214/60370/27347/284996/6093/9518/331/9368/9448/650/2218/3487/8826/3156/467/1815/55870/5052/4908/388121/5291/5910/90441/3569/146433/1236/10114/9464/1956/1540/2335/857/2633/57556/7010/8837/389658/27250/147/3489/2247/975/7078/6609/1647/2621/5578/673/23162/6503/51347/2651/10961/1605/9693/56005/2629/4217/10178/10550/3357/3383/4077/1230/2898/3672/5795/8754/355/11329/114897/51384/1601/7162/960/858/10347/60401/10159/351/367/57007"
"GO:0046323","GO:0046323","glucose import",52,-0.599429051877742,-1.73344755014607,0.00614575547930955,0.0836756277663968,0.0738964656166414,2355,"tags=42%, list=17%, signal=35%","6041/114882/8682/5781/6253/6517/8218/6814/23596/6272/83667/144195/55625/8660/23433/376497/5584/6443/6515/55022/6513/3099"
"GO:0032332","GO:0032332","positive regulation of chondrocyte differentiation",16,0.756475496041249,1.74762000406559,0.00620681361368787,0.0842935444808419,0.0744421664671975,949,"tags=44%, list=7%, signal=41%","94/91461/5593/2737/6662/654/4092"
"GO:0015732","GO:0015732","prostaglandin transport",13,0.794406547361949,1.74154250016979,0.00652555935692775,0.08751735217346,0.0772892080810028,2340,"tags=69%, list=17%, signal=57%","5743/4282/3552/3553/5321/5608/9536/5025/6578"
"GO:0007176","GO:0007176","regulation of epidermal growth factor-activated receptor activity",15,-0.761469871146327,-1.75163646506779,0.00657965145297114,0.0880232972987035,0.0777360234506567,67,"tags=40%, list=0%, signal=40%","6868/55294/84313/351/54206/9052"
"GO:0030534","GO:0030534","adult behavior",87,-0.510278767151656,-1.61663435648491,0.00678052598657106,0.0898169181176827,0.0793200239860218,1129,"tags=20%, list=8%, signal=18%","1815/2743/4864/525/4669/26058/1182/2668/477/238/3073/6505/23385/7111/26050/351/894"
"GO:0097401","GO:0097401","synaptic vesicle lumen acidification",15,-0.759115436641146,-1.74622047490172,0.00681604333966012,0.089926669627235,0.0794169488477588,1906,"tags=73%, list=14%, signal=63%","9296/51382/534/529/537/525/528/535/1182/523/10159"
"GO:0051170","GO:0051170","import into nucleus",148,0.448279668934933,1.49524514493499,0.00682225385048566,0.089926669627235,0.0794169488477588,2356,"tags=26%, list=17%, signal=22%","5743/983/3838/602/6608/3728/7040/79902/129401/60468/2737/1434/23636/120892/8841/9478/55705/1994/55122/51548/79711/3621/80149/9818/57122/11331/5569/7157/5901/3178/1871/9631/4792/55374/10758/4927/10553/53371/51307"
"GO:0051653","GO:0051653","spindle localization",50,0.574551749581034,1.64562422998855,0.00695705996324805,0.0912562645910927,0.0805911541827348,783,"tags=26%, list=6%, signal=25%","5347/29899/4085/259266/89958/51203/10615/1058/10403/84327/54908/10252/8841"
"GO:0051443","GO:0051443","positive regulation of ubiquitin-protein transferase activity",19,0.694127139375198,1.66055857278703,0.00708594516074561,0.0923545533626268,0.0815610860566777,144,"tags=21%, list=1%, signal=21%","5347/991/11065/27338"
"GO:0034470","GO:0034470","ncRNA processing",411,0.356856850044348,1.32955382903934,0.00709230764945423,0.0923545533626268,0.0815610860566777,3671,"tags=35%, list=27%, signal=26%","2091/92856/7040/8270/6428/6234/50628/6209/118460/9136/56931/51002/56915/9836/9775/6839/10248/54517/126789/6217/3669/54931/10528/112970/113000/1662/25926/90353/11102/112858/56342/84154/23212/27042/112479/79050/11340/55644/64172/79042/63899/6227/23404/7157/57647/55695/10199/283989/57604/29997/54487/26024/8568/79033/55140/84705/23246/113802/79691/9631/115708/83707/23481/51729/51441/27037/54859/54888/84365/6201/64216/10885/55651/201164/23587/8575/113179/55636/9221/80789/55006/1787/6130/54853/4086/57418/55164/652/6202/81556/51593/207/10556/54606/5393/55756/79707/7247/26610/6154/55011/51154/54901/79897/221078/10436/27292/65080/10978/55759/79753/11056/54522/84135/55152/5394/28987/8886/51010/92345/11137/114034/10607/55272/51602/26995/10785/54512/10171/1736/79039/10940/55623/115939/10557/163859/153443/55039/81887/27341/4234/11103/10360"
"GO:0010959","GO:0010959","regulation of metal ion transport",224,-0.388647450209105,-1.38199861718447,0.00712214793552247,0.0925191101382605,0.081706411098595,1799,"tags=22%, list=13%, signal=20%","80208/5664/65125/2149/481/5311/81/81671/81832/51393/11261/196527/6844/7466/27347/10142/9368/493/1815/3781/23704/2745/53827/154215/130507/5621/3958/116444/857/4734/51669/3077/57463/967/6786/781/477/7402/23479/9472/57620/538/3688/567/1230/79026/8614/5026/4638/57214"
"GO:0051384","GO:0051384","response to glucocorticoid",79,0.487659705801907,1.51968404209894,0.00726381196602829,0.0939057229646638,0.0829309706242906,1630,"tags=24%, list=12%, signal=21%","3485/678/1545/9353/5743/374/10076/7538/5730/7298/654/10018/92595/7023/6382/8061/2931/2/2353"
"GO:0009451","GO:0009451","RNA modification",168,0.417931109332684,1.41711173452979,0.00728330336712355,0.093931907693982,0.082954095146943,4529,"tags=49%, list=33%, signal=33%","2091/9582/29890/6633/63935/6632/56931/51002/9836/54517/126789/54931/104/112970/3182/113000/54890/90353/64783/55644/64172/63899/55695/57604/55140/84705/113802/6636/79691/115708/27037/54859/54888/64216/55651/23587/55006/1787/55783/64863/207/26610/6634/54901/221078/10436/27292/54522/221120/55152/92345/6628/26995/10785/83640/1736/55623/115939/55039/4234/56257/152992/200316/79693/8846/441250/81890/134637/55178/51574/55505/84267/79872/3028/24140/57570/150962/80324/27304/80745/285605/11180/60489"
"GO:0033674","GO:0033674","positive regulation of kinase activity",247,-0.388226803170296,-1.40706315591462,0.00736587688743773,0.0943182997634288,0.0832953296143334,1251,"tags=15%, list=9%, signal=14%","5618/8826/493/1815/4908/4057/90441/146433/1236/57103/7301/1956/5621/7048/7010/2247/1026/238/22924/1435/22863/51704/2621/51347/10961/8797/9693/4217/10178/3357/2065/4233/8754/8795/128344/894/57214"
"GO:0009223","GO:0009223","pyrimidine deoxyribonucleotide catabolic process",15,0.754968752137018,1.69539593806487,0.00748564922246447,0.0946419008487382,0.0835811114735485,1587,"tags=40%, list=12%, signal=35%","1890/1854/7374/8930/4968/79077"
"GO:0072711","GO:0072711","cellular response to hydroxyurea",10,0.796680778151727,1.65565775765021,0.00743003658514253,0.0946419008487382,0.0835811114735485,908,"tags=50%, list=7%, signal=47%","5888/641/11277/8914/1663"
"GO:0019692","GO:0019692","deoxyribose phosphate metabolic process",36,0.602002030141304,1.62167195247754,0.00748487080348306,0.0946419008487382,0.0835811114735485,1871,"tags=39%, list=14%, signal=34%","1890/6241/1841/6470/7298/25939/1854/7374/1633/8930/55270/4968/79077/6240"
"GO:0000375","GO:0000375","RNA splicing, via transesterification reactions",275,0.379437426551614,1.35900935256117,0.0074967366607591,0.0946419008487382,0.0835811114735485,3071,"tags=26%, list=23%, signal=21%","6427/6431/29890/221662/6633/6428/10212/10432/6434/6421/50628/83443/6632/8570/6432/9775/5725/6936/6426/27258/7536/23028/23658/57819/55702/4670/51163/29896/4857/64783/708/27316/25804/10921/55147/10199/10657/494115/3178/84811/6636/6626/1665/5935/11338/83759/11218/55280/27339/56949/9410/26528/9128/51631/22827/10772/56259/8175/10262/3191/10656/55192/10450/79171/6634/25980/58509/6429/9343/988/79753/25929"
"GO:0032785","GO:0032785","negative regulation of DNA-templated transcription, elongation",22,0.682473148466531,1.68632634371021,0.00762556386369891,0.0955950640069295,0.0844228785498944,2509,"tags=45%, list=18%, signal=37%","2146/23211/51497/7469/7428/51548/25920/142/165918/80335"
"GO:0048704","GO:0048704","embryonic skeletal system morphogenesis",63,0.528079128388797,1.58691262363921,0.00769317430715858,0.096218352148602,0.0849733230695215,1081,"tags=21%, list=8%, signal=19%","6664/3200/5396/1301/3202/2737/3215/3212/3213/3201/9775/4325/3216"
"GO:0002200","GO:0002200","somatic diversification of immune receptors",64,0.52623506607259,1.59292783469741,0.00774524726829808,0.0964873335178165,0.0852108686133347,2585,"tags=36%, list=19%, signal=29%","3148/3146/6929/9156/79915/7040/10459/118460/25939/4436/7374/79840/23529/84542/22976/7468/5423/2067/10721/2956/165918/54537/56259"
"GO:0006606","GO:0006606","protein import into nucleus",143,0.442404295395304,1.46948341043904,0.00781040869492723,0.0970078012963479,0.0856705093752562,2001,"tags=23%, list=15%, signal=20%","5743/983/3838/602/6608/3728/7040/79902/129401/2737/1434/23636/120892/8841/9478/55705/1994/55122/51548/79711/3621/80149/9818/57122/11331/5569/7157/5901/1871/9631/4792/55374/10758"
"GO:0048706","GO:0048706","embryonic skeletal system development",87,0.479555769060368,1.50583821925766,0.00786106404988011,0.0974119872356111,0.0860274581446981,1081,"tags=18%, list=8%, signal=17%","6664/3200/5396/1301/3202/55959/5125/2737/5087/3215/3212/3213/3201/9775/4325/3216"
"GO:0060572","GO:0060572","morphogenesis of an epithelial bud",10,-0.824680808182121,-1.68837140289998,0.0079186901866553,0.0979004961467407,0.0864588750688172,1273,"tags=40%, list=9%, signal=36%","7472/23213/367/157506"
"GO:0001913","GO:0001913","T cell mediated cytotoxicity",31,-0.683382206996949,-1.78464537283839,0.00804938302273576,0.0988211343844255,0.087271918408825,1193,"tags=39%, list=9%, signal=35%","6891/3105/5817/80328/3077/100507436/3106/3140/567/1075/3107/3133"
"GO:0070584","GO:0070584","mitochondrion morphogenesis",20,-0.683152033207613,-1.66605427319975,0.00805356372261214,0.0988211343844255,0.087271918408825,746,"tags=25%, list=5%, signal=24%","598/581/65084/5339/55022"
"GO:0001906","GO:0001906","cell killing",89,-0.484194019066407,-1.53997034033976,0.0080666563768618,0.0988211343844255,0.087271918408825,1193,"tags=24%, list=9%, signal=22%","6891/3105/5052/5817/4057/966/80328/55876/2633/3077/2635/100507436/3106/3140/567/1075/730/3916/3107/3383/729/3133"
"GO:0099171","GO:0099171","presynaptic modulation of chemical synaptic transmission",19,-0.701709723151559,-1.66827884925801,0.00815414722693623,0.0996659176965069,0.0880179719807087,192,"tags=32%, list=1%, signal=31%","23621/84961/2932/2898/1129/136"
"GO:0002698","GO:0002698","negative regulation of immune effector process",65,-0.509089911456742,-1.53287859688109,0.0081982975337835,0.0997521360558544,0.0880941140091239,2393,"tags=35%, list=18%, signal=29%","259307/604/80762/7009/710/1604/27342/56833/2896/10039/3105/966/3958/3077/79987/100507436/3106/961/301/4179/53833/3133/10875"
