"gene_name","n_syn","n_mis","n_non","n_spl","wmis_cv","wnon_cv","wspl_cv","pmis_cv","ptrunc_cv","pallsubs_cv","qmis_cv","qtrunc_cv","qallsubs_cv","list_name"
"JUN",0,1,0,0,489.567552373824,0,0,0.00128102497645677,0.990872526469683,0.00560048844061756,0.987826306751159,0.997661938299348,0.999976125298516,"enu_3"
"LCP1",0,1,0,0,241.757710090999,0,0,0.00275536135843313,0.977118456974006,0.0113129471101959,0.987826306751159,0.997661938299348,0.999976125298516,"enu_3"
"MUC16",0,2,0,0,19.0450010889491,0,0,0.00488770685760775,0.906873881560081,0.0189228309971025,0.987826306751159,0.997661938299348,0.999976125298516,"enu_3"
"CEP89",1,0,0,0,0,0,0,0.920700755825315,0.970449350605536,0.994374592921436,0.987826306751159,0.997661938299348,0.999976125298516,"enu_3"
"COL1A1",0,0,1,0,0,351.015510377688,351.015510377688,0.837427061967113,0.00183229309359423,0.00762285004778962,0.976826068300604,0.995069531940031,0.999943356323386,"enu_6"
"PHOX2B",0,1,0,0,229.2372691936,0,0,0.00291276690734565,0.979356860395718,0.0119025688845411,0.976826068300604,0.995069531940031,0.999943356323386,"enu_6"
"FCGR2B",0,1,0,0,194.309819168736,0,0,0.00348896837340018,0.974221583901478,0.0140282041090289,0.976826068300604,0.995069531940031,0.999943356323386,"enu_6"
"SRC",0,1,0,0,111.502275724882,0,0,0.00641715376251029,0.963062521789445,0.0243378331774456,0.976826068300604,0.995069531940031,0.999943356323386,"enu_6"
"HIF1A",0,1,0,0,70.938224965491,0,0,0.01057588582308,0.954181657528338,0.0380333851525292,0.976826068300604,0.995069531940031,0.999943356323386,"enu_6"
"CDH11",0,1,0,0,69.9349983834557,0,0,0.0107441593362714,0.960463066158427,0.0385875985918736,0.976826068300604,0.995069531940031,0.999943356323386,"enu_6"
"THRAP3",0,1,0,0,66.2852964428969,0,0,0.0114020473627191,0.959360948628348,0.040676794233096,0.976826068300604,0.995069531940031,0.999943356323386,"enu_6"
"MLLT6",1,1,0,0,62.0155084750782,0,0,0.012274529723918,0.954158492137842,0.0434098773878921,0.976826068300604,0.995069531940031,0.999943356323386,"enu_6"
"TRIM24",0,1,0,0,59.691448640815,0,0,0.0128083833618285,0.949868241642368,0.0450626074848245,0.976826068300604,0.995069531940031,0.999943356323386,"enu_6"
"FANCA",0,1,0,0,43.7287190716915,0,0,0.0181102324695332,0.93613629856942,0.0610543232318927,0.976826068300604,0.995069531940031,0.999943356323386,"enu_6"
"PTPRT",0,1,0,0,39.8015765571752,0,0,0.0201154673356593,0.940742739507684,0.0669551660226152,0.976826068300604,0.995069531940031,0.999943356323386,"enu_6"
"PTPRD",0,1,0,0,31.4847132988187,0,0,0.0261430617963447,0.932537302474166,0.0840025168363649,0.976826068300604,0.995069531940031,0.999943356323386,"enu_6"
"POLR2A",0,1,0,0,28.9311978342402,0,0,0.0287408670489421,0.937844794638618,0.0912068883281638,0.976826068300604,0.995069531940031,0.999943356323386,"enu_6"
"CREBBP",0,1,0,0,25.5549714630271,0,0,0.0330309354592523,0.930773930551635,0.102702070312792,0.976826068300604,0.995069531940031,0.999943356323386,"enu_6"
"MTOR",0,1,0,0,23.1589632982182,0,0,0.0368895159047493,0.919830155680804,0.112714104868964,0.976826068300604,0.995069531940031,0.999943356323386,"enu_6"
"MUC16",0,1,0,0,3.84163118267046,0,0,0.272703922213896,0.870568474461394,0.540646545783941,0.976826068300604,0.995069531940031,0.999943356323386,"enu_6"
"TSHR",1,0,0,0,0,0,0,0.872383949931981,0.960488882175701,0.98597131164613,0.976826068300604,0.995069531940031,0.999943356323386,"enu_6"
"CLP1",1,0,0,0,0,0,0,0.903638984715366,0.973631904831801,0.992156269991643,0.976826068300604,0.995069531940031,0.999943356323386,"enu_6"
"CDC73",0,0,1,0,0,840.440235118132,840.440235118132,0.899837583581946,0.00098073850652014,0.0043152324561655,0.995924888744262,0.839075999936991,0.999999483708411,"enu_9"
"CREB3L2",0,0,1,0,0,788.63724529181,788.63724529181,0.876062199000686,0.00105036285185778,0.00456418398331881,0.995924888744262,0.839075999936991,0.999999483708411,"enu_9"
"CSF1R",0,2,0,0,59.7486178557423,0,0,0.00124236771316144,0.933396538887056,0.00539862189586926,0.995924888744262,0.999105960181601,0.999999483708411,"enu_9"
"ABL1",0,0,1,0,0,501.179731872037,501.179731872037,0.822335878191087,0.00171458183631834,0.00701173870274086,0.995924888744262,0.881267739848966,0.999999483708411,"enu_9"
"ECT2L",0,0,1,0,0,300.991753155388,300.991753155388,0.820678017779787,0.00298383441651495,0.0116390015094407,0.995924888744262,0.999105960181601,0.999999483708411,"enu_9"
"CEBPA",0,1,0,0,290.778164209386,0,0,0.00309824721443375,0.986150256307517,0.0125930933533153,0.995924888744262,0.999105960181601,0.999999483708411,"enu_9"
"SPEN",0,2,0,0,34.5906593709095,0,0,0.00384142678642174,0.931549267018493,0.0151848758989303,0.995924888744262,0.999105960181601,0.999999483708411,"enu_9"
"MAP2K1",0,1,0,0,145.209716065646,0,0,0.00662503753503496,0.968738894333622,0.0250397531656735,0.995924888744262,0.999105960181601,0.999999483708411,"enu_9"
"SUFU",0,1,0,0,114.951569893414,0,0,0.00856733295363798,0.964992610063459,0.0315208871299846,0.995924888744262,0.999105960181601,0.999999483708411,"enu_9"
"MYCL",0,1,0,0,93.4678291234502,0,0,0.0107631353659466,0.966545629114058,0.0386376153895081,0.995924888744262,0.999105960181601,0.999999483708411,"enu_9"
"CALR",0,1,0,0,80.0947397505074,0,0,0.0127650740541878,0.95977243328452,0.0449192058134291,0.995924888744262,0.999105960181601,0.999999483708411,"enu_9"
"TP63",0,1,0,0,67.0881020600336,0,0,0.0155298800672949,0.954201639520696,0.0533695145856797,0.995924888744262,0.999105960181601,0.999999483708411,"enu_9"
"LZTR1",0,1,0,0,64.3417434222382,0,0,0.0162655522671533,0.953818311458176,0.0555838787658595,0.995924888744262,0.999105960181601,0.999999483708411,"enu_9"
"CACNA1D",0,2,0,0,16.3731518911355,0,0,0.0172977326977896,0.867729280296357,0.0570042443258739,0.995924888744262,0.999105960181601,0.999999483708411,"enu_9"
"MSH2",0,1,0,0,62.5412928459527,0,0,0.0167849830322718,0.952316392260081,0.057129034042433,0.995924888744262,0.999105960181601,0.999999483708411,"enu_9"
"CD74",0,1,0,0,61.2162943192864,0,0,0.0171879074125187,0.949931244144238,0.058312322922194,0.995924888744262,0.999105960181601,0.999999483708411,"enu_9"
"FBXO11",0,1,0,0,58.9002295988944,0,0,0.0179383245462786,0.946905972865343,0.0605126475204535,0.995924888744262,0.999105960181601,0.999999483708411,"enu_9"
"ETV1",0,1,0,0,57.4360168020924,0,0,0.0184458020417665,0.946454500947862,0.0620050477157696,0.995924888744262,0.999105960181601,0.999999483708411,"enu_9"
"EPAS1",0,1,0,0,52.8901212748365,0,0,0.0202112973799088,0.952451747403738,0.0672165732915402,0.995924888744262,0.999105960181601,0.999999483708411,"enu_9"
"XPC",0,1,0,0,48.8068987019093,0,0,0.0220948135162148,0.949013638780365,0.0726089954616904,0.995924888744262,0.999105960181601,0.999999483708411,"enu_9"
"PALB2",0,1,0,0,46.1218045009164,0,0,0.0235261492928551,0.949969995543894,0.0766890322726875,0.995924888744262,0.999105960181601,0.999999483708411,"enu_9"
"SYK",0,1,0,0,44.0402037823354,0,0,0.0247629949935162,0.941499297073454,0.0800732124446566,0.995924888744262,0.999105960181601,0.999999483708411,"enu_9"
"STIL",0,1,0,0,43.7976333128407,0,0,0.024915210911886,0.946973451705033,0.0805658409700467,0.995924888744262,0.999105960181601,0.999999483708411,"enu_9"
"FANCD2",0,1,0,0,39.8483970826429,0,0,0.0276696238386182,0.933884607434349,0.088022453736871,0.995924888744262,0.999105960181601,0.999999483708411,"enu_9"
"AFF3",0,1,0,0,36.9678892458857,0,0,0.0300721027043275,0.939475931415734,0.0946551724237676,0.995924888744262,0.999105960181601,0.999999483708411,"enu_9"
"CTNNA1",0,1,0,0,36.6144999350075,0,0,0.030394348300569,0.940016994196591,0.0955345632165607,0.995924888744262,0.999105960181601,0.999999483708411,"enu_9"
"BRIP1",0,1,0,0,36.1364646853952,0,0,0.0308408358570043,0.937179756552209,0.0966932371479654,0.995924888744262,0.999105960181601,0.999999483708411,"enu_9"
"ATP1A1",0,1,0,0,32.0584307099141,0,0,0.0352228297893871,0.93626773642533,0.108324554853772,0.995924888744262,0.999105960181601,0.999999483708411,"enu_9"
"KDM5C",0,1,0,0,31.7197758823005,0,0,0.0356402237706436,0.93696463878716,0.109432058040726,0.995924888744262,0.999105960181601,0.999999483708411,"enu_9"
"TSC2",0,1,0,0,28.4732455475799,0,0,0.0401737922641194,0.931830684707229,0.121057699223291,0.995924888744262,0.999105960181601,0.999999483708411,"enu_9"
"KAT6B",0,1,0,0,27.0523883430468,0,0,0.0425190734168663,0.936570466461872,0.12712435901809,0.995924888744262,0.999105960181601,0.999999483708411,"enu_9"
"RANBP2",0,1,0,0,26.0911397660668,0,0,0.0442581382949663,0.931796209777959,0.131393553036004,0.995924888744262,0.999105960181601,0.999999483708411,"enu_9"
"BLM",0,1,0,0,25.6457423268384,0,0,0.0451103704050542,0.92988177890149,0.133477700761795,0.995924888744262,0.999105960181601,0.999999483708411,"enu_9"
"FBLN2",1,1,0,0,22.1779556549749,0,0,0.046898855027919,0.927057689533949,0.138017622377511,0.995924888744262,0.999105960181601,0.999999483708411,"enu_9"
"CDH1",0,1,0,0,23.6253741962111,0,0,0.0494004337904903,0.929149692518172,0.144058534453569,0.995924888744262,0.999105960181601,0.999999483708411,"enu_9"
"ZNRF3",0,1,0,0,20.0341935364653,0,0,0.0592756090530614,0.926528626903275,0.167642119225597,0.995924888744262,0.999105960181601,0.999999483708411,"enu_9"
"PTPRT",0,1,0,0,18.9558274933911,0,0,0.0630063472155387,0.914984445813569,0.175909912993879,0.995924888744262,0.999105960181601,0.999999483708411,"enu_9"
"FGFR2",0,1,0,0,15.71644180263,0,0,0.0774318838170913,0.908808386170911,0.208059500741617,0.995924888744262,0.999105960181601,0.999999483708411,"enu_9"
"CTNND2",1,1,0,0,12.8025950737737,0,0,0.0863070767698602,0.8918784691948,0.22679060255134,0.995924888744262,0.999105960181601,0.999999483708411,"enu_9"
"MYH11",0,1,0,0,13.9674701906075,0,0,0.0881125507473886,0.900336639533734,0.230556965066633,0.995924888744262,0.999105960181601,0.999999483708411,"enu_9"
"KIAA1549",1,1,0,0,9.20529889600605,0,0,0.124005915064213,0.89717788708664,0.302891994590568,0.995924888744262,0.999105960181601,0.999999483708411,"enu_9"
"TRRAP",0,1,0,0,9.97271395348286,0,0,0.126995336226237,0.887117806175958,0.307034992491374,0.995924888744262,0.999105960181601,0.999999483708411,"enu_9"
"ZFHX3",0,1,0,0,9.20777091004488,0,0,0.138349332959592,0.903686263129203,0.329580202934667,0.995924888744262,0.999105960181601,0.999999483708411,"enu_9"
"KMT2D",0,1,0,0,6.79450870322274,0,0,0.190817027060772,0.872096860520785,0.416427641152076,0.995924888744262,0.999105960181601,0.999999483708411,"enu_9"
"FAT1",1,0,0,0,0,0,0,0.454883698628791,0.841125115076502,0.742993291562552,0.995924888744262,0.999105960181601,0.999999483708411,"enu_9"
"TET1",1,0,0,0,0,0,0,0.658436713446136,0.901925696618141,0.900327290003061,0.995924888744262,0.999105960181601,0.999999483708411,"enu_9"
"ALDH2",1,0,0,0,0,0,0,0.760541364481733,0.919078875649866,0.949801936806043,0.995924888744262,0.999105960181601,0.999999483708411,"enu_9"
"MUC16",1,1,0,0,1.13254097000915,0,0,0.917724109137768,0.7678835539981,0.950672115592315,0.995924888744262,0.999105960181601,0.999999483708411,"enu_9"
"TFE3",1,0,0,0,0,0,0,0.78770477894803,0.93803608662522,0.961525302152863,0.995924888744262,0.999105960181601,0.999999483708411,"enu_9"
"FLCN",1,0,0,0,0,0,0,0.80824821080001,0.942399352405899,0.968481266570301,0.995924888744262,0.999105960181601,0.999999483708411,"enu_9"
"CPEB3",1,0,0,0,0,0,0,0.823624239599876,0.945588554684686,0.97322168451036,0.995924888744262,0.999105960181601,0.999999483708411,"enu_9"
"IKBKB",1,0,0,0,0,0,0,0.832618007873318,0.938835790978107,0.975066665523471,0.995924888744262,0.999105960181601,0.999999483708411,"enu_9"
"NT5C2",1,0,0,0,0,0,0,0.842368665884211,0.940093910026669,0.977679150099953,0.995924888744262,0.999105960181601,0.999999483708411,"enu_9"
