"region","condition.x","average_log2fc","group","condition.y","pvalue","pvalue_symbol","GO.ID","pvalue.adjust","average_log2fc_shuffle_norm"
"ATP metabolic process","enu",-0.311959036669415,"observed","enu",0.31606929599955,NA,"GO:0046034",0.600688910805114,-0.329358604830725
"COPII vesicle coating","enu",0.215413541726763,"observed","enu",0.978157672091773,NA,"GO:0048208",0.999999999996455,-0.136452493384607
"DNA conformation change","enu",-0.289494265694367,"observed","enu",0.745107681759587,NA,"GO:0071103",0.999548687248661,0.270561716541095
"DNA replication","enu",-0.615068481995077,"observed","enu",0.0120549057767636,"*","GO:0006260",0.0938338557949035,-0.382729850041007
"DNA-templated transcription elongation","enu",-0.105977659622251,"observed","enu",0.939088587928282,NA,"GO:0006354",0.999999999996455,0.370922967975212
"G0 to G1 transition","enu",-0.174961306129243,"observed","enu",0.986074207898861,NA,"GO:0045023",0.999999999996455,-0.0160537564951993
"GPI anchor biosynthetic process","enu",0.215413541726763,"observed","enu",0.308006771190302,NA,"GO:0006506",0.591336471560081,0.500000000000001
"Golgi localization","enu",0.333333333333334,"observed","enu",0.78293500317604,NA,"GO:0051645",0.999999999996455,0.5
"Golgi organization","enu",-0.329798853730815,"observed","enu",0.658514627569785,NA,"GO:0007030",0.933422089126436,0.428545868876306
"Golgi to plasma membrane protein transport","enu",-0.01416041678686,"observed","enu",0.396330145573336,NA,"GO:0043001",0.704177281902392,0.0691729165464733
"Golgi vesicle transport","enu",-0.503885799943243,"observed","enu",0.0134544460747599,"*","GO:0048193",0.0959810212730894,0.02085568819843
"P-body assembly","enu",-0.166666666666667,"observed","enu",0.999743469002412,NA,"GO:0033962",0.999999999996455,-0.152506249879807
"RIG-I signaling pathway","enu",-0.25,"observed","enu",0.815240611283789,NA,"GO:0039529",0.999999999996455,-0.408907549634043
"RNA localization","enu",-0.646986724945995,"observed","enu",0.0649121606555769,NA,"GO:0006403",0.247964453704304,-0.167142159770602
"RNA transport","enu",-0.588019272074562,"observed","enu",0.01686781611726,"*","GO:0050658",0.10308249421923,-0.321965515579363
"Schwann cell differentiation","enu",-0.0774675560090502,"observed","enu",0.984147629214258,NA,"GO:0014037",0.999999999996455,-0.00829463946257616
"UV-damage excision repair","enu",0.396240625180289,"observed","enu",0.901351980343134,NA,"GO:0070914",0.999999999996455,0.0974937501201927
"Wnt signaling pathway","enu",-0.346063063029368,"observed","enu",0,"****","GO:0016055",0,-0.0415357494237206
"Wnt signaling pathway, planar cell polarity pathway","enu",-0.427605281756101,"observed","enu",0.376993433287669,NA,"GO:0060071",0.676110288806993,-0.141525331149758
"actin filament organization","enu",-0.492009256194312,"observed","enu",0.00250541642855153,"**","GO:0007015",0.0332860495152703,-0.122292329615995
"actin filament severing","enu",0.0974937501201927,"observed","enu",0.997226076215614,NA,"GO:0051014",0.999999999996455,-0.250000000000001
"actin nucleation","enu",-0.261681471504022,"observed","enu",0.174083053305954,NA,"GO:0045010",0.44630688834144,-0.129601263110592
"activation of GTPase activity","enu",-0.465726219631856,"observed","enu",0.0135079100653762,"*","GO:0090630",0.0959810212730894,0.476409970997037
"adherens junction assembly","enu",-0.13208020839343,"observed","enu",0.887462432181184,NA,"GO:0034333",0.999999999996455,-0.562907291846956
"alpha-amino acid biosynthetic process","enu",-0.510238062315462,"observed","enu",0.0741299827671865,NA,"GO:1901607",0.267147673745899,-0.287065403556075
"anoikis","enu",0.0988515673985803,"observed","enu",0.999842811509284,NA,"GO:0043276",0.999999999996455,-0.0268273412406139
"antigen processing and presentation of endogenous peptide antigen via MHC class I","enu",-0.034586458273237,"observed","enu",0.999997037189777,NA,"GO:0019885",0.999999999996455,-0.136452493384608
"antigen processing and presentation of peptide antigen via MHC class I","enu",0.0256190437660208,"observed","enu",0.340449434527721,NA,"GO:0002474",0.625248480719179,0.0475385775855037
"apoptotic mitochondrial changes","enu",-0.107458884766249,"observed","enu",0.407955982144028,NA,"GO:0008637",0.715060493472515,-0.0991642453036724
"appendage development","enu",-0.193603481851203,"observed","enu",0.511550178592406,NA,"GO:0048736",0.800464687224459,0.313783270852765
"aromatic compound catabolic process","enu",-0.358902023382666,"observed","enu",0,"****","GO:0019439",0,-0.0623684372586271
"autophagosome maturation","enu",-0.478080466180517,"observed","enu",0.835439119336152,NA,"GO:0097352",0.999999999996455,0.0755742163007097
"autophagy of mitochondrion","enu",-0.164187721383829,"observed","enu",0.589566652762652,NA,"GO:0000422",0.87672057846441,0.253476665421678
"biological process involved in interaction with host","enu",-0.196306974483289,"observed","enu",0.549496746928368,NA,"GO:0051701",0.839631029306547,0.0652757873409126
"body morphogenesis","enu",-0.298211352630144,"observed","enu",0.0425156654890896,"*","GO:0010171",0.188848653684096,-0.284050935843286
"branched-chain amino acid catabolic process","enu",0.26416041678686,"observed","enu",0.982886114558432,NA,"GO:0009083",0.999999999996455,0.25
"carbohydrate derivative catabolic process","enu",-0.125024197539707,"observed","enu",0.30039478832349,NA,"GO:1901136",0.591336471560081,0.243811941491607
"cardiac chamber development","enu",-0.276867091476301,"observed","enu",0.415006699200739,NA,"GO:0003205",0.716549930223801,0.137642295558802
"cell communication by electrical coupling involved in cardiac conduction","enu",-0.0960002577870873,"observed","enu",0.905883692393197,NA,"GO:0086064",0.999999999996455,-0.228080466180517
"cell cycle G1/S phase transition","enu",-0.444829146414367,"observed","enu",0.132949168808346,NA,"GO:0044843",0.362761303462773,-0.0320001947752596
"cell cycle G2/M phase transition","enu",-0.239126978595336,"observed","enu",0.729894699154301,NA,"GO:0044839",0.988722606655826,0.121648656842411
"cell cycle checkpoint signaling","enu",-0.448918593592437,"observed","enu",0.304626172741562,NA,"GO:0000075",0.591336471560081,-0.248965471750081
"cell growth","enu",-0.310892030760433,"observed","enu",0.0699801979633525,NA,"GO:0016049",0.259538209922336,0.0401378461519644
"cell redox homeostasis","enu",-0.257759117032623,"observed","enu",0.897418170499043,NA,"GO:0045454",0.999999999996455,0.0755742163007102
"cell-cell signaling by wnt","enu",-0.347698796925112,"observed","enu",0,"****","GO:0198738",0,0.109823680922147
"cell-substrate adhesion","enu",-0.111326375314067,"observed","enu",0.801176359688448,NA,"GO:0031589",0.999999999996455,0.763709562334702
"cell-substrate junction assembly","enu",-0.175576266993043,"observed","enu",0.534409146576227,NA,"GO:0007044",0.819856602377987,-0.0296483197178461
"cell-substrate junction organization","enu",-0.19529992927995,"observed","enu",0.219713535170806,NA,"GO:0150115",0.514905784270298,-0.133886129766099
"cellular carbohydrate metabolic process","enu",-0.281665067291797,"observed","enu",0.149079339641733,NA,"GO:0044262",0.392746949952703,-0.0267689999797271
"cellular component disassembly","enu",-0.433592758000268,"observed","enu",0.0170005160623338,"*","GO:0022411",0.10308249421923,-0.015259556755252
"cellular metabolic compound salvage","enu",0.110160674573947,"observed","enu",0.990929972624246,NA,"GO:0043094",0.999999999996455,0.228080466180517
"cellular modified amino acid biosynthetic process","enu",0.0487468750600963,"observed","enu",0.780742407250123,NA,"GO:0042398",0.999999999996455,-0.0472533827269912
"cellular nitrogen compound catabolic process","enu",-0.333421184697667,"observed","enu",0,"****","GO:0044270",0,0.00592023598135777
"cellular pigmentation","enu",-0.075946580629365,"observed","enu",0.940084415081764,NA,"GO:0033059",0.999999999996455,0.35925278781534
"cellular respiration","enu",-0.296882890641059,"observed","enu",0.346425452424877,NA,"GO:0045333",0.630164394410968,0.127513537768929
"cellular response to UV","enu",-0.542881097735814,"observed","enu",0.015101491399068,"*","GO:0034644",0.103013744900785,-0.238005850590887
"cellular response to acid chemical","enu",-0.556476636803418,"observed","enu",0.0176842238252657,"*","GO:0071229",0.105552710957054,-0.193837016946634
"cellular response to amino acid starvation","enu",-0.360160674573947,"observed","enu",0.124796114215025,NA,"GO:0034198",0.346282772268884,-0.0910924503659574
"cellular response to arsenic-containing substance","enu",0.069172916546474,"observed","enu",0.961202110460933,NA,"GO:0071243",0.999999999996455,-0.0629072918469556
"cellular response to chemical stress","enu",-0.520379810150779,"observed","enu",0,"****","GO:0062197",0,-0.0182506160607425
"cellular response to dsRNA","enu",0.13208020839343,"observed","enu",0.971361069870935,NA,"GO:0071359",0.999999999996455,0.347493750120193
"cellular response to environmental stimulus","enu",-0.366073527390828,"observed","enu",0.239424793537656,NA,"GO:0104004",0.519345412308096,-0.164959914776452
"cellular response to epidermal growth factor stimulus","enu",-0.432720423161866,"observed","enu",0.400570326677905,NA,"GO:0071364",0.708416040698888,-0.0993870898285327
"cellular response to external stimulus","enu",-0.314349873053666,"observed","enu",0.279671076005323,NA,"GO:0071496",0.559342152010646,0.125950792047727
"cellular response to extracellular stimulus","enu",-0.431569939868114,"observed","enu",0.0163799901188559,"*","GO:0031668",0.10308249421923,-0.338914891644062
"cellular response to heat","enu",-0.0657860845050294,"observed","enu",0.00461649248077101,"**","GO:0034605",0.0518676508133685,0.343121465129014
"cellular response to insulin stimulus","enu",-0.387581970608599,"observed","enu",0.307390004131689,NA,"GO:0032869",0.591336471560081,-0.0480162196739961
"cellular response to ketone","enu",-0.513887489117455,"observed","enu",0.0250106396472951,"*","GO:1901655",0.134564286553052,-0.489003570729726
"cellular response to leukemia inhibitory factor","enu",-0.222750211286186,"observed","enu",0.185494036489615,NA,"GO:1990830",0.46088661483615,0.407163729729498
"cellular response to oxygen levels","enu",-0.591366785235565,"observed","enu",0.0600650323647881,NA,"GO:0071453",0.23869102559582,-0.280638027955462
"cellular response to topologically incorrect protein","enu",-0.532693118564897,"observed","enu",0.175564649515981,NA,"GO:0035967",0.447104640767366,-0.357174665752694
"cellular senescence","enu",-0.710545484541319,"observed","enu",0.0116817940574285,"*","GO:0090398",0.0932947486496485,-0.418064234180742
"centrosome localization","enu",-0.166666666666666,"observed","enu",0.237490469538776,NA,"GO:0051642",0.519345412308096,0.0691729165464742
"ceramide biosynthetic process","enu",-0.575038693870757,"observed","enu",0.221059027801908,NA,"GO:0046513",0.514905784270298,0.00829463946257591
"cerebellum development","enu",-0.00586577732428317,"observed","enu",0.998471571684102,NA,"GO:0021549",0.999999999996455,0.68816375301295
"cerebral cortex development","enu",-0.237110231021386,"observed","enu",0.228466811436021,NA,"GO:0021987",0.517927569314465,0.375541656024507
"chaperone-mediated autophagy","enu",-0.11791979160657,"observed","enu",0.99999996028254,NA,"GO:0061684",0.999999999996455,-0.0487468750600963
"chondrocyte differentiation","enu",-0.286896521403108,"observed","enu",0.199437981501681,NA,"GO:0002062",0.488367364959246,-0.174706832066103
"chromatin remodeling","enu",-0.484649737151818,"observed","enu",0.00635559318264126,"**","GO:0006338",0.0622522204043323,-0.297668204515522
"chromosome localization","enu",-0.500535522429953,"observed","enu",0.00773991544078292,"**","GO:0050000",0.0693036122828648,-0.244134222675717
"chromosome segregation","enu",-0.319110584364463,"observed","enu",0.0381861284998798,"*","GO:0007059",0.172769020542457,-0.0392105543748191
"cilium assembly","enu",-0.374263012003336,"observed","enu",0.109116979744924,NA,"GO:0060271",0.325645986426258,0.156284603455571
"cilium organization","enu",-0.42119720218034,"observed","enu",0,"****","GO:0044782",0,0.128377911405913
"circadian regulation of gene expression","enu",-0.760773584745413,"observed","enu",0.426763260526705,NA,"GO:0032922",0.721343210270802,-0.337705618324511
"clathrin-dependent endocytosis","enu",-0.171574474087797,"observed","enu",0.813831208436464,NA,"GO:0072583",0.999999999996455,0.0784255259122032
"connective tissue development","enu",-0.427589771215875,"observed","enu",0.0371312182546333,"*","GO:0061448",0.172769020542457,0.077438200719748
"cortical cytoskeleton organization","enu",-0.449359785231564,"observed","enu",0.022993571555808,"*","GO:0030865",0.125479204775981,-0.287600925986028
"cytoplasmic translation","enu",-0.649627457221735,"observed","enu",0.0468983940249837,"*","GO:0002181",0.2012942305342,-0.171051218846952
"cytoskeleton-dependent cytokinesis","enu",-0.635779718339968,"observed","enu",0.0154870389117905,"*","GO:0061640",0.10308249421923,-0.687940908488089
"dephosphorylation","enu",-0.332201508789356,"observed","enu",0.254230589066376,NA,"GO:0016311",0.530688989198666,0.118725093496379
"developmental cell growth","enu",-0.334876290627737,"observed","enu",0.24319386895508,NA,"GO:0048588",0.521237488932407,0.347471768205475
"developmental growth involved in morphogenesis","enu",-0.250788360770756,"observed","enu",0.124983862846251,NA,"GO:0060560",0.346282772268884,0.0983946286988429
"dicarboxylic acid metabolic process","enu",-0.184663846014751,"observed","enu",0.893881347663761,NA,"GO:0043648",0.999999999996455,-0.126264514213691
"diol biosynthetic process","enu",-0.0833333333333333,"observed","enu",0.997413937994099,NA,"GO:0034312",0.999999999996455,-0.470321349147893
"double-strand break repair","enu",-0.222736271395541,"observed","enu",0.0819429466681192,NA,"GO:0006302",0.282001852497491,0.204597427853831
"endoplasmic reticulum calcium ion homeostasis","enu",-0.266053756495199,"observed","enu",0.967847738569724,NA,"GO:0032469",0.999999999996455,-0.112054014282287
"epigenetic regulation of gene expression","enu",-0.435199368444704,"observed","enu",0.142926450346098,NA,"GO:0040029",0.381803524700766,0.145927947275196
"establishment of epithelial cell apical/basal polarity","enu",0.244134222675717,"observed","enu",0.854880722373677,NA,"GO:0045198",0.999999999996455,0.160800889342383
"establishment of mitotic spindle localization","enu",0.0326931185648967,"observed","enu",0.513387037617781,NA,"GO:0040001",0.800464687224459,0.331439993624994
"establishment of organelle localization","enu",-0.194080340461208,"observed","enu",0.213458401041156,NA,"GO:0051656",0.512837164765546,0.302581863761767
"establishment of protein localization to organelle","enu",-0.344791960312495,"observed","enu",0.0628982110810031,NA,"GO:0072594",0.244778403202901,0.0908906476360322
"establishment of tissue polarity","enu",-0.552075892920702,"observed","enu",0.0147708117341654,"*","GO:0007164",0.102590001499113,-0.576424288878478
"establishment or maintenance of cell polarity","enu",-0.255646533812253,"observed","enu",0.093737979132322,NA,"GO:0007163",0.293507442856943,0.265365113248621
"establishment or maintenance of epithelial cell apical/basal polarity","enu",-0.117919791606571,"observed","enu",0.329340925246085,NA,"GO:0045197",0.610719579825264,-0.0833333333333338
"execution phase of apoptosis","enu",-0.0935713956487945,"observed","enu",0.499847156713578,NA,"GO:0097194",0.798918886462706,-0.593571395648794
"exit from host cell","enu",-0.0141604167868593,"observed","enu",0.997708022344504,NA,"GO:0035891",0.999999999996455,0.257759117032624
"face development","enu",-0.335812278616171,"observed","enu",0.0887740157098564,NA,"GO:0060324",0.292342017251424,0.0370153204115298
"fat cell differentiation","enu",-0.548365736125613,"observed","enu",0.0314279427291783,"*","GO:0045444",0.158890442872511,-0.419945287443034
"fatty acid beta-oxidation","enu",-0.351866035111371,"observed","enu",0.464920801369094,NA,"GO:0006635",0.761488684012102,-0.0633071392221903
"fibroblast apoptotic process","enu",-0.235839583213141,"observed","enu",0.934284362428383,NA,"GO:0044346",0.999999999996455,-0.284586458273237
"fibroblast migration","enu",-0.240297460114492,"observed","enu",0.016556209078004,"*","GO:0010761",0.10308249421923,0.11834223907977
"fibroblast proliferation","enu",-0.397569087169374,"observed","enu",0.267940415303678,NA,"GO:0048144",0.544432120457473,0.00171536101300801
"glycogen metabolic process","enu",-0.317279576838134,"observed","enu",0.238210200969333,NA,"GO:0005977",0.519345412308096,-0.153999742212912
"glycosaminoglycan biosynthetic process","enu",-0.102401557541323,"observed","enu",0.985763325495323,NA,"GO:0006024",0.999999999996455,0.044734687208466
"glycosyl compound biosynthetic process","enu",-0.201253124939904,"observed","enu",0.999997433171889,NA,"GO:1901659",0.999999999996455,-0.728080466180517
"glycosylation","enu",-0.393388339723838,"observed","enu",0.00843442124635652,"**","GO:0070085",0.0732261117297316,0.0223203570396764
"hematopoietic progenitor cell differentiation","enu",-0.712299637354723,"observed","enu",0.00350282422537182,"**","GO:0002244",0.0405478440633951,-0.303079409815587
"hepatocyte apoptotic process","enu",-0.333333333333333,"observed","enu",0.998250240060087,NA,"GO:0097284",0.999999999996455,-0.76416041678686
"heterochromatin formation","enu",-0.55952045980551,"observed","enu",0.0753026845356392,NA,"GO:0031507",0.268837621426301,-0.400612910171467
"heterocycle catabolic process","enu",-0.336699592333681,"observed","enu",0,"****","GO:0046700",0,0.219827485275993
"histone modification","enu",-0.526209132074359,"observed","enu",0.0015741305275554,"**","GO:0016570",0.0250549108969235,-0.190997380457218
"in utero embryonic development","enu",-0.426940920161524,"observed","enu",0.0666970700748118,NA,"GO:0001701",0.249787066358609,-0.141498598740031
"inositol phosphate catabolic process","enu",0.0833333333333333,"observed","enu",0.999694597122834,NA,"GO:0071545",0.999999999996455,0.0219195338194828
"intracellular lipid transport","enu",-0.372827599027701,"observed","enu",0.113216775125557,NA,"GO:0032365",0.335262078278782,-0.213920049393658
"intraciliary transport","enu",-0.11301198418544,"observed","enu",0.327203960384861,NA,"GO:0042073",0.610471404229426,0.442136190628893
"iron-sulfur cluster assembly","enu",0.132080208393429,"observed","enu",0.592191490389182,NA,"GO:0016226",0.87672057846441,0.23583958321314
"kidney development","enu",-0.254380173291292,"observed","enu",0.127480093984173,NA,"GO:0001822",0.350340977711899,0.0041929250954002
"kinetochore organization","enu",0.26416041678686,"observed","enu",0.529294593919392,NA,"GO:0051383",0.815284414827451,0.237333075546246
"lamellipodium assembly","enu",-0.539494265694368,"observed","enu",0.182128685550672,NA,"GO:0030032",0.460749389936137,0.147198595083441
"lamellipodium morphogenesis","enu",0.0629072918469563,"observed","enu",0.724908045392675,NA,"GO:0072673",0.985462182704633,0.0629072918469563
"lamellipodium organization","enu",-0.312684447322095,"observed","enu",0.78330446117122,NA,"GO:0097581",0.999999999996455,0.746836012483415
"limb development","enu",-0.193603481851203,"observed","enu",0.511550178592406,NA,"GO:0060173",0.800464687224459,-0.0992236361030504
"lung morphogenesis","enu",-0.372827599027702,"observed","enu",0.380704658427162,NA,"GO:0060425",0.679575605229794,-0.0818398410002285
"lysosomal lumen acidification","enu",0.38208020839343,"observed","enu",0.981369750545196,NA,"GO:0007042",0.999999999996455,0.284586458273237
"lysosomal protein catabolic process","enu",0.0141604167868592,"observed","enu",0,"****","GO:1905146",0,-0.187092708153045
"mRNA export from nucleus","enu",-0.540987758027473,"observed","enu",0.120473776412823,NA,"GO:0006406",0.344535897567424,-0.447416362378679
"macroautophagy","enu",0.176996762143945,"observed","enu",0.863000311793439,NA,"GO:0016236",0.999999999996455,0.634459254242105
"macromolecule deacylation","enu",-0.803939877339741,"observed","enu",0.000516242255854806,"***","GO:0098732",0.00986022708682679,-0.0280479059043144
"macromolecule glycosylation","enu",-0.331319829110501,"observed","enu",0.0927690971156254,NA,"GO:0043413",0.293507442856943,-0.0301323518030514
"maintenance of cell number","enu",-0.41894223857,"observed","enu",0.223150343680567,NA,"GO:0098727",0.516626856278646,-0.373571974089085
"maintenance of protein location","enu",-0.716907034059869,"observed","enu",0.000765502571244582,"***","GO:0045185",0.0132919082825196,-0.309492976758931
"maintenance of protein location in cell","enu",-0.677440251412081,"observed","enu",0.0493377489254553,"*","GO:0032507",0.202656129994881,-0.480559411463355
"mammary gland epithelial cell proliferation","enu",-0.149091934791782,"observed","enu",0.981311994035004,NA,"GO:0033598",0.999999999996455,0.122827599027701
"melanosome localization","enu",-0.416666666666667,"observed","enu",0.91001817208728,NA,"GO:0032400",0.999999999996455,-0.347493750120193
"membrane assembly","enu",-0.54346670331031,"observed","enu",0.240639104655845,NA,"GO:0071709",0.519345412308096,-0.323680876592369
"membrane biogenesis","enu",-0.524934001532273,"observed","enu",0.30856783729768,NA,"GO:0044091",0.591336471560081,-0.323680876592369
"membrane docking","enu",0.176904728982128,"observed","enu",0.120858142078625,NA,"GO:0022406",0.344535897567424,0.224158111709119
"membrane fission","enu",0.146240625180289,"observed","enu",0.359368755469723,NA,"GO:0090148",0.650610732651347,0.307999484425825
"membrane protein proteolysis","enu",-0.069172916546474,"observed","enu",0.999587835898067,NA,"GO:0033619",0.999999999996455,0.106746359485921
"mesenchymal cell differentiation","enu",-0.157337498954171,"observed","enu",0.147606168660919,NA,"GO:0048762",0.391566364086605,0.367020339483655
"metallo-sulfur cluster assembly","enu",0.132080208393429,"observed","enu",0.592191490389182,NA,"GO:0031163",0.87672057846441,0.286079950606342
"methylation","enu",-0.748225459300082,"observed","enu",0.00115383725242643,"**","GO:0032259",0.0191637317576911,-0.575280547738173
"miRNA processing","enu",-0.302133707101542,"observed","enu",0.520405395537686,NA,"GO:0035196",0.804837494313344,-0.0944792824074031
"microtubule cytoskeleton organization involved in mitosis","enu",-0.222772811384152,"observed","enu",0.0204528113687,"*","GO:1902850",0.118378393073385,0.00705147470091144
"microtubule depolymerization","enu",-0.259252609365729,"observed","enu",0.994335662024892,NA,"GO:0007019",0.999999999996455,-0.084291303236486
"microtubule organizing center localization","enu",-0.166666666666666,"observed","enu",0.237490469538776,NA,"GO:0061842",0.519345412308096,-0.284586458273236
"microtubule polymerization","enu",-0.307041514522673,"observed","enu",0.327608999651917,NA,"GO:0046785",0.610471404229426,0.194987500240385
"microvillus assembly","enu",0.146240625180289,"observed","enu",0.99832441184544,NA,"GO:0030033",0.999999999996455,0.180827083453526
"mitochondrial gene expression","enu",-0.383350856201675,"observed","enu",0.0380299128026897,"*","GO:0140053",0.172769020542457,0.0598304738005134
"mitochondrial genome maintenance","enu",-0.0487468750600963,"observed","enu",0.999593280990369,NA,"GO:0000002",0.999999999996455,0.25
"mitochondrial membrane organization","enu",-0.366561974328182,"observed","enu",0.0102292513406764,"*","GO:0007006",0.0849472611334429,-0.0413297912218674
"mitochondrial respiratory chain complex assembly","enu",-0.166666666666667,"observed","enu",0.991843525334184,NA,"GO:0033108",0.999999999996455,-0.201253124939904
"mitochondrial transmembrane transport","enu",-0.171011468611265,"observed","enu",0.851115470644867,NA,"GO:1990542",0.999999999996455,0.551203220244969
"mitochondrial transport","enu",-0.352401557541323,"observed","enu",0.0606100248240694,NA,"GO:0006839",0.23869102559582,0.0268481575486464
"mitochondrion localization","enu",-0.32557421630071,"observed","enu",0.674012920122429,NA,"GO:0051646",0.943124305812337,-0.00586577732428301
"mitochondrion morphogenesis","enu",-0.347493750120193,"observed","enu",0.708670782601421,NA,"GO:0070584",0.966829424834796,-0.65114843260142
"mitotic cell cycle phase transition","enu",-0.416349165589433,"observed","enu",0.0354209950895581,"*","GO:0044772",0.169493283859084,-0.105010529933448
"monosaccharide metabolic process","enu",-0.402338666130859,"observed","enu",0.0727618928707356,NA,"GO:0005996",0.265908987224177,-0.190177852040403
"morphogenesis of a branching structure","enu",-0.206200251241476,"observed","enu",0.326422059343752,NA,"GO:0001763",0.610471404229426,0.0355051092959479
"morphogenesis of a polarized epithelium","enu",-0.217085012755201,"observed","enu",0.260050670830855,NA,"GO:0001738",0.539887805746666,-0.039644761343121
"movement in host","enu",-0.141476613511283,"observed","enu",0.594425732519063,NA,"GO:0044000",0.87672057846441,0.124577142983916
"mucopolysaccharide metabolic process","enu",0.0518494880879875,"observed","enu",0.955225222054372,NA,"GO:1903510",0.999999999996455,0.34283724611546
"multicellular organism growth","enu",-0.286994704002882,"observed","enu",0.185802457289966,NA,"GO:0035264",0.46088661483615,0.401347027705401
"muscle cell differentiation","enu",-0.473183338896435,"observed","enu",0.0331569602126202,"*","GO:0042692",0.164492971444428,-0.258127442523439
"myeloid cell homeostasis","enu",-0.659794819984002,"observed","enu",0.00509636731295679,"**","GO:0002262",0.0540781198208192,-0.317404238763221
"ncRNA processing","enu",-0.217946831735694,"observed","enu",0.931474558305965,NA,"GO:0034470",0.999999999996455,0.0872210273643476
"negative regulation of catabolic process","enu",-0.488181275881291,"observed","enu",0,"****","GO:0009895",0,-0.183173728266141
"negative regulation of cell projection organization","enu",-0.283216373805742,"observed","enu",0.278844709058192,NA,"GO:0031345",0.559342152010646,0.396612989508944
"negative regulation of cysteine-type endopeptidase activity involved in apoptotic process","enu",-0.494134222675717,"observed","enu",0.0068617611792493,"**","GO:0043154",0.0655298192618308,0.116984421801383
"negative regulation of growth","enu",-0.151321246011935,"observed","enu",0.266803658167895,NA,"GO:0045926",0.544432120457473,0.186149028201314
"negative regulation of mitotic nuclear division","enu",-0.581975516054945,"observed","enu",0.656132343890694,NA,"GO:0045839",0.933422089126436,-0.160936564397101
"negative regulation of phosphorus metabolic process","enu",-0.234206090745797,"observed","enu",0.445213704761883,NA,"GO:0010563",0.744240836851829,0.0581586183871012
"negative regulation of transferase activity","enu",-0.196297941598417,"observed","enu",0.503683134645236,NA,"GO:0051348",0.800464687224459,0.157819952800872
"neural tube formation","enu",-0.286673287217135,"observed","enu",0.825813920244297,NA,"GO:0001841",0.999999999996455,0.101985223780905
"neuron apoptotic process","enu",-0.0497912874539616,"observed","enu",0.852177376275191,NA,"GO:0051402",0.999999999996455,0.407863137240178
"neuron death","enu",-0.125888693393565,"observed","enu",0.579701535737017,NA,"GO:0070997",0.86911229734891,-0.0554613219928397
"neuron projection extension","enu",-0.193455664871796,"observed","enu",0.475843747169059,NA,"GO:1990138",0.770221658553307,-0.0259595420360112
"neuron projection organization","enu",-0.0745887633509773,"observed","enu",0.946403210075845,NA,"GO:0106027",0.999999999996455,-0.0575770369526247
"neurotransmitter secretion","enu",-0.0741430743012563,"observed","enu",0.42017587531448,NA,"GO:0007269",0.716549930223801,0.114755804089985
"neurotrophin signaling pathway","enu",-0.28512198070319,"observed","enu",0.903302002871516,NA,"GO:0038179",0.999999999996455,-0.28512198070319
"non-membrane-bounded organelle assembly","enu",-0.347840060509821,"observed","enu",0,"****","GO:0140694",0,0.072717371443165
"nuclear chromosome segregation","enu",-0.368183004550364,"observed","enu",0.0914332298673515,NA,"GO:0098813",0.293507442856943,-0.224469519941048
"nuclear envelope organization","enu",-0.487333075546246,"observed","enu",0.692505905731945,NA,"GO:0006998",0.961462255145674,-0.25
"nuclear migration","enu",-0.38208020839343,"observed","enu",0.621661732214743,NA,"GO:0007097",0.906392296587908,-0.0833333333333336
"nuclear transport","enu",-0.450511971349704,"observed","enu",0.0219380791296859,"*","GO:0051169",0.121454293152754,-0.0468805073291088
"nuclear-transcribed mRNA catabolic process","enu",-0.641645495664251,"observed","enu",0.0135679977715886,"*","GO:0000956",0.0959810212730894,-0.27563033511017
"nucleic acid transport","enu",-0.588019272074562,"observed","enu",0.01686781611726,"*","GO:0050657",0.10308249421923,-0.30026882628474
"nucleocytoplasmic transport","enu",-0.450511971349704,"observed","enu",0.0219380791296859,"*","GO:0006913",0.121454293152754,-0.36787202946966
"nucleosome assembly","enu",0.195972953190118,"observed","enu",0.285681843321842,NA,"GO:0006334",0.568387834109081,0.534636541417783
"nucleosome organization","enu",-0.144434454942091,"observed","enu",0.802506706519558,NA,"GO:0034728",0.999999999996455,-0.0596076292756527
"nucleotide catabolic process","enu",-0.00338683204144516,"observed","enu",0.702219814622102,NA,"GO:0009166",0.961462255145674,0.342613425745643
"nucleus organization","enu",-0.674931950839941,"observed","enu",0.0873056400711772,NA,"GO:0006997",0.292342017251424,-0.35863782695154
"oligosaccharide-lipid intermediate biosynthetic process","enu",0.034586458273237,"observed","enu",0.925922713455831,NA,"GO:0006490",0.999999999996455,-0.124321091360806
"organelle fission","enu",-0.357669162321366,"observed","enu",0,"****","GO:0048285",0,-0.0918813976617914
"organelle fusion","enu",-0.387945985717713,"observed","enu",0.00252695140299172,"**","GO:0048284",0.0332860495152703,-0.316644506302338
"organelle inheritance","enu",0.166666666666667,"observed","enu",0.986799150641563,NA,"GO:0048308",0.999999999996455,-0.0487468750600967
"organelle localization by membrane tethering","enu",0.00735926965738936,"observed","enu",0.125096917730644,NA,"GO:0140056",0.346282772268884,0.155493234546019
"organophosphate catabolic process","enu",-0.276456849154681,"observed","enu",0.15528834786917,NA,"GO:0046434",0.406302389630293,0.0954931942486726
"ossification","enu",-0.343614561460064,"observed","enu",0.0212628607291056,"*","GO:0001503",0.12123004176893,0.223270699257545
"osteoblast differentiation","enu",-0.331182209787218,"observed","enu",0.423516340887092,NA,"GO:0001649",0.719036632083863,-0.00642498256713608
"oxidative phosphorylation","enu",-0.17253244399095,"observed","enu",0.745736586036304,NA,"GO:0006119",0.999548687248661,0.231740225891368
"pentose-phosphate shunt","enu",0.034586458273237,"observed","enu",0.982716702967736,NA,"GO:0006098",0.999999999996455,-0.0814399936249923
"peptidyl-lysine modification","enu",-0.394684865821411,"observed","enu",0.0464006590439004,"*","GO:0018205",0.2012942305342,0.126892824565405
"peroxisome organization","enu",0.298746875060096,"observed","enu",0.996738340064842,NA,"GO:0007031",0.999999999996455,0.908907549634043
"phospholipid biosynthetic process","enu",-0.283570674189244,"observed","enu",0,"****","GO:0008654",0,0.236651266938199
"pigmentation","enu",-0.4040394924486,"observed","enu",0.10069519363264,NA,"GO:0043473",0.307397944656857,-0.329793738136975
"placenta development","enu",-0.376937816338378,"observed","enu",0.372836256488548,NA,"GO:0001890",0.671808726314271,0.253592061386064
"plasma membrane tubulation","enu",0.624321091360806,"observed","enu",0.863847773534916,NA,"GO:0097320",0.999999999996455,0.341627972795909
"platelet dense granule organization","enu",-0.0487468750600963,"observed","enu",0.941823120495531,NA,"GO:0060155",0.999999999996455,0.0565059920927202
"platelet-derived growth factor receptor signaling pathway","enu",-0.307577036952626,"observed","enu",0.228716277007929,NA,"GO:0048008",0.517927569314465,0.0979161975933925
"pore complex assembly","enu",0.166666666666667,"observed","enu",0.999959253113063,NA,"GO:0046931",0.999999999996455,0.312907291846955
"positive regulation by host of viral process","enu",-0.25,"observed","enu",0.949922892745532,NA,"GO:0044794",0.999999999996455,0.048746875060096
"positive regulation of amide metabolic process","enu",-0.883815679078433,"observed","enu",0.000699252923199638,"***","GO:0034250",0.0127197436505839,-0.537279898861393
"positive regulation of cartilage development","enu",-0.180291561023573,"observed","enu",0.491280507318161,NA,"GO:0061036",0.788525856283771,-0.332797810903381
"positive regulation of cell projection organization","enu",-0.284547398600466,"observed","enu",0.345861608185164,NA,"GO:0031346",0.630164394410968,0.0746072066151
"positive regulation of epithelial cell migration","enu",-0.0814587020657439,"observed","enu",0.606918841062406,NA,"GO:0010634",0.891703835714766,0.0969395192494895
"positive regulation of establishment of protein localization","enu",-0.492240882967377,"observed","enu",0.00282081576709626,"**","GO:1904951",0.0347597297751862,-0.211113335559127
"positive regulation of growth","enu",-0.595365656359598,"observed","enu",0.0183996084657966,"*","GO:0045927",0.108133083598989,-0.361450338793679
"positive regulation of kinase activity","enu",-0.23374426075265,"observed","enu",0.0309152479615213,"*","GO:0033674",0.158890442872511,0.0287934594041537
"positive regulation of mitochondrial fission","enu",0.173067966420903,"observed","enu",0.766157558424306,NA,"GO:0090141",0.999999999996455,0.0360799506063428
"positive regulation of mitotic cell cycle","enu",-0.66260705958058,"observed","enu",0.0931765726881096,NA,"GO:0045931",0.293507442856943,-0.125501905788818
"positive regulation of neuron migration","enu",0,"observed","enu",0.999999910966813,NA,"GO:2001224",0.999999999996455,-0.17933359112042
"positive regulation of protein autophosphorylation","enu",-0.117919791606571,"observed","enu",0.219522288430788,NA,"GO:0031954",0.514905784270298,-1.66533453693773e-16
"positive regulation of protein localization","enu",-0.511460992796541,"observed","enu",0,"****","GO:1903829",0,-0.0462142844606719
"positive regulation of viral process","enu",-0.259252609365729,"observed","enu",0.451966982095318,NA,"GO:0048524",0.750658205045267,-0.22903843608367
"postsynapse organization","enu",-0.409199948448805,"observed","enu",0.163018580385046,NA,"GO:0099173",0.423626515014203,-0.134116427112737
"presynaptic endocytosis","enu",-0.388881355522901,"observed","enu",0.124161211444941,NA,"GO:0140238",0.346282772268884,-0.0530690769067297
"proteasome-mediated ubiquitin-dependent protein catabolic process","enu",-0.437036423070472,"observed","enu",0.0117229003538825,"*","GO:0043161",0.0932947486496485,0.0646024523006184
"protein folding","enu",-0.200168235330921,"observed","enu",0.51110996540578,NA,"GO:0006457",0.800464687224459,-0.00751203281230117
"protein glycosylation","enu",-0.331319829110501,"observed","enu",0.0927690971156254,NA,"GO:0006486",0.293507442856943,0.120195363509904
"protein localization to nucleus","enu",-0.476896344170864,"observed","enu",0.120746418012634,NA,"GO:0034504",0.344535897567424,-0.0602000733493674
"protein localization to plasma membrane","enu",-0.188317807717994,"observed","enu",0.309600246890095,NA,"GO:0072659",0.591336471560081,0.281588183514439
"protein maturation","enu",-0.501088771486741,"observed","enu",0.0816317143827759,NA,"GO:0051604",0.282001852497491,0.0803049908026542
"protein neddylation","enu",-0.0925859426990623,"observed","enu",0.96867367141334,NA,"GO:0045116",0.999999999996455,0.206160932361034
"protein polyubiquitination","enu",-0.301529510501845,"observed","enu",0.446154847222693,NA,"GO:0000209",0.744240836851829,0.200881287691295
"protein targeting","enu",-0.453798917966988,"observed","enu",0.0297458289712572,"*","GO:0006605",0.157818148153059,0.0676081252004586
"protein transport to vacuole involved in ubiquitin-dependent protein catabolic process via the multivesicular body sorting pathway","enu",0.25,"observed","enu",0.999825225447475,NA,"GO:0043328",0.999999999996455,0.51416041678686
"protein-DNA complex assembly","enu",0.0525452945858381,"observed","enu",0.43730601337106,NA,"GO:0065004",0.735907035716937,0.530233117347369
"protein-DNA complex subunit organization","enu",-0.0030741541363532,"observed","enu",0.418860950135254,NA,"GO:0071824",0.716549930223801,0.120961742365941
"protein-containing complex localization","enu",-0.286059334197693,"observed","enu",0.185455147757841,NA,"GO:0031503",0.46088661483615,-0.0166784320846113
"proton transmembrane transport","enu",-0.393761679897451,"observed","enu",0.614248877410683,NA,"GO:1902600",0.899015598355866,0.266679112305385
"pteridine-containing compound metabolic process","enu",-0.0487468750600963,"observed","enu",0.659748597026538,NA,"GO:0042558",0.933422089126436,-0.0345864582732365
"pyruvate metabolic process","enu",-0.415771047097166,"observed","enu",0.0802340896408848,NA,"GO:0006090",0.282001852497491,0.0026394394740466
"quinone biosynthetic process","enu",-0.0833333333333333,"observed","enu",0.999999999993891,NA,"GO:1901663",0.999999999996455,-0.0487468750600967
"rRNA metabolic process","enu",-0.0398508870855035,"observed","enu",0.997246358254107,NA,"GO:0016072",0.999999999996455,0.416804841624838
"receptor metabolic process","enu",-0.524398479102321,"observed","enu",0.0887731155832562,NA,"GO:0043112",0.292342017251424,0.206696454790986
"regulation of ATP metabolic process","enu",-0.00437228499117784,"observed","enu",0.484918125917865,NA,"GO:1903578",0.781597991985757,0.397734117513394
"regulation of DNA repair","enu",-0.426947025712352,"observed","enu",0.00174372624350243,"**","GO:0006282",0.0266441370007172,-0.178470849179718
"regulation of DNA replication","enu",-0.956474586111085,"observed","enu",0.000160577078994675,"***","GO:0006275",0.003228444430314,-0.632148417520656
"regulation of G0 to G1 transition","enu",-0.174961306129243,"observed","enu",0.984313591360935,NA,"GO:0070316",0.999999999996455,0.17253244399095
"regulation of GTPase activity","enu",-0.273551685967479,"observed","enu",0.0485535883422901,"*","GO:0043087",0.201602942899509,0.183225183102313
"regulation of Golgi organization","enu",-0.11791979160657,"observed","enu",0.999895732122786,NA,"GO:1903358",0.999999999996455,-0.152506249879807
"regulation of actin filament organization","enu",-0.390782415318777,"observed","enu",0.0660725090753188,NA,"GO:0110053",0.249787066358609,-0.150937746158297
"regulation of actin filament-based process","enu",-0.384160170246454,"observed","enu",0.0316117111474105,"*","GO:0032970",0.158890442872511,0.0372640773910738
"regulation of anatomical structure size","enu",-0.373797926908635,"observed","enu",0.00559310083230556,"**","GO:0090066",0.057744986971371,2.33061215684227e-05
"regulation of apoptotic signaling pathway","enu",-0.310543473660816,"observed","enu",0.213344649369645,NA,"GO:2001233",0.512837164765546,-0.271511758681952
"regulation of autophagy","enu",-0.173865910229312,"observed","enu",0.101170484648002,NA,"GO:0010506",0.307397944656857,0.265450279697894
"regulation of axonogenesis","enu",-0.294771203818453,"observed","enu",0.244244791934295,NA,"GO:0050770",0.521237488932407,-0.0269235442741633
"regulation of binding","enu",-0.31406795203731,"observed","enu",0.0311963955499159,"*","GO:0051098",0.158890442872511,0.0331918316322073
"regulation of carbohydrate metabolic process","enu",-0.0466846531987892,"observed","enu",0.577709853873074,NA,"GO:0006109",0.86911229734891,0.330457416639249
"regulation of cell cycle phase transition","enu",-0.42849029239522,"observed","enu",0.00991054233840571,"**","GO:1901987",0.0841294927393552,-0.12936731857958
"regulation of cell growth","enu",-0.24373125217401,"observed","enu",0.306343611876711,NA,"GO:0001558",0.591336471560081,0.089983572775717
"regulation of cell morphogenesis","enu",-0.288289371942345,"observed","enu",0.46060360558816,NA,"GO:0022604",0.758407660925333,-0.361434726104761
"regulation of cell projection assembly","enu",-0.308311017067625,"observed","enu",0.217310654227313,NA,"GO:0060491",0.514905784270298,-0.0423857743064591
"regulation of cell-substrate adhesion","enu",-0.114107879453439,"observed","enu",0.665287499091631,NA,"GO:0010810",0.93778533082289,-0.171460664681
"regulation of cell-substrate junction assembly","enu",-0.235439735837906,"observed","enu",0.251857732748307,NA,"GO:0090109",0.528624472032161,-0.358267334865607
"regulation of cell-substrate junction organization","enu",-0.240992835257096,"observed","enu",0.239361163949092,NA,"GO:0150116",0.519345412308096,-0.0319805932845689
"regulation of cellular component size","enu",-0.41925054502322,"observed","enu",0.0432815872392,"*","GO:0032535",0.190040992245683,-0.207859909492935
"regulation of cellular response to oxidative stress","enu",-1.00301446771279,"observed","enu",0.00190777015891973,"**","GO:1900407",0.0280295461810515,-0.707654424694139
"regulation of chromatin organization","enu",-0.36791979160657,"observed","enu",0.757408344852915,NA,"GO:1902275",0.999999999996455,-0.0642651091253435
"regulation of chromosome organization","enu",-0.421979935512761,"observed","enu",0.0579605663417635,NA,"GO:0033044",0.233062487816354,-0.197678775374341
"regulation of chromosome segregation","enu",-0.390152003331145,"observed","enu",0.035981073149372,"*","GO:0051983",0.169688517815557,-0.193271163382419
"regulation of cysteine-type endopeptidase activity involved in apoptotic process","enu",-0.138168830242574,"observed","enu",0.207323392852801,NA,"GO:0043281",0.504442904902995,0.186407665919297
"regulation of cytokinesis","enu",-0.199759632606798,"observed","enu",0.263620506021273,NA,"GO:0032465",0.541414157527561,-0.208054272069374
"regulation of defense response to virus","enu",0.0321075129903993,"observed","enu",0.972679540921437,NA,"GO:0050688",0.999999999996455,0.307041514522672
"regulation of dephosphorylation","enu",-0.179676600159773,"observed","enu",0.775355257429118,NA,"GO:0035303",0.999999999996455,0.271176677404894
"regulation of developmental growth","enu",-0.209661883620105,"observed","enu",0.700537150944645,NA,"GO:0048638",0.961462255145674,0.234293021399049
"regulation of embryonic development","enu",-0.264160416786859,"observed","enu",0.220039966169275,NA,"GO:0045995",0.514905784270298,0.171574474087798
"regulation of endocytosis","enu",-0.431794472458105,"observed","enu",0.0634373348614847,NA,"GO:0030100",0.244778403202901,-0.153609313939104
"regulation of extracellular matrix organization","enu",-0.0801693458167487,"observed","enu",0.0827267574398918,NA,"GO:1903053",0.282157333411059,0.279991328757199
"regulation of fibroblast migration","enu",-0.175919276032396,"observed","enu",0.27085834314446,NA,"GO:0010762",0.547449137995681,0.206160932361034
"regulation of fibroblast proliferation","enu",-0.359595796854692,"observed","enu",0.23049132665827,NA,"GO:0048145",0.517927569314465,0.0185620570673403
"regulation of focal adhesion assembly","enu",-0.235439735837906,"observed","enu",0.251857732748307,NA,"GO:0051893",0.528624472032161,0.229973805888857
"regulation of gene silencing by RNA","enu",-0.00925260936572901,"observed","enu",0.915104264848553,NA,"GO:0060966",0.999999999996455,0.0663216069349808
"regulation of generation of precursor metabolites and energy","enu",-0.379913941015685,"observed","enu",0.0122819182977622,"*","GO:0043467",0.0938338557949035,0.0691151023656333
"regulation of intracellular protein transport","enu",-0.424093169606322,"observed","enu",0.0384433684453111,"*","GO:0033157",0.172769020542457,0.211174408674389
"regulation of intracellular steroid hormone receptor signaling pathway","enu",-0.273812873527823,"observed","enu",0.733362471898267,NA,"GO:0033143",0.989909767721336,0.345627893458432
"regulation of intracellular transport","enu",-0.257661742173337,"observed","enu",0.0131498941127552,"*","GO:0032386",0.0959810212730894,0.0773497734926441
"regulation of membrane permeability","enu",-0.42253244399095,"observed","enu",0.00597349793598565,"**","GO:0090559",0.0600493739880662,0.0678150992680868
"regulation of microtubule cytoskeleton organization","enu",-0.608882295729407,"observed","enu",0.0840518249323184,NA,"GO:0070507",0.284139797558811,-0.0434179653284426
"regulation of microtubule depolymerization","enu",-0.479573958513623,"observed","enu",0.629579463311434,NA,"GO:0031114",0.91098240524609,-0.278320833573719
"regulation of microtubule polymerization","enu",-0.505865777324284,"observed","enu",0.6699011058681,NA,"GO:0031113",0.940816994270641,-0.311413799513851
"regulation of microtubule-based process","enu",-0.430222886853829,"observed","enu",0.473063941308404,NA,"GO:0032886",0.768980534382172,0.248193102782372
"regulation of mitochondrial membrane permeability","enu",-0.408907549634044,"observed","enu",0.035495975677295,"*","GO:0046902",0.169493283859084,-0.184213915494972
"regulation of mitochondrial membrane potential","enu",0.199359785231564,"observed","enu",0.700669018370456,NA,"GO:0051881",0.961462255145674,0.253659759710851
"regulation of ncRNA transcription","enu",0.13208020839343,"observed","enu",0.642926932874858,NA,"GO:0140747",0.926785239087531,0.00775911703262366
"regulation of nervous system development","enu",-0.429638005504719,"observed","enu",0.00208932787354733,"**","GO:0051960",0.0295601202850029,-0.0928169051672876
"regulation of neurogenesis","enu",-0.448851939563237,"observed","enu",0.0160517376867648,"*","GO:0050767",0.10308249421923,-0.000882328127771392
"regulation of neuron apoptotic process","enu",0.0437586533601606,"observed","enu",0.867711342879682,NA,"GO:0043523",0.999999999996455,0.710065222887279
"regulation of neuron death","enu",-0.0675971035841688,"observed","enu",0.892944676623747,NA,"GO:1901214",0.999999999996455,0.407442460123906
"regulation of neuron projection development","enu",-0.24339844387503,"observed","enu",0.0482552127079755,"*","GO:0010975",0.201602942899509,0.165659384314095
"regulation of oxidative stress-induced cell death","enu",-0.95765442469414,"observed","enu",0.00271445871510697,"**","GO:1903201",0.0345641076390288,-1.16212935133147
"regulation of protein catabolic process","enu",-0.376571769660257,"observed","enu",0.197565168208779,NA,"GO:0042176",0.486902543585507,0.0332889482227916
"regulation of protein dephosphorylation","enu",-0.328961048342155,"observed","enu",0.646074603787806,NA,"GO:0035304",0.927821423484744,-0.250907886758608
"regulation of protein modification by small protein conjugation or removal","enu",-0.629378418585731,"observed","enu",0.00507082163217731,"**","GO:1903320",0.0540781198208192,-0.0313491460355857
"regulation of protein stability","enu",-0.165055556313607,"observed","enu",0.32534908688092,NA,"GO:0031647",0.610471404229426,0.18690274722594
"regulation of protein-containing complex assembly","enu",-0.340480241865036,"observed","enu",0.0904859069288531,NA,"GO:0043254",0.293507442856943,0.0634044790763158
"regulation of response to DNA damage stimulus","enu",-0.622643463349185,"observed","enu",0,"****","GO:2001020",0,-0.415261303575543
"regulation of response to oxidative stress","enu",-0.993734375300482,"observed","enu",0,"****","GO:1902882",0,-0.602686752399836
"regulation of stem cell differentiation","enu",-0.469113051673301,"observed","enu",0.0730901666453889,NA,"GO:2000736",0.265908987224177,-0.0441517455440581
"regulation of stem cell population maintenance","enu",-0.106188236958004,"observed","enu",0.774225151460715,NA,"GO:2000036",0.999999999996455,0.429891713648338
"regulation of sulfur metabolic process","enu",0.26416041678686,"observed","enu",0.999690842578277,NA,"GO:0042762",0.999999999996455,0.13208020839343
"regulation of supramolecular fiber organization","enu",-0.428789329809814,"observed","enu",0.00780119195854237,"**","GO:1902903",0.0693036122828648,0.0546944150842952
"regulation of translational fidelity","enu",0.0833333333333333,"observed","enu",0.995659857044035,NA,"GO:0006450",0.999999999996455,-0.097493750120193
"regulation of type I interferon-mediated signaling pathway","enu",-0.404535264642865,"observed","enu",0.456950662573267,NA,"GO:0060338",0.755650013432849,-0.173067966420903
"regulation of ubiquitin-protein transferase activity","enu",-0.44349400790728,"observed","enu",0.628488489783009,NA,"GO:0051438",0.91098240524609,-0.801225820342935
"regulation of vacuole organization","enu",0.408907549634044,"observed","enu",0.785294981702378,NA,"GO:0044088",0.999999999996455,0.497148690388508
"release of cytochrome c from mitochondria","enu",-0.209547764402479,"observed","enu",0.84788801273805,NA,"GO:0001836",0.999999999996455,0.0296786508521067
"respiratory system development","enu",-0.548667436626249,"observed","enu",0,"****","GO:0060541",0,-0.463394532248977
"response to UV","enu",-0.61535367685359,"observed","enu",0.00310730834574734,"**","GO:0009411",0.0370934933773589,-0.174259175795301
"response to amino acid","enu",-0.55464013543096,"observed","enu",0.101393039337078,NA,"GO:0043200",0.307397944656857,-0.370398736889408
"response to amino acid starvation","enu",-0.360160674573947,"observed","enu",0.138259295038018,NA,"GO:1990928",0.371936976792414,-0.19349400790728
"response to arsenic-containing substance","enu",-0.32066640887958,"observed","enu",0.238793041476314,NA,"GO:0046685",0.519345412308096,-0.0219195338194832
"response to endoplasmic reticulum stress","enu",-0.45704410203511,"observed","enu",0,"****","GO:0034976",0,0.139784246415026
"response to epidermal growth factor","enu",-0.465413541726763,"observed","enu",0.419241567036309,NA,"GO:0070849",0.716549930223801,-0.0472533827269909
"response to fluid shear stress","enu",-0.139839325426053,"observed","enu",0.985178342247293,NA,"GO:0034405",0.999999999996455,-0.438586200486149
"response to hydrogen peroxide","enu",-0.249970644710698,"observed","enu",0.509342346983469,NA,"GO:0042542",0.800464687224459,0.227709974094584
"response to insulin","enu",-0.434076368197532,"observed","enu",0.115424081085003,NA,"GO:0032868",0.339169222880547,-0.179633383653161
"response to ionizing radiation","enu",-0.333664075183579,"observed","enu",0.409943057776127,NA,"GO:0010212",0.715060493472515,0.046522793501511
"response to leukemia inhibitory factor","enu",-0.0892388608933043,"observed","enu",0.228439299281288,NA,"GO:1990823",0.517927569314465,-0.323224854633791
"response to oxidative stress","enu",-0.573364727656261,"observed","enu",6.44969032758192e-05,"****","GO:0006979",0.00136876761396461,-0.25800032209369
"response to oxygen levels","enu",-0.558920145809625,"observed","enu",0.00704060857777688,"**","GO:0070482",0.0655978652856285,-0.258834924616498
"response to topologically incorrect protein","enu",-0.414088284724579,"observed","enu",0.09924333073942,NA,"GO:0035966",0.307397944656857,0.161307952880798
"ribonucleoprotein complex assembly","enu",-0.65365673317356,"observed","enu",0.034167064926404,"*","GO:0022618",0.167331010280594,-0.41474211570391
"ribonucleoprotein complex biogenesis","enu",-0.34619463038252,"observed","enu",0.337076474954065,NA,"GO:0022613",0.622044509335521,0.202430746944246
"ribonucleoprotein complex subunit organization","enu",-0.680827083453526,"observed","enu",0.0577047465373014,NA,"GO:0071826",0.233062487816354,-0.545212395457578
"ribonucleotide biosynthetic process","enu",-0.377890062189861,"observed","enu",0.250791737226298,NA,"GO:0009260",0.528624472032161,0.0922084424331723
"ribose phosphate biosynthetic process","enu",-0.368657542152735,"observed","enu",0.263240820798865,NA,"GO:0046390",0.541414157527561,-0.122555561787103
"ribosomal subunit export from nucleus","enu",0.333333333333333,"observed","enu",0.944889753600525,NA,"GO:0000054",0.999999999996455,0.284586458273237
"ribosome assembly","enu",-0.289494265694368,"observed","enu",0.554273052770758,NA,"GO:0042255",0.843555004615258,0.0502403673932019
"ribosome localization","enu",0.333333333333333,"observed","enu",0.944889753600525,NA,"GO:0033750",0.999999999996455,0.11791979160657
"roof of mouth development","enu",-0.336105204510978,"observed","enu",0.466461654604272,NA,"GO:0060021",0.761488684012102,-0.209890773441831
"ruffle assembly","enu",-0.160800889342384,"observed","enu",0.173851350831134,NA,"GO:0097178",0.44630688834144,-0.250000000000001
"ruffle organization","enu",-0.0293062865234512,"observed","enu",0.952972170199551,NA,"GO:0031529",0.999999999996455,0.322559748587919
"seminiferous tubule development","enu",0.215413541726763,"observed","enu",0.999336226408389,NA,"GO:0072520",0.999999999996455,0.298746875060096
"signal release from synapse","enu",-0.0741430743012563,"observed","enu",0.42017587531448,NA,"GO:0099643",0.716549930223801,0.20982842310818
"sister chromatid segregation","enu",-0.297485669731902,"observed","enu",0.103345200372714,NA,"GO:0000819",0.310849342853361,0.473208580564752
"small GTPase mediated signal transduction","enu",-0.22807386763034,"observed","enu",0.409208259216917,NA,"GO:0007264",0.715060493472515,0.0231934688015742
"small molecule catabolic process","enu",-0.586357515771735,"observed","enu",0.0479712113140054,"*","GO:0044282",0.201602942899509,-0.439458283117349
"spindle localization","enu",-0.270426041486378,"observed","enu",0.229779362902492,NA,"GO:0051653",0.517927569314465,0.211626862310081
"stem cell differentiation","enu",-0.219797112093132,"observed","enu",0.0813728192049827,NA,"GO:0048863",0.282001852497491,-0.151288958690075
"stem cell population maintenance","enu",-0.484650229803857,"observed","enu",0.135550683473266,NA,"GO:0019827",0.367236603452394,0.0985335837256812
"substantia nigra development","enu",-0.0789610483421557,"observed","enu",0.687878756301181,NA,"GO:0021762",0.95901344856588,0.0954647353571345
"substrate adhesion-dependent cell spreading","enu",0.236515359486188,"observed","enu",0.866140193469362,NA,"GO:0034446",0.999999999996455,0.737050881916141
"sulfur amino acid biosynthetic process","enu",0,"observed","enu",0.999600741967843,NA,"GO:0000097",0.999999999996455,-0.0833333333333333
"sulfur amino acid metabolic process","enu",-0.180827083453526,"observed","enu",0.974664946943538,NA,"GO:0000096",0.999999999996455,-0.347493750120193
"sulfur compound metabolic process","enu",-0.29862836880433,"observed","enu",0.699121807062362,NA,"GO:0006790",0.961462255145674,0.134197400470988
"suppression of viral release by host","enu",-0.0833333333333333,"observed","enu",0.999957814557722,NA,"GO:0044790",0.999999999996455,-0.11791979160657
"telomerase RNA localization to Cajal body","enu",0.0487468750600967,"observed","enu",0.996497092673892,NA,"GO:0090671",0.999999999996455,0.298746875060097
"telomere maintenance","enu",-0.354315625104906,"observed","enu",0.580166585926629,NA,"GO:0000723",0.86911229734891,-0.20490266318849
"telomere organization","enu",-0.167498674047718,"observed","enu",0.810795300593694,NA,"GO:0032200",0.999999999996455,0.132105477546395
"trabecula morphogenesis","enu",-0.347493750120192,"observed","enu",0.516076295214609,NA,"GO:0061383",0.801386767365775,-0.347493750120192
"tube closure","enu",-0.314428267226641,"observed","enu",0.808696844987286,NA,"GO:0060606",0.999999999996455,0.062059091511911
"ubiquinone biosynthetic process","enu",-0.0833333333333333,"observed","enu",0.999999999993891,NA,"GO:0006744",0.999999999996455,-0.0833333333333333
"ubiquinone metabolic process","enu",0.0141604167868593,"observed","enu",0.99999996944225,NA,"GO:0006743",0.999999999996455,0.316294123888402
"ubiquitin recycling","enu",-0.0833333333333333,"observed","enu",0.999999999996455,NA,"GO:0010992",0.999999999996455,-0.215413541726763
"vacuolar transport","enu",-0.449239620717071,"observed","enu",0.303874638319837,NA,"GO:0007034",0.591336471560081,-0.0450180098242559
"vacuole organization","enu",-0.181896230124989,"observed","enu",0.119499634628631,NA,"GO:0007033",0.344535897567424,-0.0599642506667889
"vesicle localization","enu",-0.0891009280578432,"observed","enu",0.570274339532742,NA,"GO:0051648",0.86446348294249,0.179526104511021
"vesicle organization","enu",-0.200841010375561,"observed","enu",0.775541771247636,NA,"GO:0016050",0.999999999996455,0.131714798797296
"viral gene expression","enu",-0.323680876592369,"observed","enu",0.653324645652325,NA,"GO:0019080",0.933422089126436,0.330631543525636
"viral release from host cell","enu",-0.0141604167868593,"observed","enu",0.997708022344504,NA,"GO:0019076",0.999999999996455,0.069172916546474
