"region","control","enu","group_diff","group","p_value","significant_p_adjusted","significant_p_adjusted_both_groups","GO.ID"
"ATP metabolic process",0.111111111111111,-0.311959036669415,-0.423070147780526,"observed",0.03774286032356,"*",NA,"GO:0046034"
"COPII vesicle coating",0,0.215413541726763,0.215413541726763,"observed",0.368170992701989,NA,NA,"GO:0048208"
"DNA conformation change",0.222222222222222,-0.289494265694367,-0.51171648791659,"observed",0.0451775140649254,"*",NA,"GO:0071103"
"DNA replication",-0.222222222222222,-0.615068481995077,-0.392846259772855,"observed",0.0851043379279084,NA,NA,"GO:0006260"
"DNA-templated transcription elongation",0,-0.105977659622251,-0.105977659622251,"observed",0.440036344886994,NA,NA,"GO:0006354"
"G0 to G1 transition",0.111111111111111,-0.174961306129243,-0.286072417240354,"observed",0.25822633628368,NA,NA,"GO:0045023"
"GPI anchor biosynthetic process",0,0.215413541726763,0.215413541726763,"observed",0.470302974906004,NA,NA,"GO:0006506"
"Golgi localization",0,0.333333333333334,0.333333333333334,"observed",0.161829563555167,NA,NA,"GO:0051645"
"Golgi organization",0.111111111111111,-0.329798853730815,-0.440909964841926,"observed",0.040158715627241,"*",NA,"GO:0007030"
"Golgi to plasma membrane protein transport",0,-0.01416041678686,-0.01416041678686,"observed",0.952570887444752,NA,NA,"GO:0043001"
"Golgi vesicle transport",-0.333333333333333,-0.503885799943243,-0.17055246660991,"observed",0.480709655059145,NA,NA,"GO:0048193"
"P-body assembly",0,-0.166666666666667,-0.166666666666667,"observed",0.338800696196202,NA,NA,"GO:0033962"
"RIG-I signaling pathway",0,-0.25,-0.25,"observed",0.269615753114337,NA,NA,"GO:0039529"
"RNA localization",0.222222222222222,-0.646986724945995,-0.869208947168217,"observed",0.00307714254706891,"**",NA,"GO:0006403"
"RNA transport",0.111111111111111,-0.588019272074562,-0.699130383185673,"observed",0.0077553280637218,"**",NA,"GO:0050658"
"Schwann cell differentiation",0,-0.0774675560090502,-0.0774675560090502,"observed",0.71489154647568,NA,NA,"GO:0014037"
"UV-damage excision repair",0,0.396240625180289,0.396240625180289,"observed",0.073878536261009,NA,NA,"GO:0070914"
"Wnt signaling pathway",-0.3547383419936,-0.346063063029368,0.00867527896423193,"observed",0.980504685792768,NA,NA,"GO:0016055"
"Wnt signaling pathway, planar cell polarity pathway",0.222222222222222,-0.427605281756101,-0.649827503978323,"observed",0.0480332385936335,"*",NA,"GO:0060071"
"actin filament organization",-0.140337156203755,-0.492009256194312,-0.351672099990557,"observed",0.138887620660743,NA,NA,"GO:0007015"
"actin filament severing",0,0.0974937501201927,0.0974937501201927,"observed",0.634690699198563,NA,NA,"GO:0051014"
"actin nucleation",0,-0.261681471504022,-0.261681471504022,"observed",0.362990396927643,NA,NA,"GO:0045010"
"activation of GTPase activity",0.444444444444444,-0.465726219631856,-0.9101706640763,"observed",0.00445824562521988,"**",NA,"GO:0090630"
"adherens junction assembly",0.111111111111111,-0.13208020839343,-0.243191319504541,"observed",0.26679223183114,NA,NA,"GO:0034333"
"alpha-amino acid biosynthetic process",0,-0.510238062315462,-0.510238062315462,"observed",0.0599321358205067,NA,NA,"GO:1901607"
"anoikis",0,0.0988515673985803,0.0988515673985803,"observed",0.552450563357348,NA,NA,"GO:0043276"
"antigen processing and presentation of endogenous peptide antigen via MHC class I",0,-0.034586458273237,-0.034586458273237,"observed",0.831551583136116,NA,NA,"GO:0019885"
"antigen processing and presentation of peptide antigen via MHC class I",0.111111111111111,0.0256190437660208,-0.0854920673450903,"observed",0.797234951175076,NA,NA,"GO:0002474"
"apoptotic mitochondrial changes",0,-0.107458884766249,-0.107458884766249,"observed",0.656003267506451,NA,NA,"GO:0008637"
"appendage development",0.369103121654151,-0.193603481851203,-0.562706603505354,"observed",0.134175117351751,NA,NA,"GO:0048736"
"aromatic compound catabolic process",-0.666666666666667,-0.358902023382666,0.307764643284,"observed",0.165874805747134,NA,NA,"GO:0019439"
"autophagosome maturation",0.222222222222222,-0.478080466180517,-0.700302688402739,"observed",0.0140321758237941,"*",NA,"GO:0097352"
"autophagy of mitochondrion",0.111111111111111,-0.164187721383829,-0.27529883249494,"observed",0.227526795620867,NA,NA,"GO:0000422"
"biological process involved in interaction with host",0.509440277857907,-0.196306974483289,-0.705747252341196,"observed",0.0400461269153489,"*",NA,"GO:0051701"
"body morphogenesis",0.111111111111111,-0.298211352630144,-0.409322463741255,"observed",0.178896180799905,NA,NA,"GO:0010171"
"branched-chain amino acid catabolic process",0,0.26416041678686,0.26416041678686,"observed",0.202593477384528,NA,NA,"GO:0009083"
"carbohydrate derivative catabolic process",0.287218055635684,-0.125024197539707,-0.412242253175391,"observed",0.177779151071081,NA,NA,"GO:1901136"
"cardiac chamber development",0.333333333333333,-0.276867091476301,-0.610200424809634,"observed",0.0813172065664325,NA,NA,"GO:0003205"
"cell communication by electrical coupling involved in cardiac conduction",0.111111111111111,-0.0960002577870873,-0.207111368898198,"observed",0.458530244065645,NA,NA,"GO:0086064"
"cell cycle G1/S phase transition",-0.111111111111111,-0.444829146414367,-0.333718035303256,"observed",0.278037048848506,NA,NA,"GO:0044843"
"cell cycle G2/M phase transition",0.287218055635684,-0.239126978595336,-0.52634503423102,"observed",0.0509512479040887,NA,NA,"GO:0044839"
"cell cycle checkpoint signaling",0.111111111111111,-0.448918593592437,-0.560029704703548,"observed",0.00597809957790376,"**",NA,"GO:0000075"
"cell growth",-0.15139667548719,-0.310892030760433,-0.159495355273243,"observed",0.607489213646331,NA,NA,"GO:0016049"
"cell redox homeostasis",0,-0.257759117032623,-0.257759117032623,"observed",0.360873987569094,NA,NA,"GO:0045454"
"cell-cell signaling by wnt",-0.3547383419936,-0.347698796925112,0.00703954506848753,"observed",0.98417424450506,NA,NA,"GO:0198738"
"cell-substrate adhesion",0.0188805557158124,-0.111326375314067,-0.130206931029879,"observed",0.668455460995268,NA,NA,"GO:0031589"
"cell-substrate junction assembly",0.333333333333333,-0.175576266993043,-0.508909600326376,"observed",0.0399297893406993,"*",NA,"GO:0007044"
"cell-substrate junction organization",0.333333333333333,-0.19529992927995,-0.528633262613283,"observed",0.0488413526076147,"*",NA,"GO:0150115"
"cellular carbohydrate metabolic process",-0.0461152776976493,-0.281665067291797,-0.235549789594147,"observed",0.413471094598236,NA,NA,"GO:0044262"
"cellular component disassembly",-0.186452433901404,-0.433592758000268,-0.247140324098863,"observed",0.384158492850024,NA,NA,"GO:0022411"
"cellular metabolic compound salvage",0,0.110160674573947,0.110160674573947,"observed",0.488344619381078,NA,NA,"GO:0043094"
"cellular modified amino acid biosynthetic process",0,0.0487468750600963,0.0487468750600963,"observed",0.839981309371753,NA,NA,"GO:0042398"
"cellular nitrogen compound catabolic process",-0.666666666666667,-0.333421184697667,0.333245481969,"observed",0.148269054146617,NA,NA,"GO:0044270"
"cellular pigmentation",0.287218055635684,-0.075946580629365,-0.363164636265049,"observed",0.192165719679619,NA,NA,"GO:0033059"
"cellular respiration",0.111111111111111,-0.296882890641059,-0.40799400175217,"observed",0.0739521688206785,NA,NA,"GO:0045333"
"cellular response to UV",0.222222222222222,-0.542881097735814,-0.765103319958036,"observed",0.0254630463847767,"*",NA,"GO:0034644"
"cellular response to acid chemical",0.111111111111111,-0.556476636803418,-0.667587747914529,"observed",0.0104226071357104,"*",NA,"GO:0071229"
"cellular response to amino acid starvation",0,-0.360160674573947,-0.360160674573947,"observed",0.255453822903552,NA,NA,"GO:0034198"
"cellular response to arsenic-containing substance",0.111111111111111,0.069172916546474,-0.0419381945646371,"observed",0.875091941028518,NA,NA,"GO:0071243"
"cellular response to chemical stress",-0.0461152776976493,-0.520379810150779,-0.47426453245313,"observed",0.118552225233199,NA,NA,"GO:0062197"
"cellular response to dsRNA",0,0.13208020839343,0.13208020839343,"observed",0.577461206468557,NA,NA,"GO:0071359"
"cellular response to environmental stimulus",0.463325000160257,-0.366073527390828,-0.829398527551085,"observed",0.0221796217066477,"*",NA,"GO:0104004"
"cellular response to epidermal growth factor stimulus",0,-0.432720423161866,-0.432720423161866,"observed",0.0862562353072909,NA,NA,"GO:0071364"
"cellular response to external stimulus",0.111111111111111,-0.314349873053666,-0.425460984164777,"observed",0.158013789871526,NA,NA,"GO:0071496"
"cellular response to extracellular stimulus",0.333333333333333,-0.431569939868114,-0.764903273201447,"observed",0.00656932021316889,"**",NA,"GO:0031668"
"cellular response to heat",0.111111111111111,-0.0657860845050294,-0.17689719561614,"observed",0.611342247065441,NA,NA,"GO:0034605"
"cellular response to insulin stimulus",0.509440277857907,-0.387581970608599,-0.897022248466506,"observed",0.00388939923030931,"**",NA,"GO:0032869"
"cellular response to ketone",0,-0.513887489117455,-0.513887489117455,"observed",0.0359009292176439,"*",NA,"GO:1901655"
"cellular response to leukemia inhibitory factor",0.111111111111111,-0.222750211286186,-0.333861322397297,"observed",0.317200715737192,NA,NA,"GO:1990830"
"cellular response to oxygen levels",0.111111111111111,-0.591366785235565,-0.702477896346676,"observed",0.0246264854093371,"*",NA,"GO:0071453"
"cellular response to topologically incorrect protein",0.111111111111111,-0.532693118564897,-0.643804229676008,"observed",0.0210121819942234,"*",NA,"GO:0035967"
"cellular senescence",0.111111111111111,-0.710545484541319,-0.82165659565243,"observed",0.0261345722385269,"*",NA,"GO:0090398"
"centrosome localization",0,-0.166666666666666,-0.166666666666666,"observed",0.579203580571243,NA,NA,"GO:0051642"
"ceramide biosynthetic process",0.111111111111111,-0.575038693870757,-0.686149804981869,"observed",0.0077219442817585,"**",NA,"GO:0046513"
"cerebellum development",0.222222222222222,-0.00586577732428317,-0.228087999546505,"observed",0.27655797344796,NA,NA,"GO:0021549"
"cerebral cortex development",0,-0.237110231021386,-0.237110231021386,"observed",0.319234875964828,NA,NA,"GO:0021987"
"chaperone-mediated autophagy",0,-0.11791979160657,-0.11791979160657,"observed",0.378022569239784,NA,NA,"GO:0061684"
"chondrocyte differentiation",0.333333333333333,-0.286896521403108,-0.620229854736441,"observed",0.0464282296131792,"*",NA,"GO:0002062"
"chromatin remodeling",-0.444444444444444,-0.484649737151818,-0.0402052927073738,"observed",0.895925434112644,NA,NA,"GO:0006338"
"chromosome localization",0.287218055635684,-0.500535522429953,-0.787753578065638,"observed",0.0524301070083593,NA,NA,"GO:0050000"
"chromosome segregation",-0.490559722142094,-0.319110584364463,0.17144913777763,"observed",0.532365346036323,NA,NA,"GO:0007059"
"cilium assembly",-0.333333333333333,-0.374263012003336,-0.0409296786700031,"observed",0.88607387561348,NA,NA,"GO:0060271"
"cilium organization",-0.333333333333333,-0.42119720218034,-0.0878638688470067,"observed",0.784159213513544,NA,NA,"GO:0044782"
"circadian regulation of gene expression",0.111111111111111,-0.760773584745413,-0.871884695856525,"observed",0.0011429837891166,"**",NA,"GO:0032922"
"clathrin-dependent endocytosis",0.176106944524573,-0.171574474087797,-0.347681418612371,"observed",0.2827226479285,NA,NA,"GO:0072583"
"connective tissue development",0.111111111111111,-0.427589771215875,-0.538700882326986,"observed",0.107822844524291,NA,NA,"GO:0061448"
"cortical cytoskeleton organization",0,-0.449359785231564,-0.449359785231564,"observed",0.171007845641233,NA,NA,"GO:0030865"
"cytoplasmic translation",0.287218055635684,-0.649627457221735,-0.936845512857419,"observed",0.00302965860761412,"**",NA,"GO:0002181"
"cytoskeleton-dependent cytokinesis",0.176106944524573,-0.635779718339968,-0.811886662864541,"observed",0.0177075446980186,"*",NA,"GO:0061640"
"dephosphorylation",-0.490559722142094,-0.332201508789356,0.158358213352738,"observed",0.502906655013272,NA,NA,"GO:0016311"
"developmental cell growth",0.287218055635684,-0.334876290627737,-0.622094346263421,"observed",0.0389491946943892,"*",NA,"GO:0048588"
"developmental growth involved in morphogenesis",0.731662500080128,-0.250788360770756,-0.982450860850884,"observed",0.00304769260031746,"**",NA,"GO:0060560"
"dicarboxylic acid metabolic process",0.111111111111111,-0.184663846014751,-0.295774957125862,"observed",0.224031798695015,NA,NA,"GO:0043648"
"diol biosynthetic process",0,-0.0833333333333333,-0.0833333333333333,"observed",0.623838066061341,NA,NA,"GO:0034312"
"double-strand break repair",0.222222222222222,-0.222736271395541,-0.444958493617763,"observed",0.152314160274215,NA,NA,"GO:0006302"
"endoplasmic reticulum calcium ion homeostasis",0,-0.266053756495199,-0.266053756495199,"observed",0.302574424173334,NA,NA,"GO:0032469"
"epigenetic regulation of gene expression",0.111111111111111,-0.435199368444704,-0.546310479555815,"observed",0.00972678405786665,"**",NA,"GO:0040029"
"establishment of epithelial cell apical/basal polarity",0,0.244134222675717,0.244134222675717,"observed",0.315417831363853,NA,NA,"GO:0045198"
"establishment of mitotic spindle localization",0,0.0326931185648967,0.0326931185648967,"observed",0.9082033511843,NA,NA,"GO:0040001"
"establishment of organelle localization",-0.444444444444444,-0.194080340461208,0.250364103983237,"observed",0.395134215484572,NA,NA,"GO:0051656"
"establishment of protein localization to organelle",-0.15722638880876,-0.344791960312495,-0.187565571503734,"observed",0.477503315736295,NA,NA,"GO:0072594"
"establishment of tissue polarity",0.222222222222222,-0.552075892920702,-0.774298115142924,"observed",0.0386769265133713,"*",NA,"GO:0007164"
"establishment or maintenance of cell polarity",-0.333333333333333,-0.255646533812253,0.07768679952108,"observed",0.756514382453106,NA,NA,"GO:0007163"
"establishment or maintenance of epithelial cell apical/basal polarity",0,-0.117919791606571,-0.117919791606571,"observed",0.630243378567075,NA,NA,"GO:0045197"
"execution phase of apoptosis",0,-0.0935713956487945,-0.0935713956487945,"observed",0.724190069557244,NA,NA,"GO:0097194"
"exit from host cell",0.176106944524573,-0.0141604167868593,-0.190267361311433,"observed",0.465398802685828,NA,NA,"GO:0035891"
"face development",0.111111111111111,-0.335812278616171,-0.446923389727282,"observed",0.1506443258304,NA,NA,"GO:0060324"
"fat cell differentiation",0.176106944524573,-0.548365736125613,-0.724472680650186,"observed",0.104054461146088,NA,NA,"GO:0045444"
"fatty acid beta-oxidation",0.111111111111111,-0.351866035111371,-0.462977146222482,"observed",0.0956365685635717,NA,NA,"GO:0006635"
"fibroblast apoptotic process",0,-0.235839583213141,-0.235839583213141,"observed",0.237355005590174,NA,NA,"GO:0044346"
"fibroblast migration",0.222222222222222,-0.240297460114492,-0.462519682336714,"observed",0.229883093114247,NA,NA,"GO:0010761"
"fibroblast proliferation",0,-0.397569087169374,-0.397569087169374,"observed",0.0670314093927436,NA,NA,"GO:0048144"
"glycogen metabolic process",0.111111111111111,-0.317279576838134,-0.428390687949245,"observed",0.133414520908044,NA,NA,"GO:0005977"
"glycosaminoglycan biosynthetic process",0,-0.102401557541323,-0.102401557541323,"observed",0.479141678784775,NA,NA,"GO:0006024"
"glycosyl compound biosynthetic process",0.111111111111111,-0.201253124939904,-0.312364236051015,"observed",0.106730463190618,NA,NA,"GO:1901659"
"glycosylation",0.333333333333333,-0.393388339723838,-0.726721673057171,"observed",0.0201002193645846,"*",NA,"GO:0070085"
"hematopoietic progenitor cell differentiation",0.509440277857907,-0.712299637354723,-1.22173991521263,"observed",0.00537142455961295,"**",NA,"GO:0002244"
"hepatocyte apoptotic process",0.111111111111111,-0.333333333333333,-0.444444444444444,"observed",0.0576119560822898,NA,NA,"GO:0097284"
"heterochromatin formation",0.111111111111111,-0.55952045980551,-0.670631570916621,"observed",0.0242831498505889,"*",NA,"GO:0031507"
"heterocycle catabolic process",-0.555555555555556,-0.336699592333681,0.218855963221875,"observed",0.338193443277034,NA,NA,"GO:0046700"
"histone modification",-0.490559722142094,-0.526209132074359,-0.0356494099322655,"observed",0.898629887697382,NA,NA,"GO:0016570"
"in utero embryonic development",-0.888888888888889,-0.426940920161524,0.461947968727365,"observed",0.00534750593764893,"**","**","GO:0001701"
"inositol phosphate catabolic process",0,0.0833333333333333,0.0833333333333333,"observed",0.674237238166226,NA,NA,"GO:0071545"
"intracellular lipid transport",0.222222222222222,-0.372827599027701,-0.595049821249923,"observed",0.125719338395932,NA,NA,"GO:0032365"
"intraciliary transport",0,-0.11301198418544,-0.11301198418544,"observed",0.656453837510664,NA,NA,"GO:0042073"
"iron-sulfur cluster assembly",0,0.132080208393429,0.132080208393429,"observed",0.577461206468559,NA,NA,"GO:0016226"
"kidney development",-0.232567711599054,-0.254380173291292,-0.021812461692238,"observed",0.950770620778835,NA,NA,"GO:0001822"
"kinetochore organization",0.111111111111111,0.26416041678686,0.153049305675749,"observed",0.598031320498966,NA,NA,"GO:0051383"
"lamellipodium assembly",0.111111111111111,-0.539494265694368,-0.650605376805479,"observed",0.0291362154564725,"*",NA,"GO:0030032"
"lamellipodium morphogenesis",0,0.0629072918469563,0.0629072918469563,"observed",0.83150796696322,NA,NA,"GO:0072673"
"lamellipodium organization",0.111111111111111,-0.312684447322095,-0.423795558433207,"observed",0.0394293819863485,"*",NA,"GO:0097581"
"limb development",0.369103121654151,-0.193603481851203,-0.562706603505354,"observed",0.134175117351751,NA,NA,"GO:0060173"
"lung morphogenesis",0.333333333333333,-0.372827599027702,-0.706160932361035,"observed",0.0383464013767169,"*",NA,"GO:0060425"
"lysosomal lumen acidification",0.111111111111111,0.38208020839343,0.270969097282319,"observed",0.268647732003797,NA,NA,"GO:0007042"
"lysosomal protein catabolic process",0,0.0141604167868592,0.0141604167868592,"observed",0.953352787613356,NA,NA,"GO:1905146"
"mRNA export from nucleus",0,-0.540987758027473,-0.540987758027473,"observed",0.0383276236208685,"*",NA,"GO:0006406"
"macroautophagy",-0.111111111111111,0.176996762143945,0.288107873255056,"observed",0.249550903060011,NA,NA,"GO:0016236"
"macromolecule deacylation",0.333333333333333,-0.803939877339741,-1.13727321067307,"observed",0.0020589696560008,"**",NA,"GO:0098732"
"macromolecule glycosylation",0.222222222222222,-0.331319829110501,-0.553542051332723,"observed",0.0377192510866769,"*",NA,"GO:0043413"
"maintenance of cell number",0.398329166746796,-0.41894223857,-0.817271405316796,"observed",0.00545898902301811,"**",NA,"GO:0098727"
"maintenance of protein location",0.111111111111111,-0.716907034059869,-0.82801814517098,"observed",0.0266506507734318,"*",NA,"GO:0045185"
"maintenance of protein location in cell",0,-0.677440251412081,-0.677440251412081,"observed",0.0176163316498091,"*",NA,"GO:0032507"
"mammary gland epithelial cell proliferation",0,-0.149091934791782,-0.149091934791782,"observed",0.463896263863968,NA,NA,"GO:0033598"
"melanosome localization",0.111111111111111,-0.416666666666667,-0.527777777777778,"observed",0.0282649067438696,"*",NA,"GO:0032400"
"membrane assembly",0.287218055635684,-0.54346670331031,-0.830684758945995,"observed",0.00705989113982883,"**",NA,"GO:0071709"
"membrane biogenesis",0.287218055635684,-0.524934001532273,-0.812152057167958,"observed",0.00485520348336889,"**",NA,"GO:0044091"
"membrane docking",0.287218055635684,0.176904728982128,-0.110313326653556,"observed",0.746992513010705,NA,NA,"GO:0022406"
"membrane fission",0,0.146240625180289,0.146240625180289,"observed",0.592848339996041,NA,NA,"GO:0090148"
"membrane protein proteolysis",0.111111111111111,-0.069172916546474,-0.180284027657585,"observed",0.353618475465793,NA,NA,"GO:0033619"
"mesenchymal cell differentiation",0.111111111111111,-0.157337498954171,-0.268448610065282,"observed",0.387436034172203,NA,NA,"GO:0048762"
"metallo-sulfur cluster assembly",0,0.132080208393429,0.132080208393429,"observed",0.577461206468559,NA,NA,"GO:0031163"
"methylation",0.129991666826924,-0.748225459300082,-0.878217126127006,"observed",0.00255437172948491,"**",NA,"GO:0032259"
"miRNA processing",0.398329166746796,-0.302133707101542,-0.700462873848338,"observed",0.0804350240224947,NA,NA,"GO:0035196"
"microtubule cytoskeleton organization involved in mitosis",0.176106944524573,-0.222772811384152,-0.398879755908725,"observed",0.215808327063551,NA,NA,"GO:1902850"
"microtubule depolymerization",0,-0.259252609365729,-0.259252609365729,"observed",0.107045070760422,NA,NA,"GO:0007019"
"microtubule organizing center localization",0,-0.166666666666666,-0.166666666666666,"observed",0.579203580571243,NA,NA,"GO:0061842"
"microtubule polymerization",0.111111111111111,-0.307041514522673,-0.418152625633784,"observed",0.158971011184342,NA,NA,"GO:0046785"
"microvillus assembly",0,0.146240625180289,0.146240625180289,"observed",0.504857714322235,NA,NA,"GO:0030033"
"mitochondrial gene expression",0.111111111111111,-0.383350856201675,-0.494461967312786,"observed",0.0940004260391373,NA,NA,"GO:0140053"
"mitochondrial genome maintenance",0,-0.0487468750600963,-0.0487468750600963,"observed",0.752415599288077,NA,NA,"GO:0000002"
"mitochondrial membrane organization",0,-0.366561974328182,-0.366561974328182,"observed",0.210751957557565,NA,NA,"GO:0007006"
"mitochondrial respiratory chain complex assembly",0.111111111111111,-0.166666666666667,-0.277777777777778,"observed",0.226341264388586,NA,NA,"GO:0033108"
"mitochondrial transmembrane transport",0,-0.171011468611265,-0.171011468611265,"observed",0.437470580813965,NA,NA,"GO:1990542"
"mitochondrial transport",0,-0.352401557541323,-0.352401557541323,"observed",0.119197122981197,NA,NA,"GO:0006839"
"mitochondrion localization",0,-0.32557421630071,-0.32557421630071,"observed",0.237759551417561,NA,NA,"GO:0051646"
"mitochondrion morphogenesis",0,-0.347493750120193,-0.347493750120193,"observed",0.138162537332761,NA,NA,"GO:0070584"
"mitotic cell cycle phase transition",-0.601670833253205,-0.416349165589433,0.185321667663772,"observed",0.453704089584808,NA,NA,"GO:0044772"
"monosaccharide metabolic process",0.222222222222223,-0.402338666130859,-0.624560888353082,"observed",0.0843192217136711,NA,NA,"GO:0005996"
"morphogenesis of a branching structure",0.398329166746795,-0.206200251241476,-0.604529417988271,"observed",0.0878545473862953,NA,NA,"GO:0001763"
"morphogenesis of a polarized epithelium",0.222222222222222,-0.217085012755201,-0.439307234977423,"observed",0.121295061095547,NA,NA,"GO:0001738"
"movement in host",0.398329166746796,-0.141476613511283,-0.539805780258079,"observed",0.102031232555187,NA,NA,"GO:0044000"
"mucopolysaccharide metabolic process",0.352213889049147,0.0518494880879875,-0.300364400961159,"observed",0.279884990624574,NA,NA,"GO:1903510"
"multicellular organism growth",0.222222222222222,-0.286994704002882,-0.509216926225104,"observed",0.0564833597563197,NA,NA,"GO:0035264"
"muscle cell differentiation",-0.268337499919872,-0.473183338896435,-0.204845838976563,"observed",0.575874597495976,NA,NA,"GO:0042692"
"myeloid cell homeostasis",0.555555555555556,-0.659794819984002,-1.21535037553956,"observed",0.00123498725804964,"**",NA,"GO:0002262"
"ncRNA processing",-0.0922305553952982,-0.217946831735694,-0.125716276340395,"observed",0.757021540330546,NA,NA,"GO:0034470"
"negative regulation of catabolic process",-0.222222222222222,-0.488181275881291,-0.265959053659069,"observed",0.248259512053204,NA,NA,"GO:0009895"
"negative regulation of cell projection organization",0.222222222222222,-0.283216373805742,-0.505438596027964,"observed",0.0827906542425942,NA,NA,"GO:0031345"
"negative regulation of cysteine-type endopeptidase activity involved in apoptotic process",0.222222222222222,-0.494134222675717,-0.716356444897939,"observed",0.0343454902234005,"*",NA,"GO:0043154"
"negative regulation of growth",0.265813046975417,-0.151321246011935,-0.417134292987353,"observed",0.371676764718464,NA,NA,"GO:0045926"
"negative regulation of mitotic nuclear division",0.333333333333333,-0.581975516054945,-0.915308849388279,"observed",0.00816218024615727,"**",NA,"GO:0045839"
"negative regulation of phosphorus metabolic process",-0.0753413227902933,-0.234206090745797,-0.158864767955504,"observed",0.671167909638573,NA,NA,"GO:0010563"
"negative regulation of transferase activity",-0.0461152776976493,-0.196297941598417,-0.150182663900768,"observed",0.665892023323141,NA,NA,"GO:0051348"
"neural tube formation",0.434098955067613,-0.286673287217135,-0.720772242284749,"observed",0.0437746221986224,"*",NA,"GO:0001841"
"neuron apoptotic process",-0.111111111111111,-0.0497912874539616,0.0613198236571495,"observed",0.808558475427833,NA,NA,"GO:0051402"
"neuron death",-0.444444444444444,-0.125888693393565,0.318555751050879,"observed",0.219590113977243,NA,NA,"GO:0070997"
"neuron projection extension",0.509440277857906,-0.193455664871796,-0.702895942729703,"observed",0.00945765452551548,"**",NA,"GO:1990138"
"neuron projection organization",0.222222222222222,-0.0745887633509773,-0.2968109855732,"observed",0.187080583215114,NA,NA,"GO:0106027"
"neurotransmitter secretion",0.287218055635684,-0.0741430743012563,-0.361361129936941,"observed",0.249193983805809,NA,NA,"GO:0007269"
"neurotrophin signaling pathway",0,-0.28512198070319,-0.28512198070319,"observed",0.225486991223637,NA,NA,"GO:0038179"
"non-membrane-bounded organelle assembly",-0.555555555555556,-0.347840060509821,0.207715495045735,"observed",0.519447924450924,NA,NA,"GO:0140694"
"nuclear chromosome segregation",-0.0461152776976493,-0.368183004550364,-0.322067726852714,"observed",0.245428283692092,NA,NA,"GO:0098813"
"nuclear envelope organization",0,-0.487333075546246,-0.487333075546246,"observed",0.0320128771320236,"*",NA,"GO:0006998"
"nuclear migration",0,-0.38208020839343,-0.38208020839343,"observed",0.111699587442459,NA,NA,"GO:0007097"
"nuclear transport",0.222222222222222,-0.450511971349704,-0.672734193571926,"observed",0.0789297630859181,NA,NA,"GO:0051169"
"nuclear-transcribed mRNA catabolic process",0.222222222222222,-0.641645495664251,-0.863867717886473,"observed",0.00133894589795549,"**",NA,"GO:0000956"
"nucleic acid transport",0.111111111111111,-0.588019272074562,-0.699130383185673,"observed",0.0077553280637218,"**",NA,"GO:0050657"
"nucleocytoplasmic transport",0.222222222222222,-0.450511971349704,-0.672734193571926,"observed",0.0789297630859181,NA,NA,"GO:0006913"
"nucleosome assembly",0,0.195972953190118,0.195972953190118,"observed",0.517953956492448,NA,NA,"GO:0006334"
"nucleosome organization",0,-0.144434454942091,-0.144434454942091,"observed",0.572513901876301,NA,NA,"GO:0034728"
"nucleotide catabolic process",0,-0.00338683204144516,-0.00338683204144516,"observed",0.989450834333692,NA,NA,"GO:0009166"
"nucleus organization",0.111111111111111,-0.674931950839941,-0.786043061951052,"observed",0.000219788200122936,"***",NA,"GO:0006997"
"oligosaccharide-lipid intermediate biosynthetic process",0,0.034586458273237,0.034586458273237,"observed",0.885951173079645,NA,NA,"GO:0006490"
"organelle fission",-0.333333333333333,-0.357669162321366,-0.0243358289880329,"observed",0.946262714641968,NA,NA,"GO:0048285"
"organelle fusion",0.574436111271369,-0.387945985717713,-0.962382096989082,"observed",0.0229029322841814,"*",NA,"GO:0048284"
"organelle inheritance",0,0.166666666666667,0.166666666666667,"observed",0.438205899337658,NA,NA,"GO:0048308"
"organelle localization by membrane tethering",0.287218055635684,0.00735926965738936,-0.279858785978295,"observed",0.416940051589432,NA,NA,"GO:0140056"
"organophosphate catabolic process",0.222222222222222,-0.276456849154681,-0.498679071376903,"observed",0.0700329824414271,NA,NA,"GO:0046434"
"ossification",-0.243627230882489,-0.343614561460064,-0.0999873305775755,"observed",0.797867987860497,NA,NA,"GO:0001503"
"osteoblast differentiation",0.0897061024508445,-0.331182209787218,-0.420888312238063,"observed",0.338006475296352,NA,NA,"GO:0001649"
"oxidative phosphorylation",0.111111111111111,-0.17253244399095,-0.283643555102061,"observed",0.235570696757888,NA,NA,"GO:0006119"
"pentose-phosphate shunt",0,0.034586458273237,0.034586458273237,"observed",0.875680201051305,NA,NA,"GO:0006098"
"peptidyl-lysine modification",-0.333333333333333,-0.394684865821411,-0.061351532488078,"observed",0.829573650143602,NA,NA,"GO:0018205"
"peroxisome organization",0,0.298746875060096,0.298746875060096,"observed",0.0854655258976801,NA,NA,"GO:0007031"
"phospholipid biosynthetic process",0.222222222222222,-0.283570674189244,-0.505792896411467,"observed",0.044414726067655,"*",NA,"GO:0008654"
"pigmentation",0.287218055635684,-0.4040394924486,-0.691257548084285,"observed",0.0242197789311124,"*",NA,"GO:0043473"
"placenta development",0.111111111111111,-0.376937816338378,-0.488048927449489,"observed",0.0763353460487793,NA,NA,"GO:0001890"
"plasma membrane tubulation",0,0.624321091360806,0.624321091360806,"observed",0.00402080144797751,"**",NA,"GO:0097320"
"platelet dense granule organization",0,-0.0487468750600963,-0.0487468750600963,"observed",0.836203120062231,NA,NA,"GO:0060155"
"platelet-derived growth factor receptor signaling pathway",0,-0.307577036952626,-0.307577036952626,"observed",0.210043827105967,NA,NA,"GO:0048008"
"pore complex assembly",0,0.166666666666667,0.166666666666667,"observed",0.305984498818101,NA,NA,"GO:0046931"
"positive regulation by host of viral process",0.176106944524573,-0.25,-0.426106944524574,"observed",0.117013613024533,NA,NA,"GO:0044794"
"positive regulation of amide metabolic process",0.222222222222222,-0.883815679078433,-1.10603790130066,"observed",0.000971893916236688,"***",NA,"GO:0034250"
"positive regulation of cartilage development",0.222222222222222,-0.180291561023573,-0.402513783245796,"observed",0.255145983725523,NA,NA,"GO:0061036"
"positive regulation of cell projection organization",-0.777777777777778,-0.284547398600466,0.493230379177312,"observed",0.0185995735290476,"*",NA,"GO:0031346"
"positive regulation of epithelial cell migration",0.545210066178724,-0.0814587020657439,-0.626668768244468,"observed",0.0766357918308527,NA,NA,"GO:0010634"
"positive regulation of establishment of protein localization",0.0188805557158133,-0.492240882967377,-0.51112143868319,"observed",0.261468713574507,NA,NA,"GO:1904951"
"positive regulation of growth",0.352213889049146,-0.595365656359598,-0.947579545408744,"observed",0.00183246779942522,"**",NA,"GO:0045927"
"positive regulation of kinase activity",0.0247102690373833,-0.23374426075265,-0.258454529790033,"observed",0.402117946153993,NA,NA,"GO:0033674"
"positive regulation of mitochondrial fission",0,0.173067966420903,0.173067966420903,"observed",0.454738414468725,NA,NA,"GO:0090141"
"positive regulation of mitotic cell cycle",0.111111111111111,-0.66260705958058,-0.773718170691692,"observed",0.023169703251492,"*",NA,"GO:0045931"
"positive regulation of neuron migration",0,0,0,"observed",1,NA,NA,"GO:2001224"
"positive regulation of protein autophosphorylation",0.222222222222222,-0.117919791606571,-0.340142013828793,"observed",0.337210311250905,NA,NA,"GO:0031954"
"positive regulation of protein localization",-0.425563888728632,-0.511460992796541,-0.0858971040679095,"observed",0.779138346561088,NA,NA,"GO:1903829"
"positive regulation of viral process",0.111111111111111,-0.259252609365729,-0.37036372047684,"observed",0.208460206091784,NA,NA,"GO:0048524"
"postsynapse organization",0.111111111111111,-0.409199948448805,-0.520311059559916,"observed",0.0915470069580147,NA,NA,"GO:0099173"
"presynaptic endocytosis",0.176106944524573,-0.388881355522901,-0.564988300047474,"observed",0.0737910354609312,NA,NA,"GO:0140238"
"proteasome-mediated ubiquitin-dependent protein catabolic process",-0.712781944364316,-0.437036423070472,0.275745521293844,"observed",0.290799958210609,NA,NA,"GO:0043161"
"protein folding",0,-0.200168235330921,-0.200168235330921,"observed",0.235520253344175,NA,NA,"GO:0006457"
"protein glycosylation",0.222222222222222,-0.331319829110501,-0.553542051332723,"observed",0.0377192510866769,"*",NA,"GO:0006486"
"protein localization to nucleus",0.111111111111111,-0.476896344170864,-0.588007455281975,"observed",0.152516828687204,NA,NA,"GO:0034504"
"protein localization to plasma membrane",-0.490559722142094,-0.188317807717994,0.3022419144241,"observed",0.248393640626112,NA,NA,"GO:0072659"
"protein maturation",-0.186452433901404,-0.501088771486741,-0.314636337585336,"observed",0.356717472541077,NA,NA,"GO:0051604"
"protein neddylation",0,-0.0925859426990623,-0.0925859426990623,"observed",0.625768010946521,NA,NA,"GO:0045116"
"protein polyubiquitination",0.287218055635684,-0.301529510501845,-0.588747566137529,"observed",0.0202249125010865,"*",NA,"GO:0000209"
"protein targeting",-0.333333333333333,-0.453798917966988,-0.120465584633655,"observed",0.577016689123245,NA,NA,"GO:0006605"
"protein transport to vacuole involved in ubiquitin-dependent protein catabolic process via the multivesicular body sorting pathway",0,0.25,0.25,"observed",0.0818642311656944,NA,NA,"GO:0043328"
"protein-DNA complex assembly",0.222222222222222,0.0525452945858381,-0.169676927636384,"observed",0.498840154001035,NA,NA,"GO:0065004"
"protein-DNA complex subunit organization",0.222222222222222,-0.0030741541363532,-0.225296376358575,"observed",0.361363374111869,NA,NA,"GO:0071824"
"protein-containing complex localization",0.176106944524573,-0.286059334197693,-0.462166278722267,"observed",0.115528724037359,NA,NA,"GO:0031503"
"proton transmembrane transport",0.111111111111111,-0.393761679897451,-0.504872791008562,"observed",0.0377433806329708,"*",NA,"GO:1902600"
"pteridine-containing compound metabolic process",0,-0.0487468750600963,-0.0487468750600963,"observed",0.857914647919455,NA,NA,"GO:0042558"
"pyruvate metabolic process",0,-0.415771047097166,-0.415771047097166,"observed",0.0477053421189701,"*",NA,"GO:0006090"
"quinone biosynthetic process",0.111111111111111,-0.0833333333333333,-0.194444444444444,"observed",0.180749758401168,NA,NA,"GO:1901663"
"rRNA metabolic process",0.222222222222222,-0.0398508870855035,-0.262073109307726,"observed",0.136382282727155,NA,NA,"GO:0016072"
"receptor metabolic process",0.398329166746796,-0.524398479102321,-0.922727645849117,"observed",0.00875236667063845,"**",NA,"GO:0043112"
"regulation of ATP metabolic process",0,-0.00437228499117784,-0.00437228499117784,"observed",0.986115970409046,NA,NA,"GO:1903578"
"regulation of DNA repair",0.444444444444444,-0.426947025712352,-0.871391470156796,"observed",0.030576851018481,"*",NA,"GO:0006282"
"regulation of DNA replication",0,-0.956474586111085,-0.956474586111085,"observed",0.00679861998971034,"**",NA,"GO:0006275"
"regulation of G0 to G1 transition",0.111111111111111,-0.174961306129243,-0.286072417240354,"observed",0.25822633628368,NA,NA,"GO:0070316"
"regulation of GTPase activity",-0.15722638880876,-0.273551685967479,-0.116325297158718,"observed",0.724122149522647,NA,NA,"GO:0043087"
"regulation of Golgi organization",0,-0.11791979160657,-0.11791979160657,"observed",0.520967202042236,NA,NA,"GO:1903358"
"regulation of actin filament organization",0,-0.390782415318777,-0.390782415318777,"observed",0.174707372706353,NA,NA,"GO:0110053"
"regulation of actin filament-based process",-0.398329166746795,-0.384160170246454,0.0141689965003406,"observed",0.942759633010203,NA,NA,"GO:0032970"
"regulation of anatomical structure size",-0.15722638880876,-0.373797926908635,-0.216571538099874,"observed",0.530262414877144,NA,NA,"GO:0090066"
"regulation of apoptotic signaling pathway",-0.268337499919872,-0.310543473660816,-0.0422059737409441,"observed",0.908584424449246,NA,NA,"GO:2001233"
"regulation of autophagy",-0.222222222222222,-0.173865910229312,0.0483563119929098,"observed",0.861964041235952,NA,NA,"GO:0010506"
"regulation of axonogenesis",0.268337499919872,-0.294771203818453,-0.563108703738324,"observed",0.0726685278969718,NA,NA,"GO:0050770"
"regulation of binding",0.129991666826924,-0.31406795203731,-0.444059618864233,"observed",0.145050299622708,NA,NA,"GO:0051098"
"regulation of carbohydrate metabolic process",0.287218055635684,-0.0466846531987892,-0.333902708834474,"observed",0.195726083299461,NA,NA,"GO:0006109"
"regulation of cell cycle phase transition",-0.444444444444444,-0.42849029239522,0.0159541520492243,"observed",0.948254580338645,NA,NA,"GO:1901987"
"regulation of cell growth",-0.19751195318484,-0.24373125217401,-0.0462192989891708,"observed",0.884576481038104,NA,NA,"GO:0001558"
"regulation of cell morphogenesis",-0.0922305553952987,-0.288289371942345,-0.196058816547046,"observed",0.505154553635017,NA,NA,"GO:0022604"
"regulation of cell projection assembly",0.222222222222222,-0.308311017067625,-0.530533239289847,"observed",0.0231052998879674,"*",NA,"GO:0060491"
"regulation of cell-substrate adhesion",0.398329166746796,-0.114107879453439,-0.512437046200234,"observed",0.16038774342597,NA,NA,"GO:0010810"
"regulation of cell-substrate junction assembly",0.111111111111111,-0.235439735837906,-0.346550846949017,"observed",0.161968631575651,NA,NA,"GO:0090109"
"regulation of cell-substrate junction organization",0.111111111111111,-0.240992835257096,-0.352103946368207,"observed",0.157676812763469,NA,NA,"GO:0150116"
"regulation of cellular component size",-0.249456944204059,-0.41925054502322,-0.169793600819161,"observed",0.558619032980891,NA,NA,"GO:0032535"
"regulation of cellular response to oxidative stress",0.111111111111111,-1.00301446771279,-1.1141255788239,"observed",0.00441580137442836,"**",NA,"GO:1900407"
"regulation of chromatin organization",0,-0.36791979160657,-0.36791979160657,"observed",0.242610551807026,NA,NA,"GO:1902275"
"regulation of chromosome organization",0.333333333333333,-0.421979935512761,-0.755313268846095,"observed",0.00265842732153879,"**",NA,"GO:0033044"
"regulation of chromosome segregation",0.222222222222222,-0.390152003331145,-0.612374225553367,"observed",0.0271208834691058,"*",NA,"GO:0051983"
"regulation of cysteine-type endopeptidase activity involved in apoptotic process",0.222222222222222,-0.138168830242574,-0.360391052464796,"observed",0.131137738476101,NA,NA,"GO:0043281"
"regulation of cytokinesis",0,-0.199759632606798,-0.199759632606798,"observed",0.441147366919002,NA,NA,"GO:0032465"
"regulation of defense response to virus",0.111111111111111,0.0321075129903993,-0.0790035981207118,"observed",0.695031969657929,NA,NA,"GO:0050688"
"regulation of dephosphorylation",0.333333333333333,-0.179676600159773,-0.513009933493107,"observed",0.0318230886527786,"*",NA,"GO:0035303"
"regulation of developmental growth",0.417209722462608,-0.209661883620105,-0.626871606082713,"observed",0.0467990752998628,"*",NA,"GO:0048638"
"regulation of embryonic development",0.111111111111111,-0.264160416786859,-0.37527152789797,"observed",0.185654422657686,NA,NA,"GO:0045995"
"regulation of endocytosis",0.463325000160257,-0.431794472458105,-0.895119472618362,"observed",0.00562238480686554,"**",NA,"GO:0030100"
"regulation of extracellular matrix organization",0.222222222222222,-0.0801693458167487,-0.302391568038971,"observed",0.345433028603717,NA,NA,"GO:1903053"
"regulation of fibroblast migration",0.176106944524573,-0.175919276032396,-0.352026220556969,"observed",0.282222089645362,NA,NA,"GO:0010762"
"regulation of fibroblast proliferation",0,-0.359595796854692,-0.359595796854692,"observed",0.129342703110235,NA,NA,"GO:0048145"
"regulation of focal adhesion assembly",0.111111111111111,-0.235439735837906,-0.346550846949017,"observed",0.161968631575651,NA,NA,"GO:0051893"
"regulation of gene silencing by RNA",0.333333333333333,-0.00925260936572901,-0.342585942699062,"observed",0.279171862553726,NA,NA,"GO:0060966"
"regulation of generation of precursor metabolites and energy",0,-0.379913941015685,-0.379913941015685,"observed",0.131981642740374,NA,NA,"GO:0043467"
"regulation of intracellular protein transport",0.444444444444444,-0.424093169606322,-0.868537614050766,"observed",0.028887715834525,"*",NA,"GO:0033157"
"regulation of intracellular steroid hormone receptor signaling pathway",0,-0.273812873527823,-0.273812873527823,"observed",0.268075638853025,NA,NA,"GO:0033143"
"regulation of intracellular transport",0.287218055635684,-0.257661742173337,-0.544879797809021,"observed",0.176721863325319,NA,NA,"GO:0032386"
"regulation of membrane permeability",0,-0.42253244399095,-0.42253244399095,"observed",0.232448475731564,NA,NA,"GO:0090559"
"regulation of microtubule cytoskeleton organization",0.111111111111111,-0.608882295729407,-0.719993406840518,"observed",0.0102222354026427,"*",NA,"GO:0070507"
"regulation of microtubule depolymerization",0,-0.479573958513623,-0.479573958513623,"observed",0.0218928129728945,"*",NA,"GO:0031114"
"regulation of microtubule polymerization",0.111111111111111,-0.505865777324284,-0.616976888435395,"observed",0.00587965856063814,"**",NA,"GO:0031113"
"regulation of microtubule-based process",0.222222222222222,-0.430222886853829,-0.652445109076051,"observed",0.0035853838231704,"**",NA,"GO:0032886"
"regulation of mitochondrial membrane permeability",0,-0.408907549634044,-0.408907549634044,"observed",0.204790543410352,NA,NA,"GO:0046902"
"regulation of mitochondrial membrane potential",0,0.199359785231564,0.199359785231564,"observed",0.407405506323858,NA,NA,"GO:0051881"
"regulation of ncRNA transcription",0.111111111111111,0.13208020839343,0.0209690972823185,"observed",0.939632449492857,NA,NA,"GO:0140747"
"regulation of nervous system development",-0.444444444444444,-0.429638005504719,0.0148064389397254,"observed",0.960003746440752,NA,NA,"GO:0051960"
"regulation of neurogenesis",-0.379448611030983,-0.448851939563237,-0.0694033285322547,"observed",0.824015741560412,NA,NA,"GO:0050767"
"regulation of neuron apoptotic process",0,0.0437586533601606,0.0437586533601606,"observed",0.773490597265266,NA,NA,"GO:0043523"
"regulation of neuron death",-0.379448611030983,-0.0675971035841688,0.311851507446814,"observed",0.223144860061992,NA,NA,"GO:1901214"
"regulation of neuron projection development",-0.574436111271368,-0.24339844387503,0.331037667396339,"observed",0.213489535125481,NA,NA,"GO:0010975"
"regulation of oxidative stress-induced cell death",0.111111111111111,-0.95765442469414,-1.06876553580525,"observed",0.00397691535396472,"**",NA,"GO:1903201"
"regulation of protein catabolic process",-0.712781944364316,-0.376571769660257,0.336210174704059,"observed",0.171537936247089,NA,NA,"GO:0042176"
"regulation of protein dephosphorylation",0.222222222222222,-0.328961048342155,-0.551183270564377,"observed",0.069290149884192,NA,NA,"GO:0035304"
"regulation of protein modification by small protein conjugation or removal",0,-0.629378418585731,-0.629378418585731,"observed",0.00354520518250714,"**",NA,"GO:1903320"
"regulation of protein stability",0.444444444444444,-0.165055556313607,-0.609500000758051,"observed",0.0122642853657865,"*",NA,"GO:0031647"
"regulation of protein-containing complex assembly",-0.268337499919872,-0.340480241865036,-0.0721427419451646,"observed",0.803446459238973,NA,NA,"GO:0043254"
"regulation of response to DNA damage stimulus",0.222222222222222,-0.622643463349185,-0.844865685571407,"observed",0.0281857304630353,"*",NA,"GO:2001020"
"regulation of response to oxidative stress",0.111111111111111,-0.993734375300482,-1.10484548641159,"observed",0.00480771597834049,"**",NA,"GO:1902882"
"regulation of stem cell differentiation",0.287218055635684,-0.469113051673301,-0.756331107308985,"observed",0.0118575895534105,"*",NA,"GO:2000736"
"regulation of stem cell population maintenance",0.111111111111111,-0.106188236958004,-0.217299348069115,"observed",0.355689994906156,NA,NA,"GO:2000036"
"regulation of sulfur metabolic process",0,0.26416041678686,0.26416041678686,"observed",0.108402067444816,NA,NA,"GO:0042762"
"regulation of supramolecular fiber organization",-0.444444444444444,-0.428789329809814,0.0156551146346301,"observed",0.944878090905259,NA,NA,"GO:1902903"
"regulation of translational fidelity",0,0.0833333333333333,0.0833333333333333,"observed",0.674237238166226,NA,NA,"GO:0006450"
"regulation of type I interferon-mediated signaling pathway",0,-0.404535264642865,-0.404535264642865,"observed",0.142150602070664,NA,NA,"GO:0060338"
"regulation of ubiquitin-protein transferase activity",0,-0.44349400790728,-0.44349400790728,"observed",0.0486163617362568,"*",NA,"GO:0051438"
"regulation of vacuole organization",0.111111111111111,0.408907549634044,0.297796438522932,"observed",0.298971476319961,NA,NA,"GO:0044088"
"release of cytochrome c from mitochondria",0,-0.209547764402479,-0.209547764402479,"observed",0.400304414292255,NA,NA,"GO:0001836"
"respiratory system development",0.146880899431929,-0.548667436626249,-0.695548336058178,"observed",0.101578584756977,NA,NA,"GO:0060541"
"response to UV",0.222222222222222,-0.61535367685359,-0.837575899075812,"observed",0.00632154253617983,"**",NA,"GO:0009411"
"response to amino acid",0.111111111111111,-0.55464013543096,-0.665751246542071,"observed",0.0135569639842136,"*",NA,"GO:0043200"
"response to amino acid starvation",0,-0.360160674573947,-0.360160674573947,"observed",0.255453822903552,NA,NA,"GO:1990928"
"response to arsenic-containing substance",0.287218055635684,-0.32066640887958,-0.607884464515264,"observed",0.0774088245305451,NA,NA,"GO:0046685"
"response to endoplasmic reticulum stress",0,-0.45704410203511,-0.45704410203511,"observed",0.058270212895824,NA,NA,"GO:0034976"
"response to epidermal growth factor",0,-0.465413541726763,-0.465413541726763,"observed",0.0486751762615557,"*",NA,"GO:0070849"
"response to fluid shear stress",0.111111111111111,-0.139839325426053,-0.250950436537164,"observed",0.183010557401569,NA,NA,"GO:0034405"
"response to hydrogen peroxide",0.333333333333333,-0.249970644710698,-0.583303978044031,"observed",0.0406561311355285,"*",NA,"GO:0042542"
"response to insulin",0.176106944524573,-0.434076368197532,-0.610183312722105,"observed",0.0349964760239079,"*",NA,"GO:0032868"
"response to ionizing radiation",0.111111111111111,-0.333664075183579,-0.44477518629469,"observed",0.082092178510148,NA,NA,"GO:0010212"
"response to leukemia inhibitory factor",0.111111111111111,-0.0892388608933043,-0.200349972004415,"observed",0.466186307712588,NA,NA,"GO:1990823"
"response to oxidative stress",-0.379448611030983,-0.573364727656261,-0.193916116625278,"observed",0.454826853612817,NA,NA,"GO:0006979"
"response to oxygen levels",-0.555555555555556,-0.558920145809625,-0.00336459025406977,"observed",0.989857337287521,NA,NA,"GO:0070482"
"response to topologically incorrect protein",0.111111111111111,-0.414088284724579,-0.52519939583569,"observed",0.0431174427167363,"*",NA,"GO:0035966"
"ribonucleoprotein complex assembly",0.398329166746796,-0.65365673317356,-1.05198589992036,"observed",0.000968455857256703,"***",NA,"GO:0022618"
"ribonucleoprotein complex biogenesis",-0.268337499919872,-0.34619463038252,-0.0778571304626489,"observed",0.786979851818081,NA,NA,"GO:0022613"
"ribonucleoprotein complex subunit organization",0.509440277857907,-0.680827083453526,-1.19026736131143,"observed",0.000433511033555288,"***","***","GO:0071826"
"ribonucleotide biosynthetic process",0.509440277857907,-0.377890062189861,-0.887330340047768,"observed",0.0137047703762082,"*",NA,"GO:0009260"
"ribose phosphate biosynthetic process",0.509440277857907,-0.368657542152735,-0.878097820010642,"observed",0.0145939951439391,"*",NA,"GO:0046390"
"ribosomal subunit export from nucleus",0,0.333333333333333,0.333333333333333,"observed",0.166086813518296,NA,NA,"GO:0000054"
"ribosome assembly",0,-0.289494265694368,-0.289494265694368,"observed",0.25843961648386,NA,NA,"GO:0042255"
"ribosome localization",0,0.333333333333333,0.333333333333333,"observed",0.166086813518296,NA,NA,"GO:0033750"
"roof of mouth development",0,-0.336105204510978,-0.336105204510978,"observed",0.145340305482632,NA,NA,"GO:0060021"
"ruffle assembly",0.111111111111111,-0.160800889342384,-0.271912000453495,"observed",0.438143562694447,NA,NA,"GO:0097178"
"ruffle organization",0.111111111111111,-0.0293062865234512,-0.140417397634562,"observed",0.520500045008282,NA,NA,"GO:0031529"
"seminiferous tubule development",0.111111111111111,0.215413541726763,0.104302430615652,"observed",0.612860314949266,NA,NA,"GO:0072520"
"signal release from synapse",0.287218055635684,-0.0741430743012563,-0.361361129936941,"observed",0.249193983805809,NA,NA,"GO:0099643"
"sister chromatid segregation",0.222222222222222,-0.297485669731902,-0.519707891954125,"observed",0.0382835736497796,"*",NA,"GO:0000819"
"small GTPase mediated signal transduction",-0.492551045252902,-0.22807386763034,0.264477177622561,"observed",0.380732086407484,NA,NA,"GO:0007264"
"small molecule catabolic process",-0.222222222222222,-0.586357515771735,-0.364135293549513,"observed",0.182836499128877,NA,NA,"GO:0044282"
"spindle localization",0.111111111111111,-0.270426041486378,-0.38153715259749,"observed",0.175600975565022,NA,NA,"GO:0051653"
"stem cell differentiation",0.398329166746795,-0.219797112093132,-0.618126278839927,"observed",0.0823814006391679,NA,NA,"GO:0048863"
"stem cell population maintenance",0.398329166746796,-0.484650229803857,-0.882979396550653,"observed",0.00352948022448465,"**",NA,"GO:0019827"
"substantia nigra development",0.176106944524573,-0.0789610483421557,-0.255067992866729,"observed",0.366688755572178,NA,NA,"GO:0021762"
"substrate adhesion-dependent cell spreading",0.333333333333333,0.236515359486188,-0.0968179738471457,"observed",0.664483774065245,NA,NA,"GO:0034446"
"sulfur amino acid biosynthetic process",0,0,0,"observed",1,NA,NA,"GO:0000097"
"sulfur amino acid metabolic process",0.111111111111111,-0.180827083453526,-0.291938194564637,"observed",0.219853745548487,NA,NA,"GO:0000096"
"sulfur compound metabolic process",0.352213889049146,-0.29862836880433,-0.650842257853476,"observed",0.037682467485362,"*",NA,"GO:0006790"
"suppression of viral release by host",0,-0.0833333333333333,-0.0833333333333333,"observed",0.586299306920674,NA,NA,"GO:0044790"
"telomerase RNA localization to Cajal body",0,0.0487468750600967,0.0487468750600967,"observed",0.81537377821159,NA,NA,"GO:0090671"
"telomere maintenance",0.333333333333333,-0.354315625104906,-0.687648958438239,"observed",0.00543992434784093,"**",NA,"GO:0000723"
"telomere organization",0.333333333333333,-0.167498674047718,-0.500832007381052,"observed",0.04644414203407,"*",NA,"GO:0032200"
"trabecula morphogenesis",0.222222222222222,-0.347493750120192,-0.569715972342415,"observed",0.075379035589316,NA,NA,"GO:0061383"
"tube closure",0.369103121654151,-0.314428267226641,-0.683531388880792,"observed",0.0420447065705239,"*",NA,"GO:0060606"
"ubiquinone biosynthetic process",0.111111111111111,-0.0833333333333333,-0.194444444444444,"observed",0.180749758401168,NA,NA,"GO:0006744"
"ubiquinone metabolic process",0.111111111111111,0.0141604167868593,-0.0969506943242518,"observed",0.547878486237653,NA,NA,"GO:0006743"
"ubiquitin recycling",0,-0.0833333333333333,-0.0833333333333333,"observed",0.338800696196202,NA,NA,"GO:0010992"
"vacuolar transport",0.333333333333333,-0.449239620717071,-0.782572954050404,"observed",0.00598888186605648,"**",NA,"GO:0007034"
"vacuole organization",0.333333333333333,-0.181896230124989,-0.515229563458323,"observed",0.0448038079671318,"*",NA,"GO:0007033"
"vesicle localization",0.111111111111111,-0.0891009280578432,-0.200212039168954,"observed",0.28510270105858,NA,NA,"GO:0051648"
"vesicle organization",0.0649958334134622,-0.200841010375561,-0.265836843789024,"observed",0.448867859624109,NA,NA,"GO:0016050"
"viral gene expression",0.333333333333333,-0.323680876592369,-0.657014209925703,"observed",0.0224424619033052,"*",NA,"GO:0019080"
"viral release from host cell",0.176106944524573,-0.0141604167868593,-0.190267361311433,"observed",0.465398802685828,NA,NA,"GO:0019076"
