"region","control","enu","group_diff","group","p_value","significant_p_adjusted","significant_p_adjusted_both_groups","GO.ID","p_value.adjust"
"ATP metabolic process",0.111111111111111,0.222222222222222,0.111111111111111,"downsampled",0.555566605249039,NA,NA,"GO:0046034",0.797739851254194
"COPII vesicle coating",0,0,0,"downsampled",NA,NA,NA,"GO:0048208",NA
"DNA conformation change",0.222222222222222,0.111111111111111,-0.111111111111111,"downsampled",0.555566605249039,NA,NA,"GO:0071103",0.797739851254194
"DNA replication",0.111111111111111,0.68554722238248,0.574436111271369,"downsampled",0.0875967553561006,NA,NA,"GO:0006260",0.668597242556415
"DNA-templated transcription elongation",0,0.287218055635684,0.287218055635684,"downsampled",0.181238737519234,NA,NA,"GO:0006354",0.668597242556415
"G0 to G1 transition",0.111111111111111,0.111111111111111,0,"downsampled",1,NA,NA,"GO:0045023",1
"GPI anchor biosynthetic process",0,0,0,"downsampled",NA,NA,NA,"GO:0006506",NA
"Golgi localization",0,0,0,"downsampled",NA,NA,NA,"GO:0051645",NA
"Golgi organization",0,0.111111111111111,0.111111111111111,"downsampled",0.346593507087334,NA,NA,"GO:0007030",0.668597242556415
"Golgi to plasma membrane protein transport",0,0,0,"downsampled",NA,NA,NA,"GO:0043001",NA
"Golgi vesicle transport",-0.222222222222222,0.111111111111111,0.333333333333333,"downsampled",0.0906695304682271,NA,NA,"GO:0048193",0.668597242556415
"P-body assembly",0,0,0,"downsampled",NA,NA,NA,"GO:0033962",NA
"RIG-I signaling pathway",0,0,0,"downsampled",NA,NA,NA,"GO:0039529",NA
"RNA localization",0.222222222222222,0.509440277857907,0.287218055635684,"downsampled",0.280996284736199,NA,NA,"GO:0006403",0.668597242556415
"RNA transport",0.111111111111111,0.509440277857907,0.398329166746796,"downsampled",0.119184702428625,NA,NA,"GO:0050658",0.668597242556415
"Schwann cell differentiation",0,0.111111111111111,0.111111111111111,"downsampled",0.346593507087334,NA,NA,"GO:0014037",0.668597242556415
"UV-damage excision repair",0,0,0,"downsampled",NA,NA,NA,"GO:0070914",NA
"Wnt signaling pathway",-0.343678822710165,-0.232567711599054,0.111111111111111,"downsampled",0.777559309050944,NA,NA,"GO:0016055",0.907152527226101
"Wnt signaling pathway, planar cell polarity pathway",0.222222222222222,0.111111111111111,-0.111111111111111,"downsampled",0.555566605249039,NA,NA,"GO:0060071",0.797739851254194
"actin filament organization",-0.15722638880876,-0.314452777617521,-0.15722638880876,"downsampled",0.591461950791159,NA,NA,"GO:0007015",0.810428715552141
"actin filament severing",0,0,0,"downsampled",NA,NA,NA,"GO:0051014",NA
"actin nucleation",0,0.111111111111111,0.111111111111111,"downsampled",0.346593507087334,NA,NA,"GO:0045010",0.668597242556415
"activation of GTPase activity",0.333333333333333,0.111111111111111,-0.222222222222222,"downsampled",0.286032336512153,NA,NA,"GO:0090630",0.668597242556415
"adherens junction assembly",0.111111111111111,0,-0.111111111111111,"downsampled",0.346593507087334,NA,NA,"GO:0034333",0.668597242556415
"alpha-amino acid biosynthetic process",0,0,0,"downsampled",NA,NA,NA,"GO:1901607",NA
"anoikis",0,0,0,"downsampled",NA,NA,NA,"GO:0043276",NA
"antigen processing and presentation of endogenous peptide antigen via MHC class I",0,0,0,"downsampled",NA,NA,NA,"GO:0019885",NA
"antigen processing and presentation of peptide antigen via MHC class I",0,0,0,"downsampled",NA,NA,NA,"GO:0002474",NA
"apoptotic mitochondrial changes",0,0.222222222222222,0.222222222222222,"downsampled",0.16902020301917,NA,NA,"GO:0008637",0.668597242556415
"appendage development",0.480214232765262,0.333333333333333,-0.146880899431929,"downsampled",0.688545486077038,NA,NA,"GO:0048736",0.856029523230912
"aromatic compound catabolic process",-0.666666666666667,-0.444444444444444,0.222222222222222,"downsampled",0.372458894049322,NA,NA,"GO:0019439",0.705480964022833
"autophagosome maturation",0.222222222222222,0,-0.222222222222222,"downsampled",0.16902020301917,NA,NA,"GO:0097352",0.668597242556415
"autophagy of mitochondrion",0.111111111111111,0.111111111111111,0,"downsampled",1,NA,NA,"GO:0000422",1
"biological process involved in interaction with host",0.509440277857907,0.480214232765262,-0.0292260450926445,"downsampled",0.9399228883853,NA,NA,"GO:0051701",1
"body morphogenesis",0.111111111111111,0,-0.111111111111111,"downsampled",0.346593507087334,NA,NA,"GO:0010171",0.668597242556415
"branched-chain amino acid catabolic process",0,0,0,"downsampled",NA,NA,NA,"GO:0009083",NA
"carbohydrate derivative catabolic process",0.287218055635684,0,-0.287218055635684,"downsampled",0.181238737519234,NA,NA,"GO:1901136",0.668597242556415
"cardiac chamber development",0.444444444444444,0.639431944684831,0.194987500240387,"downsampled",0.590546452906671,NA,NA,"GO:0003205",0.810428715552141
"cell communication by electrical coupling involved in cardiac conduction",0.111111111111111,0,-0.111111111111111,"downsampled",0.346593507087334,NA,NA,"GO:0086064",0.668597242556415
"cell cycle G1/S phase transition",0.111111111111111,0.333333333333333,0.222222222222222,"downsampled",0.483123627368704,NA,NA,"GO:0044843",0.781737728707149
"cell cycle G2/M phase transition",0.287218055635684,0.620551388969018,0.333333333333333,"downsampled",0.258070818988044,NA,NA,"GO:0044839",0.668597242556415
"cell cycle checkpoint signaling",0.111111111111111,0.222222222222222,0.111111111111111,"downsampled",0.555566605249039,NA,NA,"GO:0000075",0.797739851254194
"cell growth",-0.15139667548719,0.148872222542736,0.300268898029926,"downsampled",0.430566035911841,NA,NA,"GO:0016049",0.751908759411973
"cell redox homeostasis",0,0,0,"downsampled",NA,NA,NA,"GO:0045454",NA
"cell-cell signaling by wnt",-0.343678822710165,-0.232567711599054,0.111111111111111,"downsampled",0.777559309050944,NA,NA,"GO:0198738",0.907152527226101
"cell-substrate adhesion",-0.0272347219818369,-0.222222222222222,-0.194987500240385,"downsampled",0.618591071985604,NA,NA,"GO:0031589",0.820096867531917
"cell-substrate junction assembly",0.333333333333333,0.444444444444444,0.111111111111111,"downsampled",0.652543514029001,NA,NA,"GO:0007044",0.827240202824167
"cell-substrate junction organization",0.333333333333333,0.444444444444444,0.111111111111111,"downsampled",0.652543514029001,NA,NA,"GO:0150115",0.827240202824167
"cellular carbohydrate metabolic process",0.176106944524573,0.656321177289836,0.480214232765262,"downsampled",0.22204729069873,NA,NA,"GO:0044262",0.668597242556415
"cellular component disassembly",-0.297563545012516,-0.379448611030983,-0.0818850660184671,"downsampled",0.82884197202606,NA,NA,"GO:0022411",0.939743362649266
"cellular metabolic compound salvage",0,0,0,"downsampled",NA,NA,NA,"GO:0043094",NA
"cellular modified amino acid biosynthetic process",0,0,0,"downsampled",NA,NA,NA,"GO:0042398",NA
"cellular nitrogen compound catabolic process",-0.666666666666667,-0.555555555555556,0.111111111111111,"downsampled",0.652543514029001,NA,NA,"GO:0044270",0.827240202824167
"cellular pigmentation",0.287218055635684,0.333333333333333,0.0461152776976488,"downsampled",0.860110793585251,NA,NA,"GO:0033059",0.951737716613234
"cellular respiration",0.111111111111111,0.287218055635684,0.176106944524573,"downsampled",0.449025703095065,NA,NA,"GO:0045333",0.751908759411973
"cellular response to UV",0.222222222222222,0,-0.222222222222222,"downsampled",0.16902020301917,NA,NA,"GO:0034644",0.668597242556415
"cellular response to acid chemical",0.111111111111111,0.287218055635684,0.176106944524573,"downsampled",0.449025703095065,NA,NA,"GO:0071229",0.751908759411973
"cellular response to amino acid starvation",0,0.111111111111111,0.111111111111111,"downsampled",0.346593507087334,NA,NA,"GO:0034198",0.668597242556415
"cellular response to arsenic-containing substance",0,0,0,"downsampled",NA,NA,NA,"GO:0071243",NA
"cellular response to chemical stress",-0.15722638880876,-0.268337499919872,-0.111111111111111,"downsampled",0.754934217643178,NA,NA,"GO:0062197",0.899358478999555
"cellular response to dsRNA",0,0,0,"downsampled",NA,NA,NA,"GO:0071359",NA
"cellular response to environmental stimulus",0.463325000160257,-0.15722638880876,-0.620551388969017,"downsampled",0.113718806105842,NA,NA,"GO:0104004",0.668597242556415
"cellular response to epidermal growth factor stimulus",0,0,0,"downsampled",NA,NA,NA,"GO:0071364",NA
"cellular response to external stimulus",0.222222222222222,-0.111111111111111,-0.333333333333333,"downsampled",0.394471166641596,NA,NA,"GO:0071496",0.74280535472862
"cellular response to extracellular stimulus",0.444444444444444,0.111111111111111,-0.333333333333333,"downsampled",0.131911030773322,NA,NA,"GO:0031668",0.668597242556415
"cellular response to heat",0.111111111111111,0.111111111111111,0,"downsampled",1,NA,NA,"GO:0034605",1
"cellular response to insulin stimulus",0.509440277857907,0.222222222222222,-0.287218055635684,"downsampled",0.280996284736199,NA,NA,"GO:0032869",0.668597242556415
"cellular response to ketone",0,0.352213889049147,0.352213889049147,"downsampled",0.16902020301917,NA,NA,"GO:1901655",0.668597242556415
"cellular response to leukemia inhibitory factor",0.111111111111111,0,-0.111111111111111,"downsampled",0.346593507087334,NA,NA,"GO:1990830",0.668597242556415
"cellular response to oxygen levels",0.111111111111111,0.444444444444444,0.333333333333333,"downsampled",0.131911030773322,NA,NA,"GO:0071453",0.668597242556415
"cellular response to topologically incorrect protein",0.111111111111111,0.111111111111111,0,"downsampled",1,NA,NA,"GO:0035967",1
"cellular senescence",0.111111111111111,0,-0.111111111111111,"downsampled",0.346593507087334,NA,NA,"GO:0090398",0.668597242556415
"centrosome localization",0,0,0,"downsampled",NA,NA,NA,"GO:0051642",NA
"ceramide biosynthetic process",0.111111111111111,0.398329166746796,0.287218055635684,"downsampled",0.34065602168909,NA,NA,"GO:0046513",0.668597242556415
"cerebellum development",0.222222222222222,0.111111111111111,-0.111111111111111,"downsampled",0.555566605249039,NA,NA,"GO:0021549",0.797739851254194
"cerebral cortex development",0,0.111111111111111,0.111111111111111,"downsampled",0.346593507087334,NA,NA,"GO:0021987",0.668597242556415
"chaperone-mediated autophagy",0,0,0,"downsampled",NA,NA,NA,"GO:0061684",NA
"chondrocyte differentiation",0.333333333333333,0.222222222222222,-0.111111111111111,"downsampled",0.695457765403653,NA,NA,"GO:0002062",0.860823332558941
"chromatin remodeling",-0.444444444444444,0.333333333333333,0.777777777777778,"downsampled",0.0351464573922362,"*",NA,"GO:0006338",0.668597242556415
"chromosome localization",0.287218055635684,0.111111111111111,-0.176106944524573,"downsampled",0.449025703095065,NA,NA,"GO:0050000",0.751908759411973
"chromosome segregation",-0.601670833253205,-0.333333333333333,0.268337499919872,"downsampled",0.405127802689881,NA,NA,"GO:0007059",0.751908759411973
"cilium assembly",-0.444444444444444,0.111111111111111,0.555555555555556,"downsampled",0.0537200758569718,NA,NA,"GO:0060271",0.668597242556415
"cilium organization",-0.333333333333333,0,0.333333333333333,"downsampled",0.33219498465298,NA,NA,"GO:0044782",0.668597242556415
"circadian regulation of gene expression",0.111111111111111,0.333333333333333,0.222222222222222,"downsampled",0.286032336512153,NA,NA,"GO:0032922",0.668597242556415
"clathrin-dependent endocytosis",0.176106944524573,0.222222222222222,0.0461152776976489,"downsampled",0.843283563765222,NA,NA,"GO:0072583",0.949431145218187
"connective tissue development",0.222222222222222,0,-0.222222222222222,"downsampled",0.502570403314267,NA,NA,"GO:0061448",0.797739851254194
"cortical cytoskeleton organization",0,0.111111111111111,0.111111111111111,"downsampled",0.346593507087334,NA,NA,"GO:0030865",0.668597242556415
"cytoplasmic translation",0.287218055635684,0.176106944524573,-0.111111111111111,"downsampled",0.679043747616201,NA,NA,"GO:0002181",0.85078632969812
"cytoskeleton-dependent cytokinesis",0.176106944524573,0.111111111111111,-0.0649958334134622,"downsampled",0.759706541266705,NA,NA,"GO:0061640",0.899358478999555
"dephosphorylation",-0.490559722142094,0.222222222222222,0.712781944364316,"downsampled",0.0144900634529972,"*",NA,"GO:0016311",0.668597242556415
"developmental cell growth",0.287218055635684,0.398329166746796,0.111111111111112,"downsampled",0.720154491509941,NA,NA,"GO:0048588",0.871765963406771
"developmental growth involved in morphogenesis",0.666666666666667,0.463325000160258,-0.203341666506409,"downsampled",0.552666608271579,NA,NA,"GO:0060560",0.797739851254194
"dicarboxylic acid metabolic process",0.111111111111111,0.111111111111111,0,"downsampled",1,NA,NA,"GO:0043648",1
"diol biosynthetic process",0,0,0,"downsampled",NA,NA,NA,"GO:0034312",NA
"double-strand break repair",0.444444444444444,0.509440277857907,0.0649958334134623,"downsampled",0.815481140842557,NA,NA,"GO:0006302",0.928658887160846
"endoplasmic reticulum calcium ion homeostasis",0,0.111111111111111,0.111111111111111,"downsampled",0.346593507087334,NA,NA,"GO:0032469",0.668597242556415
"epigenetic regulation of gene expression",0.111111111111111,0,-0.111111111111111,"downsampled",0.346593507087334,NA,NA,"GO:0040029",0.668597242556415
"establishment of epithelial cell apical/basal polarity",0,0,0,"downsampled",NA,NA,NA,"GO:0045198",NA
"establishment of mitotic spindle localization",0,0,0,"downsampled",NA,NA,NA,"GO:0040001",NA
"establishment of organelle localization",-0.490559722142094,-0.425563888728632,0.0649958334134618,"downsampled",0.858269697151853,NA,NA,"GO:0051656",0.951737716613234
"establishment of protein localization to organelle",-0.15722638880876,-0.444444444444444,-0.287218055635684,"downsampled",0.348833343942477,NA,NA,"GO:0072594",0.668597242556415
"establishment of tissue polarity",0.222222222222222,0.111111111111111,-0.111111111111111,"downsampled",0.555566605249039,NA,NA,"GO:0007164",0.797739851254194
"establishment or maintenance of cell polarity",-0.222222222222222,0.509440277857907,0.731662500080129,"downsampled",0.0125183001857509,"*",NA,"GO:0007163",0.668597242556415
"establishment or maintenance of epithelial cell apical/basal polarity",0,0,0,"downsampled",NA,NA,NA,"GO:0045197",NA
"execution phase of apoptosis",0,0.111111111111111,0.111111111111111,"downsampled",0.346593507087334,NA,NA,"GO:0097194",0.668597242556415
"exit from host cell",0.176106944524573,0,-0.176106944524573,"downsampled",0.346593507087334,NA,NA,"GO:0035891",0.668597242556415
"face development",0.111111111111111,0,-0.111111111111111,"downsampled",0.346593507087334,NA,NA,"GO:0060324",0.668597242556415
"fat cell differentiation",0.398329166746796,0.666666666666667,0.268337499919871,"downsampled",0.461109896690124,NA,NA,"GO:0045444",0.753692318447817
"fatty acid beta-oxidation",0.111111111111111,0.111111111111111,0,"downsampled",1,NA,NA,"GO:0006635",1
"fibroblast apoptotic process",0,0,0,"downsampled",NA,NA,NA,"GO:0044346",NA
"fibroblast migration",0.222222222222222,0,-0.222222222222222,"downsampled",0.346593507087334,NA,NA,"GO:0010761",0.668597242556415
"fibroblast proliferation",0,0.222222222222222,0.222222222222222,"downsampled",0.16902020301917,NA,NA,"GO:0048144",0.668597242556415
"glycogen metabolic process",0.111111111111111,0.287218055635684,0.176106944524573,"downsampled",0.449025703095065,NA,NA,"GO:0005977",0.751908759411973
"glycosaminoglycan biosynthetic process",0,0.398329166746796,0.398329166746796,"downsampled",0.0904695547337827,NA,NA,"GO:0006024",0.668597242556415
"glycosyl compound biosynthetic process",0.111111111111111,0,-0.111111111111111,"downsampled",0.346593507087334,NA,NA,"GO:1901659",0.668597242556415
"glycosylation",0.222222222222222,0.398329166746796,0.176106944524573,"downsampled",0.572291632421487,NA,NA,"GO:0070085",0.797739851254194
"hematopoietic progenitor cell differentiation",0.509440277857907,0.176106944524573,-0.333333333333333,"downsampled",0.316600100050528,NA,NA,"GO:0002244",0.668597242556415
"hepatocyte apoptotic process",0.111111111111111,0,-0.111111111111111,"downsampled",0.346593507087334,NA,NA,"GO:0097284",0.668597242556415
"heterochromatin formation",0.111111111111111,0,-0.111111111111111,"downsampled",0.346593507087334,NA,NA,"GO:0031507",0.668597242556415
"heterocycle catabolic process",-0.555555555555556,-0.555555555555556,0,"downsampled",1,NA,NA,"GO:0046700",1
"histone modification",-0.490559722142094,-0.15722638880876,0.333333333333333,"downsampled",0.310856272149795,NA,NA,"GO:0016570",0.668597242556415
"in utero embryonic development",-0.888888888888889,0.146880899431929,1.03576978832082,"downsampled",0.00567849677738828,"**","**","GO:0001701",0.609491987439675
"inositol phosphate catabolic process",0,0,0,"downsampled",NA,NA,NA,"GO:0071545",NA
"intracellular lipid transport",0.222222222222222,0.398329166746796,0.176106944524573,"downsampled",0.570084535978206,NA,NA,"GO:0032365",0.797739851254194
"intraciliary transport",0,0,0,"downsampled",NA,NA,NA,"GO:0042073",NA
"iron-sulfur cluster assembly",0,0.111111111111111,0.111111111111111,"downsampled",0.346593507087334,NA,NA,"GO:0016226",0.668597242556415
"kidney development",-0.268337499919872,-0.268337499919872,0,"downsampled",1,NA,NA,"GO:0001822",1
"kinetochore organization",0.111111111111111,0.111111111111111,0,"downsampled",1,NA,NA,"GO:0051383",1
"lamellipodium assembly",0.111111111111111,0.111111111111111,0,"downsampled",1,NA,NA,"GO:0030032",1
"lamellipodium morphogenesis",0,0.111111111111111,0.111111111111111,"downsampled",0.346593507087334,NA,NA,"GO:0072673",0.668597242556415
"lamellipodium organization",0.111111111111111,0.222222222222222,0.111111111111111,"downsampled",0.555566605249039,NA,NA,"GO:0097581",0.797739851254194
"limb development",0.480214232765262,0.333333333333333,-0.146880899431929,"downsampled",0.688545486077038,NA,NA,"GO:0060173",0.856029523230912
"lung morphogenesis",0.333333333333333,0.287218055635684,-0.0461152776976488,"downsampled",0.882395667026382,NA,NA,"GO:0060425",0.965158962432821
"lysosomal lumen acidification",0.111111111111111,0,-0.111111111111111,"downsampled",0.346593507087334,NA,NA,"GO:0007042",0.668597242556415
"lysosomal protein catabolic process",0,0.111111111111111,0.111111111111111,"downsampled",0.346593507087334,NA,NA,"GO:1905146",0.668597242556415
"mRNA export from nucleus",0,0.287218055635684,0.287218055635684,"downsampled",0.181238737519234,NA,NA,"GO:0006406",0.668597242556415
"macroautophagy",0.111111111111111,0.666666666666667,0.555555555555556,"downsampled",0.0918837181015571,NA,NA,"GO:0016236",0.668597242556415
"macromolecule deacylation",0.333333333333333,0,-0.333333333333333,"downsampled",0.0805162379572626,NA,NA,"GO:0098732",0.668597242556415
"macromolecule glycosylation",0.222222222222222,0.398329166746796,0.176106944524573,"downsampled",0.572291632421487,NA,NA,"GO:0043413",0.797739851254194
"maintenance of cell number",0.398329166746796,0.574436111271369,0.176106944524573,"downsampled",0.58384896931354,NA,NA,"GO:0098727",0.806864240853904
"maintenance of protein location",0.111111111111111,0.111111111111111,0,"downsampled",1,NA,NA,"GO:0045185",1
"maintenance of protein location in cell",0,0,0,"downsampled",NA,NA,NA,"GO:0032507",NA
"mammary gland epithelial cell proliferation",0,0.287218055635684,0.287218055635684,"downsampled",0.181238737519234,NA,NA,"GO:0033598",0.668597242556415
"melanosome localization",0.111111111111111,0.111111111111111,0,"downsampled",1,NA,NA,"GO:0032400",1
"membrane assembly",0.287218055635684,0,-0.287218055635684,"downsampled",0.181238737519234,NA,NA,"GO:0071709",0.668597242556415
"membrane biogenesis",0.287218055635684,0,-0.287218055635684,"downsampled",0.181238737519234,NA,NA,"GO:0044091",0.668597242556415
"membrane docking",0.287218055635684,0.111111111111111,-0.176106944524573,"downsampled",0.449025703095065,NA,NA,"GO:0022406",0.751908759411973
"membrane fission",0,0.111111111111111,0.111111111111111,"downsampled",0.346593507087334,NA,NA,"GO:0090148",0.668597242556415
"membrane protein proteolysis",0,0.111111111111111,0.111111111111111,"downsampled",0.346593507087334,NA,NA,"GO:0033619",0.668597242556415
"mesenchymal cell differentiation",0.222222222222222,0.593316666987182,0.37109444476496,"downsampled",0.341704424927218,NA,NA,"GO:0048762",0.668597242556415
"metallo-sulfur cluster assembly",0,0.111111111111111,0.111111111111111,"downsampled",0.346593507087334,NA,NA,"GO:0031163",0.668597242556415
"methylation",0.352213889049146,0.398329166746796,0.0461152776976498,"downsampled",0.858553594271683,NA,NA,"GO:0032259",0.951737716613234
"miRNA processing",0.398329166746796,0.222222222222222,-0.176106944524573,"downsampled",0.60281536072811,NA,NA,"GO:0035196",0.820096867531917
"microtubule cytoskeleton organization involved in mitosis",0.176106944524573,0.111111111111111,-0.0649958334134622,"downsampled",0.759706541266705,NA,NA,"GO:1902850",0.899358478999555
"microtubule depolymerization",0,0.222222222222222,0.222222222222222,"downsampled",0.16902020301917,NA,NA,"GO:0007019",0.668597242556415
"microtubule organizing center localization",0,0,0,"downsampled",NA,NA,NA,"GO:0061842",NA
"microtubule polymerization",0.111111111111111,0.287218055635684,0.176106944524573,"downsampled",0.449025703095065,NA,NA,"GO:0046785",0.751908759411973
"microvillus assembly",0,0,0,"downsampled",NA,NA,NA,"GO:0030033",NA
"mitochondrial gene expression",0.111111111111111,0.222222222222222,0.111111111111111,"downsampled",0.555566605249039,NA,NA,"GO:0140053",0.797739851254194
"mitochondrial genome maintenance",0,0,0,"downsampled",NA,NA,NA,"GO:0000002",NA
"mitochondrial membrane organization",0,0.111111111111111,0.111111111111111,"downsampled",0.346593507087334,NA,NA,"GO:0007006",0.668597242556415
"mitochondrial respiratory chain complex assembly",0.111111111111111,0,-0.111111111111111,"downsampled",0.346593507087334,NA,NA,"GO:0033108",0.668597242556415
"mitochondrial transmembrane transport",0,0,0,"downsampled",NA,NA,NA,"GO:1990542",NA
"mitochondrial transport",0,0.222222222222222,0.222222222222222,"downsampled",0.16902020301917,NA,NA,"GO:0006839",0.668597242556415
"mitochondrion localization",0,0,0,"downsampled",NA,NA,NA,"GO:0051646",NA
"mitochondrion morphogenesis",0,0,0,"downsampled",NA,NA,NA,"GO:0070584",NA
"mitotic cell cycle phase transition",-0.601670833253205,-0.268337499919872,0.333333333333333,"downsampled",0.326236181193998,NA,NA,"GO:0044772",0.668597242556415
"monosaccharide metabolic process",0.287218055635684,0.620551388969018,0.333333333333333,"downsampled",0.258070818988044,NA,NA,"GO:0005996",0.668597242556415
"morphogenesis of a branching structure",0.666666666666667,0.555555555555556,-0.111111111111111,"downsampled",0.771988005609167,NA,NA,"GO:0001763",0.907152527226101
"morphogenesis of a polarized epithelium",0.222222222222222,0.111111111111111,-0.111111111111111,"downsampled",0.555566605249039,NA,NA,"GO:0001738",0.797739851254194
"movement in host",0.398329166746796,0.480214232765262,0.0818850660184666,"downsampled",0.832137379258893,NA,NA,"GO:0044000",0.940169249548644
"mucopolysaccharide metabolic process",0.352213889049147,0.398329166746796,0.0461152776976489,"downsampled",0.884229484216405,NA,NA,"GO:1903510",0.965158962432821
"multicellular organism growth",0.111111111111111,0.222222222222222,0.111111111111111,"downsampled",0.555566605249039,NA,NA,"GO:0035264",0.797739851254194
"muscle cell differentiation",-0.20334166650641,-0.379448611030983,-0.176106944524573,"downsampled",0.649740056503993,NA,NA,"GO:0042692",0.827240202824167
"myeloid cell homeostasis",0.444444444444444,0.222222222222222,-0.222222222222222,"downsampled",0.446627896034455,NA,NA,"GO:0002262",0.751908759411973
"ncRNA processing",0.0188805557158129,0.287218055635684,0.268337499919872,"downsampled",0.536203159516678,NA,NA,"GO:0034470",0.797739851254194
"negative regulation of catabolic process",-0.111111111111111,0.10076562173428,0.211876732845391,"downsampled",0.469456118045035,NA,NA,"GO:0009895",0.763458939446976
"negative regulation of cell projection organization",0.333333333333333,0.111111111111111,-0.222222222222222,"downsampled",0.286032336512153,NA,NA,"GO:0031345",0.668597242556415
"negative regulation of cysteine-type endopeptidase activity involved in apoptotic process",0.222222222222222,0,-0.222222222222222,"downsampled",0.16902020301917,NA,NA,"GO:0043154",0.668597242556415
"negative regulation of growth",0.376924158086528,0.68554722238248,0.308623064295952,"downsampled",0.532033446824915,NA,NA,"GO:0045926",0.797739851254194
"negative regulation of mitotic nuclear division",0.333333333333333,0,-0.333333333333333,"downsampled",0.195015528100076,NA,NA,"GO:0045839",0.668597242556415
"negative regulation of phosphorus metabolic process",-0.0103454893768316,-0.0272347219818369,-0.0168892326050053,"downsampled",0.967293421153732,NA,NA,"GO:0010563",1
"negative regulation of transferase activity",0.0649958334134618,0.398329166746796,0.333333333333334,"downsampled",0.416847160788777,NA,NA,"GO:0051348",0.751908759411973
"neural tube formation",0.434098955067613,0.574436111271369,0.140337156203756,"downsampled",0.715184942944253,NA,NA,"GO:0001841",0.869017175954904
"neuron apoptotic process",0.111111111111111,0.907769444604702,0.796658333493591,"downsampled",0.0585984976368416,NA,NA,"GO:0051402",0.668597242556415
"neuron death",-0.601670833253205,0.230757288561204,0.832428121814409,"downsampled",0.0698179101345706,NA,NA,"GO:0070997",0.668597242556415
"neuron projection extension",0.620551388969018,0.398329166746796,-0.222222222222222,"downsampled",0.45739907528262,NA,NA,"GO:1990138",0.753692318447817
"neuron projection organization",0.111111111111111,0,-0.111111111111111,"downsampled",0.346593507087334,NA,NA,"GO:0106027",0.668597242556415
"neurotransmitter secretion",0.287218055635684,0.111111111111111,-0.176106944524573,"downsampled",0.449025703095065,NA,NA,"GO:0007269",0.751908759411973
"neurotrophin signaling pathway",0,0,0,"downsampled",NA,NA,NA,"GO:0038179",NA
"non-membrane-bounded organelle assembly",-0.555555555555556,-0.15722638880876,0.398329166746795,"downsampled",0.259042867218382,NA,NA,"GO:0140694",0.668597242556415
"nuclear chromosome segregation",0.0649958334134622,0.222222222222222,0.15722638880876,"downsampled",0.663273478135008,NA,NA,"GO:0098813",0.837545333174403
"nuclear envelope organization",0,0.111111111111111,0.111111111111111,"downsampled",0.346593507087334,NA,NA,"GO:0006998",0.668597242556415
"nuclear migration",0,0.111111111111111,0.111111111111111,"downsampled",0.346593507087334,NA,NA,"GO:0007097",0.668597242556415
"nuclear transport",0.222222222222222,0.574436111271369,0.352213889049147,"downsampled",0.460393266217004,NA,NA,"GO:0051169",0.753692318447817
"nuclear-transcribed mRNA catabolic process",0.222222222222222,0,-0.222222222222222,"downsampled",0.16902020301917,NA,NA,"GO:0000956",0.668597242556415
"nucleic acid transport",0.111111111111111,0.509440277857907,0.398329166746796,"downsampled",0.119184702428625,NA,NA,"GO:0050657",0.668597242556415
"nucleocytoplasmic transport",0.222222222222222,0.574436111271369,0.352213889049147,"downsampled",0.460393266217004,NA,NA,"GO:0006913",0.753692318447817
"nucleosome assembly",0,0.222222222222222,0.222222222222222,"downsampled",0.16902020301917,NA,NA,"GO:0006334",0.668597242556415
"nucleosome organization",0,0.222222222222222,0.222222222222222,"downsampled",0.16902020301917,NA,NA,"GO:0034728",0.668597242556415
"nucleotide catabolic process",0,0,0,"downsampled",NA,NA,NA,"GO:0009166",NA
"nucleus organization",0.111111111111111,0.111111111111111,0,"downsampled",1,NA,NA,"GO:0006997",1
"oligosaccharide-lipid intermediate biosynthetic process",0,0,0,"downsampled",NA,NA,NA,"GO:0006490",NA
"organelle fission",-0.333333333333333,-0.444444444444444,-0.111111111111111,"downsampled",0.747462234331164,NA,NA,"GO:0048285",0.898070296472518
"organelle fusion",0.574436111271369,0.222222222222222,-0.352213889049147,"downsampled",0.228618369440118,NA,NA,"GO:0048284",0.668597242556415
"organelle inheritance",0,0.111111111111111,0.111111111111111,"downsampled",0.346593507087334,NA,NA,"GO:0048308",0.668597242556415
"organelle localization by membrane tethering",0.287218055635684,0.111111111111111,-0.176106944524573,"downsampled",0.449025703095065,NA,NA,"GO:0140056",0.751908759411973
"organophosphate catabolic process",0.222222222222222,0.222222222222222,0,"downsampled",1,NA,NA,"GO:0046434",1
"ossification",-0.260516463487494,0.0735308997524426,0.334047363239936,"downsampled",0.518364583980713,NA,NA,"GO:0001503",0.797739851254194
"osteoblast differentiation",0.200817213561956,0.593316666987182,0.392499453425226,"downsampled",0.40780992553466,NA,NA,"GO:0001649",0.751908759411973
"oxidative phosphorylation",0.111111111111111,0.287218055635684,0.176106944524573,"downsampled",0.449025703095065,NA,NA,"GO:0006119",0.751908759411973
"pentose-phosphate shunt",0,0,0,"downsampled",NA,NA,NA,"GO:0006098",NA
"peptidyl-lysine modification",-0.333333333333333,0.129991666826924,0.463325000160257,"downsampled",0.175806345345737,NA,NA,"GO:0018205",0.668597242556415
"peroxisome organization",0,0,0,"downsampled",NA,NA,NA,"GO:0007031",NA
"phospholipid biosynthetic process",0.333333333333333,0,-0.333333333333333,"downsampled",0.195015528100076,NA,NA,"GO:0008654",0.668597242556415
"pigmentation",0.287218055635684,0.444444444444444,0.15722638880876,"downsampled",0.621053550510201,NA,NA,"GO:0043473",0.820096867531917
"placenta development",0.111111111111111,0.953884722302351,0.84277361119124,"downsampled",0.00451221459666716,"**",NA,"GO:0001890",0.609491987439675
"plasma membrane tubulation",0,0.111111111111111,0.111111111111111,"downsampled",0.346593507087334,NA,NA,"GO:0097320",0.668597242556415
"platelet dense granule organization",0,0,0,"downsampled",NA,NA,NA,"GO:0060155",NA
"platelet-derived growth factor receptor signaling pathway",0,0,0,"downsampled",NA,NA,NA,"GO:0048008",NA
"pore complex assembly",0,0.111111111111111,0.111111111111111,"downsampled",0.346593507087334,NA,NA,"GO:0046931",0.668597242556415
"positive regulation by host of viral process",0.176106944524573,0,-0.176106944524573,"downsampled",0.346593507087334,NA,NA,"GO:0044794",0.668597242556415
"positive regulation of amide metabolic process",0.222222222222222,0.111111111111111,-0.111111111111111,"downsampled",0.555566605249039,NA,NA,"GO:0034250",0.797739851254194
"positive regulation of cartilage development",0.222222222222222,0.222222222222222,0,"downsampled",1,NA,NA,"GO:0061036",1
"positive regulation of cell projection organization",-0.777777777777778,-0.555555555555556,0.222222222222222,"downsampled",0.446627896034455,NA,NA,"GO:0031346",0.751908759411973
"positive regulation of epithelial cell migration",0.656321177289836,0.222222222222222,-0.434098955067613,"downsampled",0.20605740550707,NA,NA,"GO:0010634",0.668597242556415
"positive regulation of establishment of protein localization",0.0188805557158133,-0.111111111111111,-0.129991666826924,"downsampled",0.792064338499913,NA,NA,"GO:1904951",0.913695359369282
"positive regulation of growth",0.352213889049147,0.574436111271369,0.222222222222222,"downsampled",0.5588759739504,NA,NA,"GO:0045927",0.797739851254194
"positive regulation of kinase activity",0.0435908247531951,-0.601670833253204,-0.6452616580064,"downsampled",0.131271153383389,NA,NA,"GO:0033674",0.668597242556415
"positive regulation of mitochondrial fission",0,0,0,"downsampled",NA,NA,NA,"GO:0090141",NA
"positive regulation of mitotic cell cycle",0.111111111111111,0,-0.111111111111111,"downsampled",0.346593507087334,NA,NA,"GO:0045931",0.668597242556415
"positive regulation of neuron migration",0,0,0,"downsampled",NA,NA,NA,"GO:2001224",NA
"positive regulation of protein autophosphorylation",0.222222222222222,0,-0.222222222222222,"downsampled",0.16902020301917,NA,NA,"GO:0031954",0.668597242556415
"positive regulation of protein localization",-0.425563888728632,-0.232567711599054,0.192996177129578,"downsampled",0.605627353780846,NA,NA,"GO:1903829",0.820096867531917
"positive regulation of viral process",0.111111111111111,0.111111111111111,0,"downsampled",1,NA,NA,"GO:0048524",1
"postsynapse organization",0.111111111111111,0,-0.111111111111111,"downsampled",0.346593507087334,NA,NA,"GO:0099173",0.668597242556415
"presynaptic endocytosis",0.176106944524573,0,-0.176106944524573,"downsampled",0.346593507087334,NA,NA,"GO:0140238",0.668597242556415
"proteasome-mediated ubiquitin-dependent protein catabolic process",-0.888888888888889,-0.379448611030982,0.509440277857907,"downsampled",0.135210434114164,NA,NA,"GO:0043161",0.668597242556415
"protein folding",0,0.369103121654151,0.369103121654151,"downsampled",0.205495867791499,NA,NA,"GO:0006457",0.668597242556415
"protein glycosylation",0.222222222222222,0.398329166746796,0.176106944524573,"downsampled",0.572291632421487,NA,NA,"GO:0006486",0.797739851254194
"protein localization to nucleus",0.111111111111111,0.555555555555556,0.444444444444444,"downsampled",0.315046034415812,NA,NA,"GO:0034504",0.668597242556415
"protein localization to plasma membrane",-0.268337499919872,0.555555555555556,0.823893055475427,"downsampled",0.0177004611878766,"*",NA,"GO:0072659",0.668597242556415
"protein maturation",-0.222222222222222,0.398329166746796,0.620551388969018,"downsampled",0.0937082281425077,NA,NA,"GO:0051604",0.668597242556415
"protein neddylation",0,0.176106944524573,0.176106944524573,"downsampled",0.346593507087334,NA,NA,"GO:0045116",0.668597242556415
"protein polyubiquitination",0.287218055635684,0.509440277857907,0.222222222222222,"downsampled",0.450678231573015,NA,NA,"GO:0000209",0.751908759411973
"protein targeting",0,0.620551388969018,0.620551388969018,"downsampled",0.0329275772446895,"*",NA,"GO:0006605",0.668597242556415
"protein transport to vacuole involved in ubiquitin-dependent protein catabolic process via the multivesicular body sorting pathway",0,0,0,"downsampled",NA,NA,NA,"GO:0043328",NA
"protein-DNA complex assembly",0.222222222222222,0.620551388969018,0.398329166746796,"downsampled",0.13671431371162,NA,NA,"GO:0065004",0.668597242556415
"protein-DNA complex subunit organization",0.222222222222222,0.620551388969018,0.398329166746796,"downsampled",0.13671431371162,NA,NA,"GO:0071824",0.668597242556415
"protein-containing complex localization",0.176106944524573,0.111111111111111,-0.0649958334134622,"downsampled",0.759706541266705,NA,NA,"GO:0031503",0.899358478999555
"proton transmembrane transport",0.111111111111111,0,-0.111111111111111,"downsampled",0.346593507087334,NA,NA,"GO:1902600",0.668597242556415
"pteridine-containing compound metabolic process",0,0,0,"downsampled",NA,NA,NA,"GO:0042558",NA
"pyruvate metabolic process",0,0.111111111111111,0.111111111111111,"downsampled",0.346593507087334,NA,NA,"GO:0006090",0.668597242556415
"quinone biosynthetic process",0.111111111111111,0,-0.111111111111111,"downsampled",0.346593507087334,NA,NA,"GO:1901663",0.668597242556415
"rRNA metabolic process",0.222222222222222,0.509440277857907,0.287218055635684,"downsampled",0.280996284736199,NA,NA,"GO:0016072",0.668597242556415
"receptor metabolic process",0.398329166746796,0.222222222222222,-0.176106944524573,"downsampled",0.498856394235888,NA,NA,"GO:0043112",0.797739851254194
"regulation of ATP metabolic process",0,0.111111111111111,0.111111111111111,"downsampled",0.346593507087334,NA,NA,"GO:1903578",0.668597242556415
"regulation of DNA repair",0.444444444444444,0.509440277857907,0.0649958334134623,"downsampled",0.815481140842557,NA,NA,"GO:0006282",0.928658887160846
"regulation of DNA replication",0,0.333333333333333,0.333333333333333,"downsampled",0.195015528100076,NA,NA,"GO:0006275",0.668597242556415
"regulation of G0 to G1 transition",0.111111111111111,0,-0.111111111111111,"downsampled",0.346593507087334,NA,NA,"GO:0070316",0.668597242556415
"regulation of GTPase activity",-0.268337499919872,-0.20334166650641,0.0649958334134618,"downsampled",0.875557291483528,NA,NA,"GO:0043087",0.962216545589406
"regulation of Golgi organization",0,0,0,"downsampled",NA,NA,NA,"GO:1903358",NA
"regulation of actin filament organization",0.111111111111111,0.398329166746796,0.287218055635684,"downsampled",0.401472497736538,NA,NA,"GO:0110053",0.751593862041658
"regulation of actin filament-based process",-0.333333333333333,-0.379448611030983,-0.0461152776976493,"downsampled",0.863994376106457,NA,NA,"GO:0032970",0.952760921596846
"regulation of anatomical structure size",-0.0272347219818364,-0.888888888888889,-0.861654166907052,"downsampled",0.0201141596775313,"*",NA,"GO:0090066",0.668597242556415
"regulation of apoptotic signaling pathway",-0.289742508580138,-0.601670833253205,-0.311928324673067,"downsampled",0.437436985211663,NA,NA,"GO:2001233",0.751908759411973
"regulation of autophagy",-0.222222222222222,0.322987843956502,0.545210066178724,"downsampled",0.140789267172803,NA,NA,"GO:0010506",0.668597242556415
"regulation of axonogenesis",0.222222222222222,0.111111111111111,-0.111111111111111,"downsampled",0.555566605249039,NA,NA,"GO:0050770",0.797739851254194
"regulation of binding",0.129991666826924,-0.0733499996794862,-0.20334166650641,"downsampled",0.570059410900048,NA,NA,"GO:0051098",0.797739851254194
"regulation of carbohydrate metabolic process",0.287218055635684,0.398329166746796,0.111111111111111,"downsampled",0.701927387047254,NA,NA,"GO:0006109",0.862674116905404
"regulation of cell cycle phase transition",-0.444444444444444,-0.222222222222222,0.222222222222222,"downsampled",0.557422076553158,NA,NA,"GO:1901987",0.797739851254194
"regulation of cell growth",-0.067520286357916,0.0838763891292742,0.15139667548719,"downsampled",0.697748104962371,NA,NA,"GO:0001558",0.860823332558941
"regulation of cell morphogenesis",0.0188805557158124,0.463325000160258,0.444444444444445,"downsampled",0.195032321175181,NA,NA,"GO:0022604",0.668597242556415
"regulation of cell projection assembly",0.222222222222222,0,-0.222222222222222,"downsampled",0.16902020301917,NA,NA,"GO:0060491",0.668597242556415
"regulation of cell-substrate adhesion",0.287218055635684,0.398329166746796,0.111111111111111,"downsampled",0.788508464342686,NA,NA,"GO:0010810",0.913695359369282
"regulation of cell-substrate junction assembly",0.111111111111111,0.222222222222222,0.111111111111111,"downsampled",0.555566605249039,NA,NA,"GO:0090109",0.797739851254194
"regulation of cell-substrate junction organization",0.111111111111111,0.222222222222222,0.111111111111111,"downsampled",0.555566605249039,NA,NA,"GO:0150116",0.797739851254194
"regulation of cellular component size",-0.249456944204059,-1,-0.750543055795941,"downsampled",0.0167263305096237,"*",NA,"GO:0032535",0.668597242556415
"regulation of cellular response to oxidative stress",0.111111111111111,0,-0.111111111111111,"downsampled",0.346593507087334,NA,NA,"GO:1900407",0.668597242556415
"regulation of chromatin organization",0,0.111111111111111,0.111111111111111,"downsampled",0.346593507087334,NA,NA,"GO:1902275",0.668597242556415
"regulation of chromosome organization",0.444444444444444,0.222222222222222,-0.222222222222222,"downsampled",0.346855887206105,NA,NA,"GO:0033044",0.668597242556415
"regulation of chromosome segregation",0.222222222222222,0.111111111111111,-0.111111111111111,"downsampled",0.555566605249039,NA,NA,"GO:0051983",0.797739851254194
"regulation of cysteine-type endopeptidase activity involved in apoptotic process",0.222222222222222,0.555555555555556,0.333333333333333,"downsampled",0.260115584745327,NA,NA,"GO:0043281",0.668597242556415
"regulation of cytokinesis",0,0.222222222222222,0.222222222222222,"downsampled",0.16902020301917,NA,NA,"GO:0032465",0.668597242556415
"regulation of defense response to virus",0.111111111111111,0.287218055635684,0.176106944524573,"downsampled",0.449025703095065,NA,NA,"GO:0050688",0.751908759411973
"regulation of dephosphorylation",0.333333333333333,0.444444444444444,0.111111111111111,"downsampled",0.652543514029001,NA,NA,"GO:0035303",0.827240202824167
"regulation of developmental growth",0.352213889049146,0.444444444444444,0.0922305553952982,"downsampled",0.816181568529563,NA,NA,"GO:0048638",0.928658887160846
"regulation of embryonic development",0.111111111111111,0.111111111111111,0,"downsampled",1,NA,NA,"GO:0045995",1
"regulation of endocytosis",0.574436111271369,0.222222222222222,-0.352213889049147,"downsampled",0.228618369440118,NA,NA,"GO:0030100",0.668597242556415
"regulation of extracellular matrix organization",0.222222222222222,0.287218055635684,0.0649958334134623,"downsampled",0.794517703799376,NA,NA,"GO:1903053",0.913695359369282
"regulation of fibroblast migration",0.176106944524573,0,-0.176106944524573,"downsampled",0.346593507087334,NA,NA,"GO:0010762",0.668597242556415
"regulation of fibroblast proliferation",0,0.222222222222222,0.222222222222222,"downsampled",0.16902020301917,NA,NA,"GO:0048145",0.668597242556415
"regulation of focal adhesion assembly",0.111111111111111,0.222222222222222,0.111111111111111,"downsampled",0.555566605249039,NA,NA,"GO:0051893",0.797739851254194
"regulation of gene silencing by RNA",0.333333333333333,0,-0.333333333333333,"downsampled",0.195015528100076,NA,NA,"GO:0060966",0.668597242556415
"regulation of generation of precursor metabolites and energy",0,0.222222222222222,0.222222222222222,"downsampled",0.16902020301917,NA,NA,"GO:0043467",0.668597242556415
"regulation of intracellular protein transport",0.444444444444444,0.333333333333333,-0.111111111111111,"downsampled",0.71105079289684,NA,NA,"GO:0033157",0.867266497396903
"regulation of intracellular steroid hormone receptor signaling pathway",0,0,0,"downsampled",NA,NA,NA,"GO:0033143",NA
"regulation of intracellular transport",0.176106944524573,0,-0.176106944524573,"downsampled",0.705310206352626,NA,NA,"GO:0032386",0.863535689907018
"regulation of membrane permeability",0,0.111111111111111,0.111111111111111,"downsampled",0.346593507087334,NA,NA,"GO:0090559",0.668597242556415
"regulation of microtubule cytoskeleton organization",0.111111111111111,0.222222222222222,0.111111111111111,"downsampled",0.555566605249039,NA,NA,"GO:0070507",0.797739851254194
"regulation of microtubule depolymerization",0,0.111111111111111,0.111111111111111,"downsampled",0.346593507087334,NA,NA,"GO:0031114",0.668597242556415
"regulation of microtubule polymerization",0.111111111111111,0.111111111111111,0,"downsampled",1,NA,NA,"GO:0031113",1
"regulation of microtubule-based process",0.222222222222222,0.333333333333333,0.111111111111111,"downsampled",0.623986747035154,NA,NA,"GO:0032886",0.820096867531917
"regulation of mitochondrial membrane permeability",0,0.111111111111111,0.111111111111111,"downsampled",0.346593507087334,NA,NA,"GO:0046902",0.668597242556415
"regulation of mitochondrial membrane potential",0,0.222222222222222,0.222222222222222,"downsampled",0.16902020301917,NA,NA,"GO:0051881",0.668597242556415
"regulation of ncRNA transcription",0.111111111111111,0,-0.111111111111111,"downsampled",0.346593507087334,NA,NA,"GO:0140747",0.668597242556415
"regulation of nervous system development",-0.379448611030983,-0.268337499919872,0.111111111111111,"downsampled",0.766481444300841,NA,NA,"GO:0051960",0.904055036867659
"regulation of neurogenesis",-0.379448611030983,-0.314452777617521,0.0649958334134618,"downsampled",0.855226772190295,NA,NA,"GO:0050767",0.951737716613234
"regulation of neuron apoptotic process",0.111111111111111,0.796658333493591,0.68554722238248,"downsampled",0.0573775115417436,NA,NA,"GO:0043523",0.668597242556415
"regulation of neuron death",-0.490559722142094,0.907769444604702,1.3983291667468,"downsampled",0.00311364235844546,"**",NA,"GO:1901214",0.609491987439675
"regulation of neuron projection development",-0.555555555555556,-0.666666666666667,-0.111111111111111,"downsampled",0.652543514029001,NA,NA,"GO:0010975",0.827240202824167
"regulation of oxidative stress-induced cell death",0.111111111111111,0,-0.111111111111111,"downsampled",0.346593507087334,NA,NA,"GO:1903201",0.668597242556415
"regulation of protein catabolic process",-0.712781944364316,-0.0461152776976493,0.666666666666667,"downsampled",0.0456808820472999,"*",NA,"GO:0042176",0.668597242556415
"regulation of protein dephosphorylation",0.222222222222222,0.333333333333333,0.111111111111111,"downsampled",0.623986747035154,NA,NA,"GO:0035304",0.820096867531917
"regulation of protein modification by small protein conjugation or removal",0,0.333333333333333,0.333333333333333,"downsampled",0.0805162379572626,NA,NA,"GO:1903320",0.668597242556415
"regulation of protein stability",0.620551388969017,0.333333333333333,-0.287218055635684,"downsampled",0.233652749728785,NA,NA,"GO:0031647",0.668597242556415
"regulation of protein-containing complex assembly",-0.268337499919872,-0.111111111111111,0.15722638880876,"downsampled",0.672247153020147,NA,NA,"GO:0043254",0.845560872158153
"regulation of response to DNA damage stimulus",0.333333333333333,0.287218055635684,-0.0461152776976488,"downsampled",0.896537037697852,NA,NA,"GO:2001020",0.975286912630771
"regulation of response to oxidative stress",0.111111111111111,0,-0.111111111111111,"downsampled",0.346593507087334,NA,NA,"GO:1902882",0.668597242556415
"regulation of stem cell differentiation",0.287218055635684,0.111111111111111,-0.176106944524573,"downsampled",0.449025703095065,NA,NA,"GO:2000736",0.751908759411973
"regulation of stem cell population maintenance",0.111111111111111,0.398329166746796,0.287218055635684,"downsampled",0.244433056527958,NA,NA,"GO:2000036",0.668597242556415
"regulation of sulfur metabolic process",0,0,0,"downsampled",NA,NA,NA,"GO:0042762",NA
"regulation of supramolecular fiber organization",-0.444444444444444,-0.0461152776976493,0.398329166746795,"downsampled",0.239248009860217,NA,NA,"GO:1902903",0.668597242556415
"regulation of translational fidelity",0,0,0,"downsampled",NA,NA,NA,"GO:0006450",NA
"regulation of type I interferon-mediated signaling pathway",0,0,0,"downsampled",NA,NA,NA,"GO:0060338",NA
"regulation of ubiquitin-protein transferase activity",0,0,0,"downsampled",NA,NA,NA,"GO:0051438",NA
"regulation of vacuole organization",0.111111111111111,0.111111111111111,0,"downsampled",1,NA,NA,"GO:0044088",1
"release of cytochrome c from mitochondria",0,0.111111111111111,0.111111111111111,"downsampled",0.346593507087334,NA,NA,"GO:0001836",0.668597242556415
"respiratory system development",0.369103121654151,0.398329166746796,0.0292260450926445,"downsampled",0.939367111526527,NA,NA,"GO:0060541",1
"response to UV",0.222222222222222,0,-0.222222222222222,"downsampled",0.16902020301917,NA,NA,"GO:0009411",0.668597242556415
"response to amino acid",0.111111111111111,0.287218055635684,0.176106944524573,"downsampled",0.449025703095065,NA,NA,"GO:0043200",0.751908759411973
"response to amino acid starvation",0,0.111111111111111,0.111111111111111,"downsampled",0.346593507087334,NA,NA,"GO:1990928",0.668597242556415
"response to arsenic-containing substance",0.176106944524573,0,-0.176106944524573,"downsampled",0.346593507087334,NA,NA,"GO:0046685",0.668597242556415
"response to endoplasmic reticulum stress",0.111111111111111,0.463325000160258,0.352213889049147,"downsampled",0.206810894071684,NA,NA,"GO:0034976",0.668597242556415
"response to epidermal growth factor",0,0,0,"downsampled",NA,NA,NA,"GO:0070849",NA
"response to fluid shear stress",0.111111111111111,0,-0.111111111111111,"downsampled",0.346593507087334,NA,NA,"GO:0034405",0.668597242556415
"response to hydrogen peroxide",0.333333333333333,0.287218055635684,-0.0461152776976488,"downsampled",0.860110793585251,NA,NA,"GO:0042542",0.951737716613234
"response to insulin",0.398329166746796,0.222222222222222,-0.176106944524573,"downsampled",0.572291632421487,NA,NA,"GO:0032868",0.797739851254194
"response to ionizing radiation",0.111111111111111,0.111111111111111,0,"downsampled",1,NA,NA,"GO:0010212",1
"response to leukemia inhibitory factor",0.111111111111111,0,-0.111111111111111,"downsampled",0.346593507087334,NA,NA,"GO:1990823",0.668597242556415
"response to oxidative stress",-0.379448611030983,-0.490559722142094,-0.111111111111111,"downsampled",0.746862815073808,NA,NA,"GO:0006979",0.898070296472518
"response to oxygen levels",-0.555555555555556,-0.249456944204059,0.306098611351496,"downsampled",0.331841603184194,NA,NA,"GO:0070482",0.668597242556415
"response to topologically incorrect protein",0.111111111111111,0.111111111111111,0,"downsampled",1,NA,NA,"GO:0035966",1
"ribonucleoprotein complex assembly",0.398329166746796,0,-0.398329166746796,"downsampled",0.0904695547337827,NA,NA,"GO:0022618",0.668597242556415
"ribonucleoprotein complex biogenesis",-0.268337499919872,0.0188805557158124,0.287218055635684,"downsampled",0.351942020864347,NA,NA,"GO:0022613",0.670564087090648
"ribonucleoprotein complex subunit organization",0.509440277857907,0,-0.509440277857907,"downsampled",0.0414944486903304,"*","*","GO:0071826",0.668597242556415
"ribonucleotide biosynthetic process",0.509440277857907,0.111111111111111,-0.398329166746796,"downsampled",0.119184702428625,NA,NA,"GO:0009260",0.668597242556415
"ribose phosphate biosynthetic process",0.509440277857907,0.111111111111111,-0.398329166746796,"downsampled",0.119184702428625,NA,NA,"GO:0046390",0.668597242556415
"ribosomal subunit export from nucleus",0,0,0,"downsampled",NA,NA,NA,"GO:0000054",NA
"ribosome assembly",0,0,0,"downsampled",NA,NA,NA,"GO:0042255",NA
"ribosome localization",0,0,0,"downsampled",NA,NA,NA,"GO:0033750",NA
"roof of mouth development",0,0.287218055635684,0.287218055635684,"downsampled",0.181238737519234,NA,NA,"GO:0060021",0.668597242556415
"ruffle assembly",0.111111111111111,0,-0.111111111111111,"downsampled",0.346593507087334,NA,NA,"GO:0097178",0.668597242556415
"ruffle organization",0.111111111111111,0,-0.111111111111111,"downsampled",0.346593507087334,NA,NA,"GO:0031529",0.668597242556415
"seminiferous tubule development",0.111111111111111,0.111111111111111,0,"downsampled",1,NA,NA,"GO:0072520",1
"signal release from synapse",0.287218055635684,0.111111111111111,-0.176106944524573,"downsampled",0.449025703095065,NA,NA,"GO:0099643",0.751908759411973
"sister chromatid segregation",0.222222222222222,0.333333333333333,0.111111111111111,"downsampled",0.623986747035154,NA,NA,"GO:0000819",0.820096867531917
"small GTPase mediated signal transduction",-0.473670489537089,-0.0733499996794862,0.400320489857603,"downsampled",0.311937830204619,NA,NA,"GO:0007264",0.668597242556415
"small molecule catabolic process",0,0.333333333333333,0.333333333333333,"downsampled",0.176463196813527,NA,NA,"GO:0044282",0.668597242556415
"spindle localization",0.111111111111111,0,-0.111111111111111,"downsampled",0.346593507087334,NA,NA,"GO:0051653",0.668597242556415
"stem cell differentiation",0.398329166746795,0.574436111271369,0.176106944524574,"downsampled",0.642620572958662,NA,NA,"GO:0048863",0.827240202824167
"stem cell population maintenance",0.398329166746796,0.574436111271369,0.176106944524573,"downsampled",0.58384896931354,NA,NA,"GO:0019827",0.806864240853904
"substantia nigra development",0.176106944524573,0,-0.176106944524573,"downsampled",0.346593507087334,NA,NA,"GO:0021762",0.668597242556415
"substrate adhesion-dependent cell spreading",0.333333333333333,0.111111111111111,-0.222222222222222,"downsampled",0.286032336512153,NA,NA,"GO:0034446",0.668597242556415
"sulfur amino acid biosynthetic process",0,0,0,"downsampled",NA,NA,NA,"GO:0000097",NA
"sulfur amino acid metabolic process",0.111111111111111,0,-0.111111111111111,"downsampled",0.346593507087334,NA,NA,"GO:0000096",0.668597242556415
"sulfur compound metabolic process",0.352213889049146,0.509440277857907,0.15722638880876,"downsampled",0.641989184930884,NA,NA,"GO:0006790",0.827240202824167
"suppression of viral release by host",0,0,0,"downsampled",NA,NA,NA,"GO:0044790",NA
"telomerase RNA localization to Cajal body",0,0,0,"downsampled",NA,NA,NA,"GO:0090671",NA
"telomere maintenance",0.333333333333333,0.222222222222222,-0.111111111111111,"downsampled",0.623986747035154,NA,NA,"GO:0000723",0.820096867531917
"telomere organization",0.333333333333333,0.222222222222222,-0.111111111111111,"downsampled",0.623986747035154,NA,NA,"GO:0032200",0.820096867531917
"trabecula morphogenesis",0.222222222222222,0.111111111111111,-0.111111111111111,"downsampled",0.555566605249039,NA,NA,"GO:0061383",0.797739851254194
"tube closure",0.369103121654151,0.398329166746796,0.0292260450926445,"downsampled",0.932332588673493,NA,NA,"GO:0060606",1
"ubiquinone biosynthetic process",0.111111111111111,0,-0.111111111111111,"downsampled",0.346593507087334,NA,NA,"GO:0006744",0.668597242556415
"ubiquinone metabolic process",0.111111111111111,0,-0.111111111111111,"downsampled",0.346593507087334,NA,NA,"GO:0006743",0.668597242556415
"ubiquitin recycling",0,0,0,"downsampled",NA,NA,NA,"GO:0010992",NA
"vacuolar transport",0.333333333333333,0.444444444444444,0.111111111111111,"downsampled",0.652543514029001,NA,NA,"GO:0007034",0.827240202824167
"vacuole organization",0.333333333333333,0.222222222222222,-0.111111111111111,"downsampled",0.623986747035154,NA,NA,"GO:0007033",0.820096867531917
"vesicle localization",0.111111111111111,0.333333333333333,0.222222222222222,"downsampled",0.286032336512153,NA,NA,"GO:0051648",0.668597242556415
"vesicle organization",0.176106944524573,0.0649958334134618,-0.111111111111112,"downsampled",0.793761671358409,NA,NA,"GO:0016050",0.913695359369282
"viral gene expression",0.333333333333333,0,-0.333333333333333,"downsampled",0.0805162379572626,NA,NA,"GO:0019080",0.668597242556415
"viral release from host cell",0.176106944524573,0,-0.176106944524573,"downsampled",0.346593507087334,NA,NA,"GO:0019076",0.668597242556415
