,signatures.SBSscE,signatures.SBSscF
A[C>A]A,0.0092260320,0.0078886793
A[C>A]C,0.0006296941,0.0032742581
A[C>A]G,0.0001355840,0.0009291750
A[C>A]T,0.0067390127,0.0046959112
C[C>A]A,0.0017259522,0.0019984401
C[C>A]C,0.0006964061,0.0012332001
C[C>A]G,0.0003871090,0.0008083120
C[C>A]T,0.0036923974,0.0022851591
G[C>A]A,0.0065683297,0.0047267282
G[C>A]C,0.0010253921,0.0037497652
G[C>A]G,0.0000701000,0.0007827920
G[C>A]T,0.0071197728,0.0054501362
T[C>A]A,0.0037282934,0.0055237982
T[C>A]C,0.0015742982,0.0050532062
T[C>A]G,0.0004718131,0.0004037420
T[C>A]T,0.0017126102,0.0001449080
A[C>G]A,0.0030809963,0.0011826040
A[C>G]C,0.0044074565,0.0010952560
A[C>G]G,0.0007411091,0.0000294000
A[C>G]T,0.0032779674,0.0019391921
C[C>G]A,0.0007710801,0.0005046710
C[C>G]C,0.0020317602,0.0004457060
C[C>G]G,0.0008724091,0.0001424700
C[C>G]T,0.0010963301,0.0005121730
G[C>G]A,0.0008540541,0.0004498130
G[C>G]C,0.0021217612,0.0007097970
G[C>G]G,0.0004227570,0.0000091900
G[C>G]T,0.0035935714,0.0019063411
T[C>G]A,0.0019733512,0.0000940000
T[C>G]C,0.0003085420,0.0006402020
T[C>G]G,0.0000900000,0.0000067600
T[C>G]T,0.0012474341,0.0008448710
A[C>T]A,0.0113841722,0.0674378338
A[C>T]C,0.0121641523,0.0447620518
A[C>T]G,0.0000000000,0.0053460972
A[C>T]T,0.0095231570,0.0578617524
C[C>T]A,0.0266431159,0.0669541367
C[C>T]C,0.0232756985,0.0605047955
C[C>T]G,0.0081946009,0.0124776955
C[C>T]T,0.0144046995,0.0717848699
G[C>T]A,0.1620084993,0.0703815529
G[C>T]C,0.2023326786,0.0810196853
G[C>T]G,0.0167536548,0.0092418504
G[C>T]T,0.1146290663,0.0707091719
T[C>T]A,0.0039543404,0.0503881351
T[C>T]C,0.0041334394,0.0672720338
T[C>T]G,0.0000000000,0.0047497462
T[C>T]T,0.0115694622,0.0765521241
A[T>A]A,0.0017471892,0.0013264651
A[T>A]C,0.0025724843,0.0004145620
A[T>A]G,0.0015841742,0.0004793550
A[T>A]T,0.0081005149,0.0037558112
C[T>A]A,0.0019959132,0.0003591420
C[T>A]C,0.0036854924,0.0014317111
C[T>A]G,0.0023730333,0.0018296971
C[T>A]T,0.0046305135,0.0018212131
G[T>A]A,0.0006995571,0.0004896140
G[T>A]C,0.0014706322,0.0006747260
G[T>A]G,0.0015603582,0.0005533680
G[T>A]T,0.0035382624,0.0023185791
T[T>A]A,0.0041609454,0.0013668001
T[T>A]C,0.0010881711,0.0009347000
T[T>A]G,0.0018915492,0.0005291890
T[T>A]T,0.0036587734,0.0041724342
A[T>C]A,0.0158203747,0.0071513793
A[T>C]C,0.0120783943,0.0047375532
A[T>C]G,0.0143078615,0.0066223233
A[T>C]T,0.0106862711,0.0050871192
C[T>C]A,0.0144006885,0.0056350112
C[T>C]C,0.0189223730,0.0072253813
C[T>C]G,0.0411852954,0.0136184676
C[T>C]T,0.0125748263,0.0040777252
G[T>C]A,0.0202765362,0.0073847803
G[T>C]C,0.0129165314,0.0039854402
G[T>C]G,0.0213816493,0.0062305993
G[T>C]T,0.0113481742,0.0047087072
T[T>C]A,0.0105488301,0.0048335022
T[T>C]C,0.0108197302,0.0040519032
T[T>C]G,0.0148772806,0.0040234212
T[T>C]T,0.0068912327,0.0038627422
A[T>G]A,0.0002570750,0.0008984700
A[T>G]C,0.0011943691,0.0005378570
A[T>G]G,0.0012011241,0.0000783000
A[T>G]T,0.0004714591,0.0002772530
C[T>G]A,0.0003561920,0.0002388880
C[T>G]C,0.0004003840,0.0003297690
C[T>G]G,0.0010444111,0.0005968080
C[T>G]T,0.0000689000,0.0001694490
G[T>G]A,0.0006482871,0.0006042000
G[T>G]C,0.0013365161,0.0003084610
G[T>G]G,0.0015834312,0.0001150320
G[T>G]T,0.0014266832,0.0003217570
T[T>G]A,0.0001850260,0.0010358770
T[T>G]C,0.0010611081,0.0003831420
T[T>G]G,0.0015189062,0.0010043070
T[T>G]T,0.0000884000,0.0005028170