,signatures.SBSB,signatures.SBSA,contribution.E1_06_14,contribution.E2_06_14,contribution.E1_08_16,contribution.E3_06_14,contribution.E2_08_16,contribution.E3_08_16,contribution.MMEA9_C1,contribution.MMEA9_C2,contribution.MMEA9_C3,contribution.MMEA9_E1,contribution.MMEA9_E2,contribution.MMEA9_E3,contribution.MMEB9_C1,contribution.MMEB9_C2,contribution.MMEB9_C3,contribution.MMEB9_E1,contribution.MMEB9_E2,contribution.MMEB9_E3,reconstructed.E1_06_14,reconstructed.E2_06_14,reconstructed.E1_08_16,reconstructed.E3_06_14,reconstructed.E2_08_16,reconstructed.E3_08_16,reconstructed.MMEA9_C1,reconstructed.MMEA9_C2,reconstructed.MMEA9_C3,reconstructed.MMEA9_E1,reconstructed.MMEA9_E2,reconstructed.MMEA9_E3,reconstructed.MMEB9_C1,reconstructed.MMEB9_C2,reconstructed.MMEB9_C3,reconstructed.MMEB9_E1,reconstructed.MMEB9_E2,reconstructed.MMEB9_E3
A[C>A]A,1165.90844156483,789.388489337572,0.0558888988255687,0.068285757838677,0.0730326269196678,0.192033167548762,0.115102575922003,0.173702421353997,0.000565126287560173,0.00046090829315718,2.22044604925031e-16,0.246722859187866,0.114489781939615,0.342696467429242,0.000298867531365298,0.000572057204515324,0.000532823277472905,0.382001581415554,0.169303064500771,0.210887562423728,78.1955893598676,95.9414933205037,105.376403076145,247.357166382093,150.893185581649,235.416186221909,12.9971416642116,11.0844283874632,13.3152949744219,306.214132476426,146.307051902873,432.626537606086,9.24735773102461,13.0747669437598,9.6157820717838,478.781187016318,215.154087602552,265.404007680913
A[C>A]C,270.934958558807,358.84846248434,0.0165118323935941,0.0206825308935518,0.0256236911407504,0.0297243696779125,0.0211481683528713,0.0416715815968351,0.0156301445000152,0.0133610404257791,0.0168678605709026,0.0235091700385135,0.0162435212062938,0.0418980435902235,0.0112731635607758,0.0157182436627238,0.011394337561552,0.0423141697706283,0.0225012345102906,0.0247386663142834,21.0675021544432,25.9228933816146,28.9821139169529,62.6950426489752,38.7742993352276,62.0158413164245,5.76196578953912,4.91946498328789,6.05300583126867,75.2820771521782,36.8482469354267,107.883501724645,4.12633107334391,5.79545786632126,4.23320096759179,118.681957393713,53.9446521724126,66.0142453566343
A[C>A]G,139.916833092296,81.9343794525569,0.0558888988255687,0.068285757838677,0.0730326269196678,0.192033167548762,0.115102575922003,0.173702421353997,0.000565126287560173,0.00046090829315718,2.22044604925031e-16,0.246722859187866,0.114489781939615,0.342696467429242,0.000298867531365298,0.000572057204515324,0.000532823277472905,0.382001581415554,0.169303064500771,0.210887562423728,9.17268446948306,11.2489373163666,12.3179551039124,29.3041204362831,17.8375499543229,27.718227875258,1.35971687081517,1.15921738485127,1.38205768856919,36.4468903675928,17.3499505405806,51.3818946364578,0.965476259322086,1.36790497299277,1.00813892296059,56.9154367501196,25.5319733042856,31.5336671458265
A[C>A]T,325.060463632178,421.688580674955,0.0165118323935941,0.0206825308935518,0.0256236911407504,0.0297243696779125,0.0211481683528713,0.0416715815968351,0.0156301445000152,0.0133610404257791,0.0168678605709026,0.0235091700385135,0.0162435212062938,0.0418980435902235,0.0112731635607758,0.0157182436627238,0.011394337561552,0.0423141697706283,0.0225012345102906,0.0247386663142834,25.1301225305287,30.9185871997827,34.5452375155796,74.9568177370928,46.3332377910614,74.0362197174121,6.77475366300091,5.78402123695308,7.11298418316703,90.1133955426511,44.0658090010837,129.064999122278,4.85091435997038,6.81415704096097,4.97806181567156,142.01701335618,64.5222462850477,78.9832219015783
C[C>A]A,419.711055134926,1041.9854630637,0.0558888988255687,0.068285757838677,0.0730326269196678,0.192033167548762,0.115102575922003,0.173702421353997,0.000565126287560173,0.00046090829315718,2.22044604925031e-16,0.246722859187866,0.114489781939615,0.342696467429242,0.000298867531365298,0.000572057204515324,0.000532823277472905,0.382001581415554,0.169303064500771,0.210887562423728,40.662278019078,50.2111840036061,57.3521145824254,111.570804475909,70.3459075830875,116.326008792753,16.5235731050373,14.1154582011097,17.576065507866,128.048524984469,64.9781401459685,187.490648287561,11.8719105600027,16.618280134356,12.0963659203665,204.421036581737,94.504327099905,114.289172014763
C[C>A]C,62.913644808711,394.226401065382,0.0165118323935941,0.0206825308935518,0.0256236911407504,0.0297243696779125,0.0211481683528713,0.0416715815968351,0.0156301445000152,0.0133610404257791,0.0168678605709026,0.0235091700385135,0.0162435212062938,0.0418980435902235,0.0112731635607758,0.0157182436627238,0.011394337561552,0.0423141697706283,0.0225012345102906,0.0247386663142834,10.0255745889832,12.4497056332447,14.6962842899,23.7996377767149,15.5786888770018,27.3562900791011,6.19736976890049,5.29627230218905,6.6497559665396,24.7901698254523,13.6065943809621,38.0775987652977,4.46298154489922,6.23253683399948,4.52547054383949,40.7144746722884,19.5220535655478,23.0203405851386
C[C>A]G,58.9166307515087,149.783299009132,0.0558888988255687,0.068285757838677,0.0730326269196678,0.192033167548762,0.115102575922003,0.173702421353997,0.000565126287560173,0.00046090829315718,2.22044604925031e-16,0.246722859187866,0.114489781939615,0.342696467429242,0.000298867531365298,0.000572057204515324,0.000532823277472905,0.382001581415554,0.169303064500771,0.210887562423728,5.76598234381284,7.12106448926275,8.14083730489143,15.7661613758378,9.94909838803772,16.4756683860586,2.37442994401386,2.02841587688582,2.52652380353586,18.0573606380632,9.17836040116052,26.4661484223472,1.70613989639159,2.38803407351931,1.73807362228761,28.8442020618298,13.3450752730202,16.130223699044
C[C>A]T,64.8920388132596,785.532682086276,0.0165118323935941,0.0206825308935518,0.0256236911407504,0.0297243696779125,0.0211481683528713,0.0416715815968351,0.0156301445000152,0.0133610404257791,0.0168678605709026,0.0235091700385135,0.0162435212062938,0.0418980435902235,0.0112731635607758,0.0157182436627238,0.011394337561552,0.0423141697706283,0.0225012345102906,0.0247386663142834,16.5973285781182,20.6780060132043,24.8674828874494,35.810887598422,24.0818182316799,44.0062935269997,12.3146615274797,10.5254431999743,13.2502557553185,34.4775707485132,20.1892921530524,55.1505550211813,8.87483253093886,12.3843160603838,8.98520053412473,58.0280247181203,28.6618761279086,33.1179547871307
G[C>A]A,293.630277847512,965.653764116416,0.0558888988255687,0.068285757838677,0.0730326269196678,0.192033167548762,0.115102575922003,0.173702421353997,0.000565126287560173,0.00046090829315718,2.22044604925031e-16,0.246722859187866,0.114489781939615,0.342696467429242,0.000298867531365298,0.000572057204515324,0.000532823277472905,0.382001581415554,0.169303064500771,0.210887562423728,32.3553859940768,40.022929856011,46.1882043349779,85.0902018087449,54.2194097230599,91.2446098706279,15.2592460589584,13.0374756098472,16.288513052883,95.1470202336091,49.3032838769926,141.085062450622,10.9737293822376,15.3463544741147,11.1594380029338,153.028067803706,71.4409076719248,85.8119597946716
G[C>A]C,112.44898115239,386.117112255226,0.0165118323935941,0.0206825308935518,0.0256236911407504,0.0297243696779125,0.0211481683528713,0.0416715815968351,0.0156301445000152,0.0133610404257791,0.0168678605709026,0.0235091700385135,0.0162435212062938,0.0418980435902235,0.0112731635607758,0.0157182436627238,0.011394337561552,0.0423141697706283,0.0225012345102906,0.0247386663142834,12.6601507725211,15.6645429989258,18.1061901165856,33.0710218219668,21.1088370843428,35.6227710542381,6.09861413373634,5.21075501389737,6.51296961356072,36.821026989468,19.1461608324997,54.7134202071421,4.38636870946915,6.13341010258353,4.45946415001382,59.2939136680931,27.72606880038,33.266113930576
G[C>A]G,54.1104845119336,84.830828899879,0.0558888988255687,0.068285757838677,0.0730326269196678,0.192033167548762,0.115102575922003,0.173702421353997,0.000565126287560173,0.00046090829315718,2.22044604925031e-16,0.246722859187866,0.114489781939615,0.342696467429242,0.000298867531365298,0.000572057204515324,0.000532823277472905,0.382001581415554,0.169303064500771,0.210887562423728,4.42488782289442,5.44949168136274,6.12550978674686,12.9125506567286,8.02227280279946,12.9341569887893,1.35649737099148,1.15836810534194,1.43091459399727,15.3445958319403,7.57304894060085,22.0977176601663,0.972483676111584,1.36434593126399,0.995422425814779,24.2598367505731,11.0698692242704,13.5098297496067
G[C>A]T,77.8531308965078,846.821149340228,0.0165118323935941,0.0206825308935518,0.0256236911407504,0.0297243696779125,0.0211481683528713,0.0416715815968351,0.0156301445000152,0.0133610404257791,0.0168678605709026,0.0235091700385135,0.0162435212062938,0.0418980435902235,0.0112731635607758,0.0157182436627238,0.011394337561552,0.0423141697706283,0.0225012345102906,0.0247386663142834,18.3336946411853,22.830664625924,27.384502245442,40.1216082237084,26.8698121408,48.8116539693701,13.2799337806952,11.350294763418,14.2840610755625,39.1162094435624,22.6687452769035,62.1601423647197,9.56962109627663,13.3550776085009,9.69044799020981,65.5725529991591,32.2352949113367,37.3674828432258
T[C>A]A,641.287788589657,918.738216221764,0.0558888988255687,0.068285757838677,0.0730326269196678,0.192033167548762,0.115102575922003,0.173702421353997,0.000565126287560173,0.00046090829315718,2.22044604925031e-16,0.246722859187866,0.114489781939615,0.342696467429242,0.000298867531365298,0.000572057204515324,0.000532823277472905,0.382001581415554,0.169303064500771,0.210887562423728,51.0109197744034,62.7926541766273,70.3763961038777,150.457439729414,93.2435068428688,149.678516206189,14.7224196644557,12.5708733077086,15.4971481323886,179.819129709142,88.3444427743984,258.26039358645,10.5487462792738,14.8078044444603,10.8101064276486,283.848594239704,129.244731891923,157.967976709066
T[C>A]C,104.993206372978,829.153083183988,0.0165118323935941,0.0206825308935518,0.0256236911407504,0.0297243696779125,0.0211481683528713,0.0416715815968351,0.0156301445000152,0.0133610404257791,0.0168678605709026,0.0235091700385135,0.0162435212062938,0.0418980435902235,0.0112731635607758,0.0157182436627238,0.011394337561552,0.0423141697706283,0.0225012345102906,0.0247386663142834,19.5587914265172,24.318524923528,28.9138921820449,44.8082307550456,29.6200575013175,52.7896945348752,13.0191169237355,11.1267401031231,13.9860385990815,45.3969248921729,25.4890149927462,70.7206929502999,9.37855738405346,13.0928923153154,9.50359294433202,75.1924952000544,36.4326395603604,42.6539028113967
T[C>A]G,77.625664926324,144.524506168966,0.0558888988255687,0.068285757838677,0.0730326269196678,0.192033167548762,0.115102575922003,0.173702421353997,0.000565126287560173,0.00046090829315718,2.22044604925031e-16,0.246722859187866,0.114489781939615,0.342696467429242,0.000298867531365298,0.000572057204515324,0.000532823277472905,0.382001581415554,0.169303064500771,0.210887562423728,6.72477735596375,8.2898599209402,9.37245753429844,19.2026021677649,11.991342578255,19.5063307084789,2.30280721905348,1.9667760821657,2.43781921913669,22.5496771872403,11.2349323311172,32.6573352114201,1.65244818743023,2.31607772407503,1.68812177040787,35.7685612503395,16.3942427617285,19.9456307901842
T[C>A]T,79.2272156148068,1815.75741471099,0.0165118323935941,0.0206825308935518,0.0256236911407504,0.0297243696779125,0.0211481683528713,0.0416715815968351,0.0156301445000152,0.0133610404257791,0.0168678605709026,0.0235091700385135,0.0162435212062938,0.0418980435902235,0.0112731635607758,0.0157182436627238,0.011394337561552,0.0423141697706283,0.0225012345102906,0.0247386663142834,34.4094039368611,42.9645492846611,52.3125788609622,69.1864978108602,47.5192000946746,89.4274424566146,28.4253241511409,24.2969247020823,30.6279429019276,62.2341149731111,38.5650007107652,103.227570226282,20.4930087650762,28.5858399763109,20.731567017797,107.097189164365,54.2701937976611,61.6274511688468
A[C>G]A,43.5238342027628,269.161125272197,0.0558888988255687,0.068285757838677,0.0730326269196678,0.192033167548762,0.115102575922003,0.173702421353997,0.000565126287560173,0.00046090829315718,2.22044604925031e-16,0.246722859187866,0.114489781939615,0.342696467429242,0.000298867531365298,0.000572057204515324,0.000532823277472905,0.382001581415554,0.169303064500771,0.210887562423728,6.87684255362475,8.53899129136597,10.0755614865155,16.3586645363374,10.7019702220449,18.7765651821061,4.23162374463452,3.61633317194407,4.54017233219868,17.066079479106,9.3551587333191,26.192788789711,3.04730525027967,4.25563827448513,3.09010323178671,28.0155030451449,13.4251761101546,15.8373225652411
A[C>G]C,88.931019123295,229.069775733033,0.0165118323935941,0.0206825308935518,0.0256236911407504,0.0297243696779125,0.0211481683528713,0.0416715815968351,0.0156301445000152,0.0133610404257791,0.0168678605709026,0.0235091700385135,0.0162435212062938,0.0418980435902235,0.0112731635607758,0.0157182436627238,0.011394337561552,0.0423141697706283,0.0225012345102906,0.0247386663142834,8.75261847357859,10.8104647495775,12.3644791242817,23.8866599915111,15.0805955622168,24.9932332060228,3.63065095197948,3.10159957812606,3.86391703807275,27.3265556169822,13.9025927469343,40.0739215473009,2.6089196428159,3.65144818093168,2.65748286692948,43.6646873216829,20.2106468097391,24.4213265913169
A[C>G]G,6.84887796117723,49.4147458350576,0.0558888988255687,0.068285757838677,0.0730326269196678,0.192033167548762,0.115102575922003,0.173702421353997,0.000565126287560173,0.00046090829315718,2.22044604925031e-16,0.246722859187866,0.114489781939615,0.342696467429242,0.000298867531365298,0.000572057204515324,0.000532823277472905,0.382001581415554,0.169303064500771,0.210887562423728,1.19870424844143,1.48970282925419,1.76637973403319,2.78403390178111,1.83335485954108,3.24885729856698,0.776230098809627,0.663389121382932,0.833521042892343,2.8514744150567,1.58679601618159,4.41746745814649,0.559107419361648,0.780630965547537,0.566697536165229,4.70722615652891,2.27142881152013,2.66679808678887
A[C>G]T,53.7094387532229,325.47845074439,0.0165118323935941,0.0206825308935518,0.0256236911407504,0.0297243696779125,0.0211481683528713,0.0416715815968351,0.0156301445000152,0.0133610404257791,0.0168678605709026,0.0235091700385135,0.0162435212062938,0.0418980435902235,0.0112731635607758,0.0157182436627238,0.011394337561552,0.0423141697706283,0.0225012345102906,0.0247386663142834,8.376007014875,10.3993078410601,12.2625006973731,19.9886354431681,13.0653678233951,22.8926613792054,5.11762783250545,4.37348586385793,5.49012512598978,20.9030745369925,11.4360980478137,32.0429452453036,3.68522381812061,5.14667446715542,3.73722897598029,34.2894409621522,16.4168395217827,19.3785554032691
C[C>G]A,42.9876075417747,213.542104332033,0.0558888988255687,0.068285757838677,0.0730326269196678,0.192033167548762,0.115102575922003,0.173702421353997,0.000565126287560173,0.00046090829315718,2.22044604925031e-16,0.246722859187866,0.114489781939615,0.342696467429242,0.000298867531365298,0.000572057204515324,0.000532823277472905,0.382001581415554,0.169303064500771,0.210887562423728,5.92850148436141,7.35203252858304,8.61123483071744,14.6024508925547,9.46400873362262,16.3656887432538,3.36198737460817,2.87295803340522,3.60199844188987,15.6262230834763,8.3903175137175,23.6786976434524,2.42014266939256,3.38109819874082,2.45607561830447,25.457190918112,12.0828946597749,14.3482986320328
C[C>G]C,53.0050299052698,205.014685758155,0.0165118323935941,0.0206825308935518,0.0256236911407504,0.0297243696779125,0.0211481683528713,0.0416715815968351,0.0156301445000152,0.0133610404257791,0.0168678605709026,0.0235091700385135,0.0162435212062938,0.0418980435902235,0.0112731635607758,0.0157182436627238,0.011394337561552,0.0423141697706283,0.0225012345102906,0.0247386663142834,6.34756088308589,7.85971120816795,9.12432956112239,16.2726560976023,10.4367005681438,17.7503882446069,3.23436369879755,2.76363996215549,3.45815913435598,17.8972776374474,9.39869471127136,26.7543507450485,2.32700556735047,3.25279269441629,2.36424884836061,28.9230314654344,13.586997519215,16.2498914534178
C[C>G]G,3.78840244155013,45.9327252859447,0.0558888988255687,0.068285757838677,0.0730326269196678,0.192033167548762,0.115102575922003,0.173702421353997,0.000565126287560173,0.00046090829315718,2.22044604925031e-16,0.246722859187866,0.114489781939615,0.342696467429242,0.000298867531365298,0.000572057204515324,0.000532823277472905,0.382001581415554,0.169303064500771,0.210887562423728,0.970163102068854,1.20869894147072,1.45364294811527,2.09282022751375,1.40744788690497,2.57214398687891,0.720076059306394,0.615455105514841,0.774786805764888,2.01452573121314,1.17984256667769,3.22276346016782,0.518939355426161,0.724148951047724,0.525391526035383,3.39078085948779,1.67493116627244,1.93524132013324
C[C>G]T,1.59560444037758,276.468984792819,0.0165118323935941,0.0206825308935518,0.0256236911407504,0.0297243696779125,0.0211481683528713,0.0416715815968351,0.0156301445000152,0.0133610404257791,0.0168678605709026,0.0235091700385135,0.0162435212062938,0.0418980435902235,0.0112731635607758,0.0157182436627238,0.011394337561552,0.0423141697706283,0.0225012345102906,0.0247386663142834,4.65418611406004,5.82703537750832,7.20068706013349,8.52427528329949,6.030470815986,11.7980602136049,4.32215190009807,3.69464870961013,4.66344028766426,6.8932284635324,4.67351022180537,12.1303175813262,3.11715695941122,4.34651964517508,3.15103111321644,12.3080789783745,6.49103418313215,7.17596709206194
G[C>G]A,18.129023052129,160.867991482747,0.0558888988255687,0.068285757838677,0.0730326269196678,0.192033167548762,0.115102575922003,0.173702421353997,0.000565126287560173,0.00046090829315718,2.22044604925031e-16,0.246722859187866,0.114489781939615,0.342696467429242,0.000298867531365298,0.000572057204515324,0.000532823277472905,0.382001581415554,0.169303064500771,0.210887562423728,3.66943644802409,4.56511128161502,5.44604190517099,8.26307336944132,5.48876061871483,9.85267883432952,2.5246351397971,2.15771955448644,2.71349885065213,8.25471736722606,4.6886505270804,12.9528062773238,1.81890935604415,2.53893312590659,1.84264376328332,13.7323109776933,6.68902756068328,7.80284504252774
G[C>G]C,43.027223227762,259.584996209828,0.0165118323935941,0.0206825308935518,0.0256236911407504,0.0297243696779125,0.0211481683528713,0.0416715815968351,0.0156301445000152,0.0133610404257791,0.0168678605709026,0.0235091700385135,0.0162435212062938,0.0418980435902235,0.0112731635607758,0.0157182436627238,0.011394337561552,0.0423141697706283,0.0225012345102906,0.0247386663142834,6.69096807503,8.30702124941395,9.79391690903593,15.9786543574352,10.4422914300114,18.2912502096732,4.08166681572224,3.48815723230243,4.37864352236567,16.7184273530117,9.14275179558364,25.6213808900109,2.93920356018435,4.10483425465104,2.98072497882976,27.4205909164557,13.1256236244891,15.4956928257938
G[C>G]G,4.57796384951166,24.7676695564614,0.0558888988255687,0.068285757838677,0.0730326269196678,0.192033167548762,0.115102575922003,0.173702421353997,0.000565126287560173,0.00046090829315718,2.22044604925031e-16,0.246722859187866,0.114489781939615,0.342696467429242,0.000298867531365298,0.000572057204515324,0.000532823277472905,0.382001581415554,0.169303064500771,0.210887562423728,0.664816966908682,0.824867821584766,0.968979840864046,1.61532426490208,1.05072627704493,1.82731136841677,0.389709381810978,0.333031855700233,0.417777596744581,1.71175568527077,0.926444248528887,2.60656893795129,0.28057819468362,0.391923122248409,0.284650433241746,2.79681280461162,1.33236644985939,1.57815474962719
G[C>G]T,20.6573764380292,242.59081051499,0.0165118323935941,0.0206825308935518,0.0256236911407504,0.0297243696779125,0.0211481683528713,0.0416715815968351,0.0156301445000152,0.0133610404257791,0.0168678605709026,0.0235091700385135,0.0162435212062938,0.0418980435902235,0.0112731635607758,0.0157182436627238,0.011394337561552,0.0423141697706283,0.0225012345102906,0.0247386663142834,5.16013682519636,6.42799653799769,7.72473446875813,11.1777603628539,7.50806854143815,13.6973790611244,3.80340344918225,3.25078678232845,4.0919879675491,10.7997555922883,6.30558749888673,17.2432902852134,2.74093970437716,3.82491867103002,2.775168315356,18.1561792081492,8.95594985294361,10.3577568753272
T[C>G]A,39.1551862061354,291.988215501126,0.0558888988255687,0.068285757838677,0.0730326269196678,0.192033167548762,0.115102575922003,0.173702421353997,0.000565126287560173,0.00046090829315718,2.22044604925031e-16,0.246722859187866,0.114489781939615,0.342696467429242,0.000298867531365298,0.000572057204515324,0.000532823277472905,0.382001581415554,0.169303064500771,0.210887562423728,7.00960071563024,8.71279685105557,10.3414219569025,16.1982600922752,10.6818787315041,18.9689614001418,4.58594562560358,3.91931330120417,4.92521650741966,16.5248801002691,9.22578550102588,25.6520789752746,3.30333312500482,4.61194092425395,3.34787508605944,27.3125819731017,13.1991883270291,15.4807408062445
T[C>G]C,88.42198716766,363.17663467059,0.0165118323935941,0.0206825308935518,0.0256236911407504,0.0297243696779125,0.0211481683528713,0.0416715815968351,0.0156301445000152,0.0133610404257791,0.0168678605709026,0.0235091700385135,0.0162435212062938,0.0418980435902235,0.0112731635607758,0.0157182436627238,0.011394337561552,0.0423141697706283,0.0225012345102906,0.0247386663142834,10.9385192157194,13.5493743697361,15.7636159166477,27.7751508240905,17.8581191029828,30.493258037694,5.7264728682773,4.89317212471517,6.12601283623316,30.3537067475639,16.022681396395,45.5182931158099,4.12057606511689,5.75908127115716,4.18527046290849,49.1448567061287,23.1420360221137,27.6316029167101
T[C>G]G,5.06849864662885,17.3361139972127,0.0558888988255687,0.068285757838677,0.0730326269196678,0.192033167548762,0.115102575922003,0.173702421353997,0.000565126287560173,0.00046090829315718,2.22044604925031e-16,0.246722859187866,0.114489781939615,0.342696467429242,0.000298867531365298,0.000572057204515324,0.000532823277472905,0.382001581415554,0.169303064500771,0.210887562423728,0.569523816737189,0.704660984510848,0.814381001347506,1.48862491106034,0.95002430768179,1.60283377655577,0.273830308668844,0.233964633002761,0.292423153746258,1.65807212965363,0.861890840162222,2.46330584130991,0.19694765827708,0.275392735139826,0.200234148950552,2.66973776925584,1.24819631984069,1.49775566409895
T[C>G]T,27.591095484126,593.399263221903,0.0165118323935941,0.0206825308935518,0.0256236911407504,0.0297243696779125,0.0211481683528713,0.0416715815968351,0.0156301445000152,0.0133610404257791,0.0168678605709026,0.0235091700385135,0.0162435212062938,0.0418980435902235,0.0112731635607758,0.0157182436627238,0.011394337561552,0.0423141697706283,0.0225012345102906,0.0247386663142834,11.3401451208012,14.1570774585307,17.220129626744,22.9368245285658,15.7251136818195,29.5205259102554,9.29050868372155,7.9411485092613,10.0093760349034,20.7576781457813,12.7977920213968,34.3176391517907,6.69773303373936,9.34297789355479,6.77609269185154,35.649039273661,18.0234729983856,20.4985252352359
A[C>T]A,1613.83130586943,347.578567759738,0.0558888988255687,0.068285757838677,0.0730326269196678,0.192033167548762,0.115102575922003,0.173702421353997,0.000565126287560173,0.00046090829315718,2.22044604925031e-16,0.246722859187866,0.114489781939615,0.342696467429242,0.000298867531365298,0.000572057204515324,0.000532823277472905,0.382001581415554,0.169303064500771,0.210887562423728,95.9344136297261,117.390498210703,126.768585540262,320.240691395671,193.106790475973,294.810554134113,6.3447217338274,5.38783952760416,5.86290681840564,406.340357682199,190.413094132573,567.617149531198,4.40063182300095,6.38652844538309,4.82031441589696,631.193609504867,281.047532534887,348.93558046371
A[C>T]C,1186.27676334649,320.263269372066,0.0165118323935941,0.0206825308935518,0.0256236911407504,0.0297243696779125,0.0211481683528713,0.0416715815968351,0.0156301445000152,0.0133610404257791,0.0168678605709026,0.0235091700385135,0.0162435212062938,0.0418980435902235,0.0112731635607758,0.0157182436627238,0.011394337561552,0.0423141697706283,0.0225012345102906,0.0247386663142834,71.5878354314914,87.6296627543859,94.8432353790724,237.324108267993,143.316492755519,219.405023151376,5.67615736162158,4.82581528717841,5.40215617374969,300.210718497733,141.018771163215,419.951260612737,3.96491982591748,5.71259427323215,4.28126367282781,466.711273946392,208.04661030979,258.093901135769
A[C>T]G,171.163616435582,257.017940760238,0.0558888988255687,0.068285757838677,0.0730326269196678,0.192033167548762,0.115102575922003,0.173702421353997,0.000565126287560173,0.00046090829315718,2.22044604925031e-16,0.246722859187866,0.114489781939615,0.342696467429242,0.000298867531365298,0.000572057204515324,0.000532823277472905,0.382001581415554,0.169303064500771,0.210887562423728,13.8099832015664,17.003818762683,19.086276873033,40.5087877182392,25.1368318367669,40.4418787128081,4.11395661230048,3.51291782694998,4.33534278896424,48.2722553082029,23.7713614928425,69.4257155903296,2.94856053174761,4.1377859984938,3.01974913549046,76.2602729386235,34.7617457519765,42.4545589189816
A[C>T]T,951.193915268564,207.372950945369,0.0165118323935941,0.0206825308935518,0.0256236911407504,0.0297243696779125,0.0211481683528713,0.0416715815968351,0.0156301445000152,0.0133610404257791,0.0168678605709026,0.0235091700385135,0.0162435212062938,0.0418980435902235,0.0112731635607758,0.0157182436627238,0.011394337561552,0.0423141697706283,0.0225012345102906,0.0247386663142834,56.5852879029163,69.2419948200668,74.7818507880373,188.824810757231,113.870427927171,173.866245105634,3.77881387475623,3.20913154474211,3.49793802272332,239.556448382324,112.270450867679,334.659315540869,2.62203017139389,3.8036759041379,2.86969566365238,372.132394117582,165.706192189767,205.725096419315
C[C>T]A,509.672566358639,496.457591909335,0.0558888988255687,0.068285757838677,0.0730326269196678,0.192033167548762,0.115102575922003,0.173702421353997,0.000565126287560173,0.00046090829315718,2.22044604925031e-16,0.246722859187866,0.114489781939615,0.342696467429242,0.000298867531365298,0.000572057204515324,0.000532823277472905,0.382001581415554,0.169303064500771,0.210887562423728,36.6824630435202,45.0713769253862,49.9438023896256,112.630926321875,69.1637939984169,109.219531924819,8.04773326497,6.86810226781497,8.37417743969284,137.419178766728,66.4165204052093,195.463589863216,5.74897221629504,8.09500326136928,5.92837079445544,215.702917181093,97.4600360764559,119.765303859057
C[C>T]C,321.261431618475,475.61817728284,0.0165118323935941,0.0206825308935518,0.0256236911407504,0.0297243696779125,0.0211481683528713,0.0416715815968351,0.0156301445000152,0.0133610404257791,0.0168678605709026,0.0235091700385135,0.0162435212062938,0.0418980435902235,0.0112731635607758,0.0157182436627238,0.011394337561552,0.0423141697706283,0.0225012345102906,0.0247386663142834,25.8082752749233,31.774567967593,35.6496595546927,75.8303008520359,47.0364716085402,75.6236502433605,7.61553411795145,6.5028257520159,8.02266109939385,90.4439275588475,44.5068652004004,130.022628861012,5.45773611597821,7.65966231744249,5.59052963129137,142.847763225625,65.0925410233108,79.5161995955854
C[C>T]G,64.7725275821752,240.895267922671,0.0558888988255687,0.068285757838677,0.0730326269196678,0.192033167548762,0.115102575922003,0.173702421353997,0.000565126287560173,0.00046090829315718,2.22044604925031e-16,0.246722859187866,0.114489781939615,0.342696467429242,0.000298867531365298,0.000572057204515324,0.000532823277472905,0.382001581415554,0.169303064500771,0.210887562423728,7.59768752906564,9.40536495399652,10.9031337840717,19.5989336391379,12.549978455126,21.2896316917734,3.80183250504963,3.24846560822507,4.06338779150985,21.6441110169665,11.3287799515587,32.2903568249772,2.73501016172795,3.82350410946372,2.77935431012797,34.9364912324944,16.3866283310703,19.6191481036575
C[C>T]T,246.507314963979,418.330221916246,0.0165118323935941,0.0206825308935518,0.0256236911407504,0.0297243696779125,0.0211481683528713,0.0416715815968351,0.0156301445000152,0.0133610404257791,0.0168678605709026,0.0235091700385135,0.0162435212062938,0.0418980435902235,0.0112731635607758,0.0157182436627238,0.011394337561552,0.0423141697706283,0.0225012345102906,0.0247386663142834,20.6844208952405,25.4850665535819,28.7222411679568,59.7721826801548,37.2205448961492,60.2513994677204,6.67786958103637,5.70294427213891,7.05633585587803,70.6535858779147,35.017724567676,102.004403906578,4.78957804676425,6.71643264505173,4.89794059619283,111.86748017709,51.1473902713376,62.3342585415378
G[C>T]A,298.383029946515,631.675635224562,0.0558888988255687,0.068285757838677,0.0730326269196678,0.192033167548762,0.115102575922003,0.173702421353997,0.000565126287560173,0.00046090829315718,2.22044604925031e-16,0.246722859187866,0.114489781939615,0.342696467429242,0.000298867531365298,0.000572057204515324,0.000532823277472905,0.382001581415554,0.169303064500771,0.210887562423728,27.1064211878925,33.4399621663344,37.9775578833754,76.0755984813714,47.7034380363919,78.1527775686448,10.0418055496834,8.57737091125479,10.6550165410043,88.468084199223,44.4224446093274,128.720783603025,7.21015975280485,10.0995237122515,7.35651084111486,140.711619375995,64.7306429675948,78.5520826127103
G[C>T]C,367.994406802325,521.099083215386,0.0165118323935941,0.0206825308935518,0.0256236911407504,0.0297243696779125,0.0211481683528713,0.0416715815968351,0.0156301445000152,0.0133610404257791,0.0168678605709026,0.0235091700385135,0.0162435212062938,0.0418980435902235,0.0112731635607758,0.0157182436627238,0.011394337561552,0.0423141697706283,0.0225012345102906,0.0247386663142834,29.1711028926583,35.9064248360949,40.228080182558,86.1564733667936,53.3773952882029,85.6365424725375,8.35281728244104,7.13203759060785,8.78982667930239,103.043239165636,50.5960833985855,147.94341534826,5.98441677637462,8.40127621403402,6.13365484309551,162.624320425061,74.0279534653037,90.4967397724526
G[C>T]G,58.8332859107318,113.705720394994,0.0558888988255687,0.068285757838677,0.0730326269196678,0.192033167548762,0.115102575922003,0.173702421353997,0.000565126287560173,0.00046090829315718,2.22044604925031e-16,0.246722859187866,0.114489781939615,0.342696467429242,0.000298867531365298,0.000572057204515324,0.000532823277472905,0.382001581415554,0.169303064500771,0.210887562423728,5.16561736119567,6.36919758939691,7.21030968071449,14.6777731182539,9.17653047587875,14.957781424373,1.81048507670379,1.5463434762298,1.91797223773681,17.1886436304305,8.5827913552237,24.9260064784296,1.29940654273086,1.82091022408461,1.32694910508347,27.2857714144583,12.5191746791062,15.2201361299695
G[C>T]T,289.578509281217,368.537063304983,0.0165118323935941,0.0206825308935518,0.0256236911407504,0.0297243696779125,0.0211481683528713,0.0416715815968351,0.0156301445000152,0.0133610404257791,0.0168678605709026,0.0235091700385135,0.0162435212062938,0.0418980435902235,0.0112731635607758,0.0157182436627238,0.011394337561552,0.0423141697706283,0.0225012345102906,0.0247386663142834,22.2694462273962,27.3963671572864,30.5919591163348,66.5632103010102,41.1251162089682,65.6580105391998,5.92393598097543,5.05750773766359,6.21643179903842,80.109638255953,39.140119985105,114.678514117064,4.24112420705037,5.9584108322795,4.35352987364097,126.213788352839,57.3190679220341,70.1856213861607
T[C>T]A,1070.22424324598,439.82074456367,0.0558888988255687,0.068285757838677,0.0730326269196678,0.192033167548762,0.115102575922003,0.173702421353997,0.000565126287560173,0.00046090829315718,2.22044604925031e-16,0.246722859187866,0.114489781939615,0.342696467429242,0.000298867531365298,0.000572057204515324,0.000532823277472905,0.382001581415554,0.169303064500771,0.210887562423728,67.0759008689067,82.1776796444396,89.4311187933621,218.591945821428,132.486970362906,204.228568488642,7.47927364507693,6.3697379774614,7.41883499549079,274.388605936232,129.67397782701,385.189696245146,5.27802646847466,7.52543911976818,5.58170641904888,427.438003043341,191.088753800481,236.577560542785
T[C>T]C,789.255782293248,569.126458006661,0.0165118323935941,0.0206825308935518,0.0256236911407504,0.0297243696779125,0.0211481683528713,0.0416715815968351,0.0156301445000152,0.0133610404257791,0.0168678605709026,0.0235091700385135,0.0162435212062938,0.0418980435902235,0.0112731635607758,0.0157182436627238,0.011394337561552,0.0423141697706283,0.0225012345102906,0.0247386663142834,53.5079572494483,65.6659047725128,72.2245436724053,168.480213111219,102.881355751286,160.812040085722,9.34155796760873,7.96789614828869,9.59994574086819,208.107133912641,99.6063400990282,294.320453635912,6.65173857514386,9.39716779831786,6.90535283042429,325.579070542441,146.429470514819,180.523657591913
T[C>T]G,116.121331907549,160.020907515877,0.0558888988255687,0.068285757838677,0.0730326269196678,0.192033167548762,0.115102575922003,0.173702421353997,0.000565126287560173,0.00046090829315718,2.22044604925031e-16,0.246722859187866,0.114489781939615,0.342696467429242,0.000298867531365298,0.000572057204515324,0.000532823277472905,0.382001581415554,0.169303064500771,0.210887562423728,9.13213177484429,11.2390705138549,12.5809722208684,27.0556677973848,16.7500135141778,26.8388808279399,2.56677312470418,2.19156709917814,2.69921035640714,32.4117457454417,15.8940089733175,46.498933196343,1.83864675937632,2.58167565998037,1.8852043857933,51.1296842722411,23.2603653124235,28.4472484657238
T[C>T]T,656.589937110439,631.873910425743,0.0165118323935941,0.0206825308935518,0.0256236911407504,0.0297243696779125,0.0211481683528713,0.0416715815968351,0.0156301445000152,0.0133610404257791,0.0168678605709026,0.0235091700385135,0.0162435212062938,0.0418980435902235,0.0112731635607758,0.0157182436627238,0.011394337561552,0.0423141697706283,0.0225012345102906,0.0247386663142834,47.1294846678867,57.9044931180455,64.1434298368423,144.869099107283,88.9381689213481,140.382447129969,10.2473367593526,8.74512060841123,10.6583610194526,176.850577800968,85.4366959872241,251.485332639879,7.31945135563989,10.3075550921262,7.54963103397571,277.555614237113,125.38063151259,154.098369171893
A[T>A]A,1587.03125000243,98.141633049946,0.0558888988255687,0.068285757838677,0.0730326269196678,0.192033167548762,0.115102575922003,0.173702421353997,0.000565126287560173,0.00046090829315718,2.22044604925031e-16,0.246722859187866,0.114489781939615,0.342696467429242,0.000298867531365298,0.000572057204515324,0.000532823277472905,0.382001581415554,0.169303064500771,0.210887562423728,90.317927160156,110.401448977578,118.419812084602,307.679836118408,184.746900722162,279.76088795957,2.43084098459398,2.04275019125803,1.65543938248753,393.864115960321,183.2930274418,547.98194549519,1.58067879338149,2.45048676209153,1.96386608789127,610.401228979274,270.89756198438,337.113044914856
A[T>A]C,1439.5566970323,106.82058793887,0.0165118323935941,0.0206825308935518,0.0256236911407504,0.0297243696779125,0.0211481683528713,0.0416715815968351,0.0156301445000152,0.0133610404257791,0.0168678605709026,0.0235091700385135,0.0162435212062938,0.0418980435902235,0.0112731635607758,0.0157182436627238,0.011394337561552,0.0423141697706283,0.0225012345102906,0.0247386663142834,82.2190422383398,100.510540118706,107.871744936888,279.617807042253,167.955743791471,254.505866797389,2.48315255698736,2.09073781388888,1.80183478345502,357.682807620318,166.549674818394,497.806568386873,1.63444271579554,2.50254080926418,1.98417915491975,554.432959296733,246.124955429915,306.22720168841
A[T>A]G,2323.81753996051,62.6797210259489,0.0558888988255687,0.068285757838677,0.0730326269196678,0.192033167548762,0.115102575922003,0.173702421353997,0.000565126287560173,0.00046090829315718,2.22044604925031e-16,0.246722859187866,0.114489781939615,0.342696467429242,0.000298867531365298,0.000572057204515324,0.000532823277472905,0.382001581415554,0.169303064500771,0.210887562423728,130.910560427993,159.980017061532,171.320585237674,448.113158203073,268.802946114754,406.264696585229,2.29294347618132,1.90853306245618,1.05727279488929,574.812455909536,267.071502795221,798.990219578348,1.4011123585807,2.3145716935109,1.95237797752435,890.354215542785,394.839801957801,491.61482922291
A[T>A]T,1192.01597086361,115.011973121475,0.0165118323935941,0.0206825308935518,0.0256236911407504,0.0297243696779125,0.0211481683528713,0.0416715815968351,0.0156301445000152,0.0133610404257791,0.0168678605709026,0.0235091700385135,0.0162435212062938,0.0418980435902235,0.0112731635607758,0.0157182436627238,0.011394337561552,0.0423141697706283,0.0225012345102906,0.0247386663142834,68.519518417497,83.7764526134415,90.003088959121,232.325261060102,139.636401356738,211.84879125419,2.47129331944711,2.0860896688715,1.9400059265977,296.801424561649,138.34184799709,413.318438997441,1.65280365500596,2.48968754168384,1.94561910176183,460.218622098815,204.399868179769,254.226585290781
C[T>A]A,284.767959777142,94.2659845678456,0.0558888988255687,0.068285757838677,0.0730326269196678,0.192033167548762,0.115102575922003,0.173702421353997,0.000565126287560173,0.00046090829315718,2.22044604925031e-16,0.246722859187866,0.114489781939615,0.342696467429242,0.000298867531365298,0.000572057204515324,0.000532823277472905,0.382001581415554,0.169303064500771,0.210887562423728,17.4718718303497,21.3952550795916,23.2127946387242,57.4868903057501,34.7710786219923,53.3930968050521,1.63432082015657,1.39074354487359,1.59006548426934,72.4748803013651,34.134233137634,101.538534183158,1.14778375940142,1.6445992775496,1.22582944638582,112.770597845948,50.3331892870069,62.3860356307911
C[T>A]C,415.165176112467,145.609191007985,0.0165118323935941,0.0206825308935518,0.0256236911407504,0.0297243696779125,0.0211481683528713,0.0416715815968351,0.0156301445000152,0.0133610404257791,0.0168678605709026,0.0235091700385135,0.0162435212062938,0.0418980435902235,0.0112731635607758,0.0157182436627238,0.011394337561552,0.0423141697706283,0.0225012345102906,0.0247386663142834,25.6073990805398,31.3614352704753,34.0516483547031,84.0536252468398,50.8659488888191,78.1829616369324,2.51051345068582,2.13684336012297,2.4561155317647,105.853890516279,49.8973764640077,148.376379485371,1.76555561747883,2.5262189738546,1.88032994423834,164.755085852105,73.5651231435671,91.1553491822153
C[T>A]G,993.503105563878,283.271663314557,0.0558888988255687,0.068285757838677,0.0730326269196678,0.192033167548762,0.115102575922003,0.173702421353997,0.000565126287560173,0.00046090829315718,2.22044604925031e-16,0.246722859187866,0.114489781939615,0.342696467429242,0.000298867531365298,0.000572057204515324,0.000532823277472905,0.382001581415554,0.169303064500771,0.210887562423728,60.2031287762525,73.7008874062797,79.8166072618769,199.205619970603,120.345443462286,184.378273291045,4.98903175209299,4.24271796565528,4.77818692047783,251.779408516699,118.347283182531,352.338533154151,3.49029361324164,5.02087363596941,3.75705453431442,391.506162719366,174.577082489358,216.525211347801
C[T>A]T,347.151312162934,130.996574827828,0.0165118323935941,0.0206825308935518,0.0256236911407504,0.0297243696779125,0.0211481683528713,0.0416715815968351,0.0156301445000152,0.0133610404257791,0.0168678605709026,0.0235091700385135,0.0162435212062938,0.0418980435902235,0.0112731635607758,0.0157182436627238,0.011394337561552,0.0423141697706283,0.0225012345102906,0.0247386663142834,21.5648980503296,26.4148311415631,28.7099880397532,70.5583567100799,42.7283478827654,65.7598579557625,2.24367972583029,1.9102554506695,2.20963195946169,88.7297850597486,41.8731236707532,124.45602854397,1.58049806961187,2.25762649130578,1.67758949292106,138.155361543361,61.7213656448941,76.4505745672195
G[T>A]A,657.556855923803,88.8622888873905,0.0558888988255687,0.068285757838677,0.0730326269196678,0.192033167548762,0.115102575922003,0.173702421353997,0.000565126287560173,0.00046090829315718,2.22044604925031e-16,0.246722859187866,0.114489781939615,0.342696467429242,0.000298867531365298,0.000572057204515324,0.000532823277472905,0.382001581415554,0.169303064500771,0.210887562423728,38.2174078130042,46.7396652639598,50.3000843816635,128.914101411767,77.565762577615,117.922250174138,1.76053308075997,1.49036604226933,1.49891669896392,164.323386231569,76.7269775215971,229.065567712297,1.19828151127474,1.77291924596901,1.36288851517318,254.94789281172,113.325901992768,140.86889701349
G[T>A]C,516.222323658926,72.7609789477811,0.0165118323935941,0.0206825308935518,0.0256236911407504,0.0297243696779125,0.0211481683528713,0.0416715815968351,0.0156301445000152,0.0133610404257791,0.0168678605709026,0.0235091700385135,0.0162435212062938,0.0418980435902235,0.0112731635607758,0.0157182436627238,0.011394337561552,0.0423141697706283,0.0225012345102906,0.0247386663142834,30.0525143076533,36.7555137792251,39.5654772230429,101.294582207976,60.9572806338916,92.7011326478301,1.42899542024144,1.21009353122783,1.22732204789367,129.074397895986,60.2840757726007,179.95610939365,0.974528508028102,1.43898349562027,1.10411842583663,200.276564415595,89.0352332096671,110.664877084033
G[T>A]G,999.590267298151,81.0706439302437,0.0558888988255687,0.068285757838677,0.0730326269196678,0.192033167548762,0.115102575922003,0.173702421353997,0.000565126287560173,0.00046090829315718,2.22044604925031e-16,0.246722859187866,0.114489781939615,0.342696467429242,0.000298867531365298,0.000572057204515324,0.000532823277472905,0.382001581415554,0.169303064500771,0.210887562423728,57.2046242006665,69.9345250282674,75.0800322047672,194.364259070387,116.769910258893,177.009591745225,1.83204061617847,1.54390759485285,1.36748831820886,248.527672317451,115.759744455816,345.952754853005,1.21266770456723,1.84611094916079,1.4563512456254,385.275499866169,171.057885069696,212.806734501064
G[T>A]T,591.605006748862,170.580231750942,0.0165118323935941,0.0206825308935518,0.0256236911407504,0.0297243696779125,0.0211481683528713,0.0416715815968351,0.0156301445000152,0.0133610404257791,0.0168678605709026,0.0235091700385135,0.0162435212062938,0.0418980435902235,0.0112731635607758,0.0157182436627238,0.011394337561552,0.0423141697706283,0.0225012345102906,0.0247386663142834,35.880744563219,43.9262271400198,47.577362914801,118.678173252,71.7027196638886,109.871570203641,3.00052521227929,2.55180502614696,2.87732356532727,149.972678448378,70.5035518288826,209.887923911819,2.09979038067379,3.01965355304321,2.25886966056331,233.212009037247,103.998806414029,128.98206522404
T[T>A]A,457.957516184092,272.535852340058,0.0558888988255687,0.068285757838677,0.0730326269196678,0.192033167548762,0.115102575922003,0.173702421353997,0.000565126287560173,0.00046090829315718,2.22044604925031e-16,0.246722859187866,0.114489781939615,0.342696467429242,0.000298867531365298,0.000572057204515324,0.000532823277472905,0.382001581415554,0.169303064500771,0.210887562423728,30.0948076035058,36.9087072361726,40.4292149296733,96.0439888610354,58.4757238631121,90.9053294472907,4.51857858449131,3.85243895771259,4.5970967578443,119.395679473766,56.8583980624854,168.359142050201,3.20920987193704,4.54576283040419,3.34937592390448,186.472623727962,83.6660040270935,103.319717791408
T[T>A]C,442.228025235075,184.331359954285,0.0165118323935941,0.0206825308935518,0.0256236911407504,0.0297243696779125,0.0211481683528713,0.0416715815968351,0.0156301445000152,0.0133610404257791,0.0168678605709026,0.0235091700385135,0.0162435212062938,0.0418980435902235,0.0112731635607758,0.0157182436627238,0.011394337561552,0.0423141697706283,0.0225012345102906,0.0247386663142834,27.7592858806426,34.0103148875836,37.0203242154378,90.4015819512389,54.7998554824846,84.4974580811196,3.13104047412595,2.66668531638541,3.10927567855383,113.441240083597,53.6247805311527,159.27310540068,2.21016516834745,3.150344958317,2.3359631242952,176.731633445233,79.0182430383545,97.8205022824511
T[T>A]G,885.858159013358,137.38518525996,0.0558888988255687,0.068285757838677,0.0730326269196678,0.192033167548762,0.115102575922003,0.173702421353997,0.000565126287560173,0.00046090829315718,2.22044604925031e-16,0.246722859187866,0.114489781939615,0.342696467429242,0.000298867531365298,0.000572057204515324,0.000532823277472905,0.382001581415554,0.169303064500771,0.210887562423728,51.7781181752775,63.3329690642579,68.2168639853824,174.197836309186,104.870001031029,159.600765154571,2.64797203048263,2.24390838621168,2.31739414947282,221.791269507724,103.653326625069,309.336632217923,1.81351990538714,2.66621535960676,2.03741902446995,344.212557706033,153.069837305747,190.215194062171
T[T>A]T,479.120078340833,188.733337045499,0.0165118323935941,0.0206825308935518,0.0256236911407504,0.0297243696779125,0.0211481683528713,0.0416715815968351,0.0156301445000152,0.0133610404257791,0.0168678605709026,0.0235091700385135,0.0162435212062938,0.0418980435902235,0.0112731635607758,0.0157182436627238,0.011394337561552,0.0423141697706283,0.0225012345102906,0.0247386663142834,29.8938268120683,36.6205607193167,39.8274426676051,97.6169257608876,59.139319578619,91.0891343818538,3.22069268115951,2.74250416348251,3.18352761436475,122.646839735103,57.9200472547663,172.100315904286,2.27081521292621,3.24064067160294,2.40577768185922,191.010722079263,85.3632306037227,105.709476477114
A[T>C]A,1191.07472183385,480.192511103475,0.0558888988255687,0.068285757838677,0.0730326269196678,0.192033167548762,0.115102575922003,0.173702421353997,0.000565126287560173,0.00046090829315718,2.22044604925031e-16,0.246722859187866,0.114489781939615,0.342696467429242,0.000298867531365298,0.000572057204515324,0.000532823277472905,0.382001581415554,0.169303064500771,0.210887562423728,74.4967128822639,91.2650364686655,99.2916203857553,242.999271337619,147.250960665263,226.902944604715,8.17858597212919,6.96484777007301,8.09982032448528,305.154288271991,144.165902413757,428.296226378639,5.76926228011521,8.22914577028074,6.10610790304495,475.311374762037,212.457524758298,263.062167050867
A[T>C]C,941.249834105361,215.517146563804,0.0165118323935941,0.0206825308935518,0.0256236911407504,0.0297243696779125,0.0211481683528713,0.0416715815968351,0.0156301445000152,0.0133610404257791,0.0168678605709026,0.0235091700385135,0.0162435212062938,0.0418980435902235,0.0112731635607758,0.0157182436627238,0.011394337561552,0.0423141697706283,0.0225012345102906,0.0247386663142834,56.163999749905,68.7313982793096,74.2642927715028,187.15729843439,112.898073390147,172.4783156417,3.9004891674378,3.31336316215952,3.63531317887723,237.294479525363,111.264245597951,331.592739917438,2.71086905768252,3.92599977203364,2.95719493977931,368.678354263558,164.2058832307,203.829489920066
A[T>C]G,660.842522164095,383.272222596974,0.0558888988255687,0.068285757838677,0.0730326269196678,0.192033167548762,0.115102575922003,0.173702421353997,0.000565126287560173,0.00046090829315718,2.22044604925031e-16,0.246722859187866,0.114489781939615,0.342696467429242,0.000298867531365298,0.000572057204515324,0.000532823277472905,0.382001581415554,0.169303064500771,0.210887562423728,43.2622875615043,53.0531720225001,58.0839144285164,138.296208013832,84.1701820683405,130.761505931336,6.36405970324518,5.42550345913271,6.46498241146584,172.055368393317,81.8854067345297,242.526754161956,4.51819482685815,6.40240590978698,4.71924536078916,268.660734428662,120.506762316734,148.845112267495
A[T>C]T,864.56231027665,467.738839788021,0.0165118323935941,0.0206825308935518,0.0256236911407504,0.0297243696779125,0.0211481683528713,0.0416715815968351,0.0156301445000152,0.0133610404257791,0.0168678605709026,0.0235091700385135,0.0162435212062938,0.0418980435902235,0.0112731635607758,0.0157182436627238,0.011394337561552,0.0423141697706283,0.0225012345102906,0.0247386663142834,56.0426608140056,68.7113155600283,75.1264522205019,179.927881172278,109.405168686934,169.667983934695,7.79941254292732,6.6479614858724,7.88975353314028,224.303437055716,106.581276139887,315.879791902552,5.53128604804173,7.846612152654,5.79023315493456,350.056150433072,156.897749905344,193.896673257416
C[T>C]A,351.844652028579,276.867241452106,0.0558888988255687,0.068285757838677,0.0730326269196678,0.192033167548762,0.115102575922003,0.173702421353997,0.000565126287560173,0.00046090829315718,2.22044604925031e-16,0.246722859187866,0.114489781939615,0.342696467429242,0.000298867531365298,0.000572057204515324,0.000532823277472905,0.382001581415554,0.169303064500771,0.210887562423728,24.2357956456766,29.7522939800028,32.7904998872439,75.7955472507662,46.3534608064943,72.6537638414807,4.52631165321582,3.8614025236385,4.67015802546462,93.3170375958425,44.779916395227,132.17611508513,3.22632464008626,4.55314203143351,3.3421898294962,146.120620946252,65.7982325447767,81.0489873177716
C[T>C]C,1126.22232084958,424.718547966769,0.0165118323935941,0.0206825308935518,0.0256236911407504,0.0297243696779125,0.0211481683528713,0.0416715815968351,0.0156301445000152,0.0133610404257791,0.0168678605709026,0.0235091700385135,0.0162435212062938,0.0418980435902235,0.0112731635607758,0.0157182436627238,0.011394337561552,0.0423141697706283,0.0225012345102906,0.0247386663142834,69.9562068235376,85.6891991634347,93.1338314820587,228.896530765694,138.613109545632,213.326237741777,7.27487011570637,6.19376689658051,7.16409324897992,287.849571643865,135.839872670201,403.747287131404,5.1245129433254,7.32009321754789,5.43946397234381,448.190320333437,200.229581877675,248.0132504268
C[T>C]G,529.233606719186,357.734033617124,0.0558888988255687,0.068285757838677,0.0730326269196678,0.192033167548762,0.115102575922003,0.173702421353997,0.000565126287560173,0.00046090829315718,2.22044604925031e-16,0.246722859187866,0.114489781939615,0.342696467429242,0.000298867531365298,0.000572057204515324,0.000532823277472905,0.382001581415554,0.169303064500771,0.210887562423728,35.4851279055897,43.537963110477,47.8177869408126,112.263824533147,68.4815709663572,106.836501920872,5.89051846142624,5.02362704318977,6.03420780052035,138.984058852932,66.4027005896683,196.354843601699,4.19096501377762,5.92570260443831,4.35813032117003,217.305293336193,97.6503288370849,120.458648160644
C[T>C]T,442.060263449407,470.009916781346,0.0165118323935941,0.0206825308935518,0.0256236911407504,0.0297243696779125,0.0211481683528713,0.0416715815968351,0.0156301445000152,0.0133610404257791,0.0168678605709026,0.0235091700385135,0.0162435212062938,0.0418980435902235,0.0112731635607758,0.0157182436627238,0.011394337561552,0.0423141697706283,0.0225012345102906,0.0247386663142834,32.4669863079489,39.9074147241139,44.3282112372056,98.8609811563235,60.8221238833969,96.3729947440233,7.59614279129358,6.48357074013171,7.92806174320937,120.115915184979,58.2459992168975,171.184986656094,5.43061612671455,7.64061415440189,5.59099164749527,188.755799131215,85.4179606556618,104.852429898894
G[T>C]A,1072.59985211189,366.552575310455,0.0558888988255687,0.068285757838677,0.0730326269196678,0.192033167548762,0.115102575922003,0.173702421353997,0.000565126287560173,0.00046090829315718,2.22044604925031e-16,0.246722859187866,0.114489781939615,0.342696467429242,0.000298867531365298,0.000572057204515324,0.000532823277472905,0.382001581415554,0.169303064500771,0.210887562423728,65.9988793019679,80.8245287220828,87.7272148099803,216.870291368299,131.210921484482,201.588017007354,6.3354240914167,5.39189394397397,6.18295773224227,273.252249098556,128.755827707031,382.934016062339,4.45277240504181,6.37515116689132,4.74812994576276,425.245207634379,189.842327403028,235.265990115174
G[T>C]C,1241.72901039991,191.171317884875,0.0165118323935941,0.0206825308935518,0.0256236911407504,0.0297243696779125,0.0211481683528713,0.0416715815968351,0.0156301445000152,0.0133610404257791,0.0168678605709026,0.0235091700385135,0.0162435212062938,0.0418980435902235,0.0112731635607758,0.0157182436627238,0.011394337561552,0.0423141697706283,0.0225012345102906,0.0247386663142834,72.5554557903917,88.7463131935433,95.5852463563172,244.135602028908,146.969130908979,223.657746944181,3.68976902860201,3.12657090525646,3.22465113523805,310.857210801027,145.270578984878,433.545849578399,2.52621801860816,3.71521738229344,2.8398926491215,482.431701262592,214.530117395583,266.594527636081
G[T>C]G,809.513420656216,205.250390117033,0.0558888988255687,0.068285757838677,0.0730326269196678,0.192033167548762,0.115102575922003,0.173702421353997,0.000565126287560173,0.00046090829315718,2.22044604925031e-16,0.246722859187866,0.114489781939615,0.342696467429242,0.000298867531365298,0.000572057204515324,0.000532823277472905,0.382001581415554,0.169303064500771,0.210887562423728,48.6318737053275,59.5233349445985,64.3801642401269,161.554364814221,97.5177497656498,149.167549666085,3.6655705703593,3.1154702087631,3.46213496261766,204.550732016984,96.015004072588,286.016979387481,2.55575849634096,3.68926362816687,2.77001982358606,317.920406720689,141.671490032951,175.793932943465
G[T>C]T,958.16033916954,282.945366626178,0.0165118323935941,0.0206825308935518,0.0256236911407504,0.0297243696779125,0.0211481683528713,0.0416715815968351,0.0156301445000152,0.0133610404257791,0.0168678605709026,0.0235091700385135,0.0162435212062938,0.0418980435902235,0.0112731635607758,0.0157182436627238,0.011394337561552,0.0423141697706283,0.0225012345102906,0.0247386663142834,58.2224727247945,71.2807311775891,77.227071263927,192.408937626572,116.270499432789,178.225551891925,4.96395856133922,4.2220685282768,4.7726829934335,243.051869175949,114.295597357723,340.213020768761,3.47605241196032,4.99552674097176,3.73450515107663,377.991363091661,168.586101752557,209.063789348694
T[T>C]A,358.126237406431,487.465141783051,0.0558888988255687,0.068285757838677,0.0730326269196678,0.192033167548762,0.115102575922003,0.173702421353997,0.000565126287560173,0.00046090829315718,2.22044604925031e-16,0.246722859187866,0.114489781939615,0.342696467429242,0.000298867531365298,0.000572057204515324,0.000532823277472905,0.382001581415554,0.169303064500771,0.210887562423728,28.0642237680309,34.5369343776697,38.6455561215793,83.2617098309323,51.5302473153192,82.5208380193186,7.82153715581287,6.67810481833929,8.22249404477185,99.8178301491329,48.9199451953991,143.152432212051,5.6023065779879,7.8669645698645,5.74516037052983,157.43147180233,71.6004369418917,87.5836067290393
T[T>C]C,731.451722269077,252.876608465428,0.0165118323935941,0.0206825308935518,0.0256236911407504,0.0297243696779125,0.0211481683528713,0.0416715815968351,0.0156301445000152,0.0133610404257791,0.0168678605709026,0.0235091700385135,0.0162435212062938,0.0418980435902235,0.0112731635607758,0.0157182436627238,0.011394337561552,0.0423141697706283,0.0225012345102906,0.0247386663142834,45.0554874769261,55.1778634443922,59.8994728542646,147.979588929251,89.5398544840861,137.592703485288,4.36586052732382,3.71582675327841,4.26548737323772,186.410779463292,87.8513547341263,261.26095648108,3.06932653847248,4.39320837594195,3.27109594224812,290.115978377545,129.527053983769,160.509900775477
T[T>C]G,194.499748191428,230.015809949647,0.0558888988255687,0.068285757838677,0.0730326269196678,0.192033167548762,0.115102575922003,0.173702421353997,0.000565126287560173,0.00046090829315718,2.22044604925031e-16,0.246722859187866,0.114489781939615,0.342696467429242,0.000298867531365298,0.000572057204515324,0.000532823277472905,0.382001581415554,0.169303064500771,0.210887562423728,14.6683592500347,18.0388717999724,20.0986816172732,44.1874776993442,27.2518351056514,43.3701998064725,3.70509726742783,3.16289708226397,3.87987461133392,53.3950147727616,26.0045004444465,76.2915890527903,2.65113550671984,3.72670952929664,2.72451177635909,84.0321394261904,38.1050430941884,46.7078621574731
T[T>C]T,355.643569550574,403.069401553855,0.0165118323935941,0.0206825308935518,0.0256236911407504,0.0297243696779125,0.0211481683528713,0.0416715815968351,0.0156301445000152,0.0133610404257791,0.0168678605709026,0.0235091700385135,0.0162435212062938,0.0418980435902235,0.0112731635607758,0.0157182436627238,0.011394337561552,0.0423141697706283,0.0225012345102906,0.0247386663142834,26.5319418780197,32.6218860170962,36.3017099850691,80.2763450767869,49.4596705273191,78.5726886259523,6.50101651997617,5.54934563916953,6.79891846580766,97.2212254297477,47.2648210978197,138.765614305097,4.65015760573815,6.5389915328127,4.78220399437748,152.911953075287,69.2811053231909,84.9722049007329
A[T>G]A,579.930566963223,124.476583462087,0.0558888988255687,0.068285757838677,0.0730326269196678,0.192033167548762,0.115102575922003,0.173702421353997,0.000565126287560173,0.00046090829315718,2.22044604925031e-16,0.246722859187866,0.114489781939615,0.342696467429242,0.000298867531365298,0.000572057204515324,0.000532823277472905,0.382001581415554,0.169303064500771,0.210887562423728,34.4670172659155,42.1754890418757,45.5434022652249,115.065891715368,69.383953856421,105.922479803344,2.27332099473121,1.9304314714685,2.09965365418093,146.00846877803,68.4180621748901,203.955481972391,1.57656730176624,2.28830672811042,1.72732871587178,226.801516976253,100.984898980063,125.379528304095
A[T>G]C,597.628537746498,143.97444491758,0.0165118323935941,0.0206825308935518,0.0256236911407504,0.0297243696779125,0.0211481683528713,0.0416715815968351,0.0156301445000152,0.0133610404257791,0.0168678605709026,0.0235091700385135,0.0162435212062938,0.0418980435902235,0.0112731635607758,0.0157182436627238,0.011394337561552,0.0423141697706283,0.0225012345102906,0.0247386663142834,35.7780827848264,43.7872735109298,47.3355387425156,119.044050745897,71.8333799387499,109.809166906057,2.58807697524794,2.19910032809765,2.42854086264296,150.833341271847,70.7610129166706,210.837436289663,1.80165923187753,2.60490311706176,1.95892382182141,234.387205623102,104.419945622176,129.594161310816
A[T>G]G,659.578296644287,109.944505595399,0.0558888988255687,0.068285757838677,0.0730326269196678,0.192033167548762,0.115102575922003,0.173702421353997,0.000565126287560173,0.00046090829315718,2.22044604925031e-16,0.246722859187866,0.114489781939615,0.342696467429242,0.000298867531365298,0.000572057204515324,0.000532823277472905,0.382001581415554,0.169303064500771,0.210887562423728,38.6784899376813,47.313734473852,50.9879197171313,129.928940679392,78.2442858798091,119.1519086357,2.09119354357667,1.77297809076227,1.85452859092016,165.317747283183,77.3008612630615,230.641611940936,1.43654893144577,2.10545104486349,1.60418347955993,256.612162860607,114.142514003596,141.816739643922
A[T>G]T,573.604540631138,354.701973107998,0.0165118323935941,0.0206825308935518,0.0256236911407504,0.0297243696779125,0.0211481683528713,0.0416715815968351,0.0156301445000152,0.0133610404257791,0.0168678605709026,0.0235091700385135,0.0162435212062938,0.0418980435902235,0.0112731635607758,0.0157182436627238,0.011394337561552,0.0423141697706283,0.0225012345102906,0.0247386663142834,37.9149056668569,46.5051552735134,50.9806202212755,120.694389431897,73.5246572295847,114.417489822204,5.86820209869305,5.00356649156909,5.98306342660989,149.860101306449,71.4334677985261,211.433568506482,4.17004513121472,5.90342665097116,4.3472238666535,234.126761136306,105.094238818574,129.74091712262
C[T>G]A,95.3005524392635,32.6959209070622,0.0558888988255687,0.068285757838677,0.0730326269196678,0.192033167548762,0.115102575922003,0.173702421353997,0.000565126287560173,0.00046090829315718,2.22044604925031e-16,0.246722859187866,0.114489781939615,0.342696467429242,0.000298867531365298,0.000572057204515324,0.000532823277472905,0.382001581415554,0.169303064500771,0.210887562423728,5.86611249927043,7.18390484001313,7.79783987041994,19.27273259406,11.6607979123439,17.9164274510359,0.564898815740885,0.480776335959051,0.551510235097605,24.2814787441682,11.4420363521093,34.0290577843775,0.397068705000773,0.568439819211519,0.423326712396539,37.7884624896431,16.8703741604434,20.906554678709
C[T>G]C,280.156081906866,103.758772177894,0.0165118323935941,0.0206825308935518,0.0256236911407504,0.0297243696779125,0.0211481683528713,0.0416715815968351,0.0156301445000152,0.0133610404257791,0.0168678605709026,0.0235091700385135,0.0162435212062938,0.0418980435902235,0.0112731635607758,0.0157182436627238,0.011394337561552,0.0423141697706283,0.0225012345102906,0.0247386663142834,17.3708623726271,21.2766643771711,23.1192173406099,56.883423918168,34.4409946698012,52.9875819254699,1.78008816879007,1.51545141112734,1.75018850210482,71.5601921650495,33.7604165427847,100.355789157878,1.25341916622315,1.79117096828079,1.33153615693268,111.410532632736,49.765983670636,61.6482868536101
C[T>G]G,229.469243971079,139.792738800912,0.0558888988255687,0.068285757838677,0.0730326269196678,0.192033167548762,0.115102575922003,0.173702421353997,0.000565126287560173,0.00046090829315718,2.22044604925031e-16,0.246722859187866,0.114489781939615,0.342696467429242,0.000298867531365298,0.000572057204515324,0.000532823277472905,0.382001581415554,0.169303064500771,0.210887562423728,15.1330176328015,18.5607488641775,20.3407476472322,48.2209568211921,29.3688614506163,45.6847478256347,2.31465980946575,1.97354071192014,2.35800442691844,59.9017192348427,28.5426100212956,84.4953415564251,1.64448731558139,2.32856586498057,1.71511220920336,93.5728277655066,41.9953554115738,51.8504954306322
C[T>G]T,107.318636373277,520.029239010061,0.0165118323935941,0.0206825308935518,0.0256236911407504,0.0297243696779125,0.0211481683528713,0.0416715815968351,0.0156301445000152,0.0133610404257791,0.0168678605709026,0.0235091700385135,0.0162435212062938,0.0418980435902235,0.0112731635607758,0.0157182436627238,0.011394337561552,0.0423141697706283,0.0225012345102906,0.0247386663142834,14.5845560446665,18.0838552163384,21.1628305363303,36.0662790234327,23.3503173860012,40.3119478605951,8.18878073251984,6.99759573451533,8.77178069641431,38.703416615044,20.733993248186,58.5659252986796,5.89444872366856,8.23533868961704,5.98257055872398,63.0004943151148,29.8706738752129,35.4969954449394
G[T>G]A,255.082896523092,35.1665595205004,0.0558888988255687,0.068285757838677,0.0730326269196678,0.192033167548762,0.115102575922003,0.173702421353997,0.000565126287560173,0.00046090829315718,2.22044604925031e-16,0.246722859187866,0.114489781939615,0.342696467429242,0.000298867531365298,0.000572057204515324,0.000532823277472905,0.382001581415554,0.169303064500771,0.210887562423728,14.8369665325739,18.1458623544668,19.5304710749953,50.0296804223301,30.1044067845844,45.7739629265905,0.693812457205997,0.587431645839021,0.593184622750205,63.7615181875367,29.7756139547778,88.8894175837906,0.472674372921724,0.698678560027575,0.536613755007708,98.9301136336805,43.9776070857833,54.6637840451379
G[T>G]C,596.764513555852,0.00265470081865571,0.0165118323935941,0.0206825308935518,0.0256236911407504,0.0297243696779125,0.0211481683528713,0.0416715815968351,0.0156301445000152,0.0133610404257791,0.0168678605709026,0.0235091700385135,0.0162435212062938,0.0418980435902235,0.0112731635607758,0.0157182436627238,0.011394337561552,0.0423141697706283,0.0225012345102906,0.0247386663142834,33.3525553547877,40.7505719653225,43.5833481006554,114.598658728135,68.6891888711793,103.659551608373,0.337288807450871,0.275089182924759,4.47791233990538e-05,147.235509456169,68.3234821479989,204.509201909491,0.178383463849384,0.341425166613027,0.318000272549606,227.96510024248,101.034120664363,125.850279278533
G[T>G]G,479.79830464274,138.939572165249,0.0558888988255687,0.068285757838677,0.0730326269196678,0.192033167548762,0.115102575922003,0.173702421353997,0.000565126287560173,0.00046090829315718,2.22044604925031e-16,0.246722859187866,0.114489781939615,0.342696467429242,0.000298867531365298,0.000572057204515324,0.000532823277472905,0.382001581415554,0.169303064500771,0.210887562423728,29.1095458332877,35.6370128358865,38.6010752640527,96.267079431002,58.1643382504157,89.1319589965,2.44279222439354,2.07752025809293,2.34361333106438,121.643563582059,57.1888711604038,170.246480330593,1.70968465694489,2.45835812657309,1.83877209111415,189.162823778487,84.3576352143398,104.62067463479
G[T>G]T,265.885571706593,197.798781168706,0.0165118323935941,0.0206825308935518,0.0256236911407504,0.0297243696779125,0.0211481683528713,0.0416715815968351,0.0156301445000152,0.0133610404257791,0.0168678605709026,0.0235091700385135,0.0162435212062938,0.0418980435902235,0.0112731635607758,0.0157182436627238,0.011394337561552,0.0423141697706283,0.0225012345102906,0.0247386663142834,18.1260721386032,22.2471771645833,24.486656638454,56.9382926336297,34.7871961280718,54.4275556577533,3.24188245764812,2.76534637639533,3.33644226184827,70.2501336481569,33.6541298220707,99.4054281197536,2.30928257667853,3.26115119547093,2.39545610364926,109.938400074293,49.4659588573923,60.9652381455474
T[T>G]A,110.228558831763,171.338228071731,0.0558888988255687,0.068285757838677,0.0730326269196678,0.192033167548762,0.115102575922003,0.173702421353997,0.000565126287560173,0.00046090829315718,2.22044604925031e-16,0.246722859187866,0.114489781939615,0.342696467429242,0.000298867531365298,0.000572057204515324,0.000532823277472905,0.382001581415554,0.169303064500771,0.210887562423728,8.98966087677248,11.0707488706321,12.4405990497663,26.2604601379611,16.3110807542496,26.286902523187,2.74033431937342,2.34006224865608,2.89010934157949,31.2239247369664,15.4031798052985,44.9536742698826,1.96446760653013,2.75619305879386,2.01101794983535,49.3575186617167,22.5173544561406,27.4845113326581
T[T>G]C,223.822890474351,132.783032130619,0.0165118323935941,0.0206825308935518,0.0256236911407504,0.0297243696779125,0.0211481683528713,0.0416715815968351,0.0156301445000152,0.0133610404257791,0.0168678605709026,0.0235091700385135,0.0162435212062938,0.0418980435902235,0.0112731635607758,0.0157182436627238,0.011394337561552,0.0423141697706283,0.0225012345102906,0.0247386663142834,14.7017060518214,18.0302048618653,19.7487650601423,46.928310561714,28.5707091618092,44.4118569879515,2.20190617851649,1.87728128657277,2.23976567216101,58.3438423701126,27.7822979217525,82.2666631636131,1.56377823404333,2.21515555033565,1.63223273661868,91.1193018824363,40.8816834076865,50.4863389108472
T[T>G]G,167.692791077268,394.429759189785,0.0558888988255687,0.068285757838677,0.0730326269196678,0.192033167548762,0.115102575922003,0.173702421353997,0.000565126287560173,0.00046090829315718,2.22044604925031e-16,0.246722859187866,0.114489781939615,0.342696467429242,0.000298867531365298,0.000572057204515324,0.000532823277472905,0.382001581415554,0.169303064500771,0.210887562423728,15.8849235090821,19.6088350025731,22.3537913740635,43.9267538197876,27.6433391672718,45.5651557480284,6.25976173571464,5.34728295577522,6.65318618302802,50.6463611568195,25.6060392410744,73.9935623593445,4.49658911908088,6.29567293205553,4.58361644308045,80.7488791764489,37.2660599334357,45.1219901433357
T[T>G]T,129.760877392776,480.658438451159,0.0165118323935941,0.0206825308935518,0.0256236911407504,0.0297243696779125,0.0211481683528713,0.0416715815968351,0.0156301445000152,0.0133610404257791,0.0168678605709026,0.0235091700385135,0.0162435212062938,0.0418980435902235,0.0112731635607758,0.0157182436627238,0.011394337561552,0.0423141697706283,0.0225012345102906,0.0247386663142834,15.1887441223941,18.8020528530898,21.7930211184633,39.2056614229717,25.100856818401,42.5695759382691,7.5860921310548,6.48190469165547,8.10767952202194,43.3148556410665,22.6638800949575,64.6072424992587,5.45732250662117,7.62933709889639,5.54592411550115,69.9075231362176,32.7843224378453,39.2558038513145
